-- phpMyAdmin SQL Dump
-- version 5.2.1
-- https://www.phpmyadmin.net/
--
-- Host: 127.0.0.1
-- Generation Time: Jun 20, 2026 at 07:54 AM
-- Server version: 10.4.32-MariaDB
-- PHP Version: 8.2.12

SET SQL_MODE = "NO_AUTO_VALUE_ON_ZERO";
START TRANSACTION;
SET time_zone = "+00:00";


/*!40101 SET @OLD_CHARACTER_SET_CLIENT=@@CHARACTER_SET_CLIENT */;
/*!40101 SET @OLD_CHARACTER_SET_RESULTS=@@CHARACTER_SET_RESULTS */;
/*!40101 SET @OLD_COLLATION_CONNECTION=@@COLLATION_CONNECTION */;
/*!40101 SET NAMES utf8mb4 */;

--
-- Database: `music_app_v2`
--

-- --------------------------------------------------------

--
-- Table structure for table `albums`
--

CREATE TABLE `albums` (
  `id` int(11) NOT NULL,
  `artist_id` int(11) DEFAULT NULL,
  `title` varchar(255) DEFAULT NULL,
  `slug` varchar(255) DEFAULT NULL,
  `release_year` int(11) DEFAULT NULL,
  `cover_image` text DEFAULT NULL,
  `musicbrainz_id` varchar(64) DEFAULT NULL,
  `created_at` timestamp NOT NULL DEFAULT current_timestamp()
) ENGINE=InnoDB DEFAULT CHARSET=utf8mb4 COLLATE=utf8mb4_unicode_ci;

--
-- Dumping data for table `albums`
--

INSERT INTO `albums` (`id`, `artist_id`, `title`, `slug`, `release_year`, `cover_image`, `musicbrainz_id`, `created_at`) VALUES
(2, 2, 'Single', 'single', NULL, 'storage/thumbnails/a3ab6aae5099116add421a72a8a657ff9f22359ca17cfa421df216cc735ad1f2.jpg', NULL, '2026-05-12 15:46:29'),
(3, 20, 'Ganeshgalli Wala Majha Mumbaicha Raja Aala', 'ganeshgalli-wala-majha-mumbaicha-raja-aala', NULL, 'storage/thumbnails/6a79d7f28909256f180702aab6af0f1319a230297460a4b42ad25038b2e3d004.jpg', NULL, '2026-05-12 16:01:30'),
(4, 54, 'Raabta (Title Track) (From \"Raabta\")', 'raabta-title-track-from-raabta', NULL, 'storage/thumbnails/bed607f271a2208223e513ccf3b147dd5a62ee6414ef0da4f1228fda3640b92b.jpg', NULL, '2026-05-13 14:01:19'),
(5, 65, 'Murder 3 (Original Motion Picture Soundtrack)', 'murder-3-original-motion-picture-soundtrack', NULL, 'storage/thumbnails/65d57b222fc1ee9b1b479a90374310b2e91424eca8cb05e2f0ee11ee42425b54.jpg', NULL, '2026-05-13 14:06:35'),
(6, 67, 'Ishq (From \"Lost;Found\")', 'ishq-from-lost-found', NULL, 'storage/thumbnails/dedf4fe39c45af32783bb3234306d9ccb3197199ab9c11824156eff024b99b51.jpg', NULL, '2026-05-13 14:07:01'),
(7, 54, 'Chal Wahan Jaate Hain', 'chal-wahan-jaate-hain', NULL, 'storage/thumbnails/f12c888860beb1c77ebe906a18e82e16841d45e8f84281c8b92fc17c28fe2a27.jpg', NULL, '2026-05-13 14:07:41'),
(8, 72, 'Emraan Hashmi Mashup', 'emraan-hashmi-mashup', NULL, 'storage/thumbnails/b47f010744762007bdd5e207639be9f8587ccef78eecd7e8422cdd1b50f62601.jpg', NULL, '2026-05-13 14:08:09'),
(9, 75, 'Bachna Ae Haseeno', 'bachna-ae-haseeno', NULL, 'storage/thumbnails/5f7036e51a4c2dd0b73f538327f6539b62dfb8003c9d09a234d7fc5bba6de100.jpg', NULL, '2026-05-13 14:08:57'),
(10, 75, 'Ta Ra Rum Pum', 'ta-ra-rum-pum', NULL, 'storage/thumbnails/023213cd39a9103fd5a0e8282d7a3a378c6b0618775aa9c114b00ac1d4cc4cd0.jpg', NULL, '2026-05-13 14:10:07'),
(11, 79, 'Desi Boyz', 'desi-boyz', NULL, 'storage/thumbnails/f911e69877ec719482a4fbebd88176f80110db9074248da7ad8c957ba8ba549c.jpg', NULL, '2026-05-13 14:10:43'),
(12, 80, 'Pehli Dafa', 'pehli-dafa', NULL, 'storage/thumbnails/d4d1526acf179b8ff9f5ccb9a7523880cd2bfa0e969ce61e555c117e03840362.jpg', NULL, '2026-05-13 14:11:35'),
(13, 84, 'KHATTA MEETHA', 'khatta-meetha', NULL, 'storage/thumbnails/af0d93d435803ce2b3599df90e1ddb2383d835afacda25efacb1b40222283af8.jpg', NULL, '2026-05-13 14:16:55'),
(14, 86, 'ONE NIGHT STAND', 'one-night-stand', NULL, 'storage/thumbnails/3f2f05396313c22e7adf8711723122f225fbcd2299158510a5fe29ec682d2fcf.jpg', NULL, '2026-05-13 14:21:44'),
(15, 88, 'SHAAPIT THE CURSED', 'shaapit-the-cursed', NULL, 'storage/thumbnails/804948c7cd62dcaa90dbe4d24644d9e62550ac58c861520833c14c3c5d16dc7c.jpg', NULL, '2026-05-13 14:23:28'),
(16, 91, 'My Own Way', 'my-own-way', NULL, 'storage/thumbnails/95bb9ed4dfe0697bf3521c661d39e16539e3f316991d27d02b0c8c3a68834f1c.jpg', NULL, '2026-05-13 14:23:56'),
(17, 92, 'Har Har Gange', 'har-har-gange', NULL, 'storage/thumbnails/af20bc3510ef54ab3dd51973ba46c9ac8c91d1a1f6d854e912377da25339d0f9.jpg', NULL, '2026-05-13 14:24:23'),
(18, 109, 'Sonali Cable', 'sonali-cable', NULL, 'storage/thumbnails/31ce44b8643eb636fc7e49113ccf48b1143b972e4a102eac88bdd08653513df0.jpg', NULL, '2026-05-13 14:37:00'),
(19, 110, 'Naqaab', 'naqaab', NULL, 'storage/thumbnails/688b12f783c29f6c6521093d5dcf8a6b1c4fc7ec5f1a3ffc5ac3b714b0cbd160.jpg', NULL, '2026-05-13 14:37:35'),
(20, 112, 'Almost Loved (From \"UR Debut\")', 'almost-loved-from-ur-debut', NULL, 'storage/thumbnails/bd6aa0ebe2fbe61c338de3c692728c4475123e909f31f24c4e0ece1df5767e34.jpg', NULL, '2026-05-13 14:38:02'),
(21, 115, 'BESHARAM', 'besharam', NULL, 'storage/thumbnails/b7084474d99ee1fb554ab6d45ec7fa147ed3de27f82bced54deb867a38542b67.jpg', NULL, '2026-05-13 14:38:49'),
(22, 84, 'Bhool Bhulaiyaa', 'bhool-bhulaiyaa', NULL, 'storage/thumbnails/fa365e5476af8465765b8030cbb04852694f72fe1de88eb105d3147d582a7b12.jpg', NULL, '2026-05-13 14:39:41'),
(23, 119, 'JAB WE MET', 'jab-we-met', NULL, 'storage/thumbnails/fdcaae16fece1660188cc5f4825f4f1420683d7094fb4b911d4e1260004b5b3f.jpg', NULL, '2026-05-13 14:40:20'),
(24, 75, 'Befikre', 'befikre', NULL, 'storage/thumbnails/dc515a4b499e6246ce0e30803051f44efdf797710caa59784dfeedd15fb22d46.jpg', NULL, '2026-05-14 15:19:00'),
(25, 142, 'Azhar', 'azhar', NULL, 'storage/thumbnails/87ea6f5499fe5e2e150735d86e1efa54a9ad48498c44f4f0088bf51531897ec0.jpg', NULL, '2026-05-14 15:48:22'),
(26, 54, 'Heartless', 'heartless', NULL, 'storage/thumbnails/c92b3f2d8b923cb1fdca6abc59395d58722e9e8727f6500a4498b1368c478a31.jpg', NULL, '2026-05-14 15:59:18'),
(27, 84, 'The Train', 'the-train', NULL, 'storage/thumbnails/28feeeda95bf41c96c5af902b04bdef34f12fab20ad5e715398b14b9cccdf75f.jpg', NULL, '2026-05-17 14:08:39'),
(28, 111, 'GHAJINI', 'ghajini', NULL, 'storage/thumbnails/4368093e22017f04422898e7cd2d2203f4aa196dcbaf584e97f4ab00b39cbbe0.jpg', NULL, '2026-05-17 14:19:42'),
(29, 67, 'Sajde (From \"Lost;Found\")', 'sajde-from-lost-found', NULL, 'storage/thumbnails/8ce6ef0bc4f4b6d1b452289bb972b841274f3f126cf941b3c1d2180d92f7b6b6.jpg', NULL, '2026-05-17 14:27:17'),
(30, 186, 'NARUTO ORIGINAL SOUNDTRACK', 'naruto-original-soundtrack', NULL, 'storage/thumbnails/066cb956f77345e546b18efe3de85b482add267cc3a30fd0c087abf01447dfd1.jpg', NULL, '2026-05-21 02:34:39'),
(31, 189, 'TVアニメ「進撃の巨人」オリジナルサウンドトラック', 'tv', NULL, 'storage/thumbnails/6b648ead2caf97f292a28c9012ab605354cd641b2d25408a20fd0f33c8170080.jpg', NULL, '2026-05-21 02:42:27'),
(32, 218, 'Ashes on The Fire(進撃の巨人 The Final Season Original Soundtrack)', 'ashes-on-the-fire-the-final-season-original-soundtrack', NULL, 'storage/thumbnails/c338144a4dd6c1f5afa4a4fc5579c4773b7318d718e06f4e0b034a9c127caf1f.jpg', NULL, '2026-06-19 12:51:44'),
(33, 119, 'New York', 'new-york', NULL, 'storage/thumbnails/4902280b45f173f07d8968a6d9abadc6358adcbeeff066e18ebde0c02ae181de.jpg', NULL, '2026-06-19 13:00:08'),
(34, 220, 'JAANE TU... YA JAANE NA', 'jaane-tu-ya-jaane-na', NULL, 'storage/thumbnails/1c6918c38cf21b6ebbe0422a6ff7af8f1e66162b1c2ce0089d5bc24e61434959.jpg', NULL, '2026-06-19 13:05:48'),
(35, 222, 'Kuch Kuch Hota Hai (Original Motion Picture Soundtrack)', 'kuch-kuch-hota-hai-original-motion-picture-soundtrack', NULL, 'storage/thumbnails/2a5283062e43236263f1e54908e0d30ede25fdbc2764d2270ce54c48eae78831.jpg', NULL, '2026-06-19 13:07:32'),
(36, 75, 'Salaam Namaste', 'salaam-namaste', NULL, 'storage/thumbnails/edc7f7b53d71eae66d6c716b2d7a01e275b17aa4aecafa52235fd6ea76f043be.jpg', NULL, '2026-06-19 13:08:43');

-- --------------------------------------------------------

--
-- Table structure for table `artists`
--

CREATE TABLE `artists` (
  `id` int(11) NOT NULL,
  `name` varchar(255) DEFAULT NULL,
  `slug` varchar(255) DEFAULT NULL,
  `region_id` int(11) DEFAULT NULL,
  `musicbrainz_id` varchar(64) DEFAULT NULL,
  `created_at` timestamp NOT NULL DEFAULT current_timestamp()
) ENGINE=InnoDB DEFAULT CHARSET=utf8mb4 COLLATE=utf8mb4_unicode_ci;

--
-- Dumping data for table `artists`
--

INSERT INTO `artists` (`id`, `name`, `slug`, `region_id`, `musicbrainz_id`, `created_at`) VALUES
(2, 'T-Series Bhakti Sagar', 't-series-bhakti-sagar', 2, NULL, '2026-05-12 15:46:29'),
(3, 'Universal Music India', 'universal-music-india', 2, NULL, '2026-05-12 15:48:08'),
(4, 'SK Bhakti', 'sk-bhakti', 2, NULL, '2026-05-12 15:48:51'),
(5, 'NMF BHAKTI', 'nmf-bhakti', 2, NULL, '2026-05-12 15:49:24'),
(6, 'T-Series', 't-series', 2, NULL, '2026-05-12 15:49:53'),
(7, 'Zee Music Company', 'zee-music-company', 2, NULL, '2026-05-12 15:50:29'),
(8, 'Saregama Marathi', 'saregama-marathi', 2, NULL, '2026-05-12 15:51:34'),
(9, 'Divya Dhara Spritual', 'divya-dhara-spritual', 2, NULL, '2026-05-12 15:52:04'),
(10, 'Prashant Nakti Official', 'prashant-nakti-official', 2, NULL, '2026-05-12 15:52:36'),
(11, 'Ace Production', 'ace-production', 2, NULL, '2026-05-12 15:54:55'),
(12, 'Naadkhula Music', 'naadkhula-music', 2, NULL, '2026-05-12 15:55:27'),
(13, 'Video Palace', 'video-palace', 2, NULL, '2026-05-12 15:55:56'),
(14, 'Inddrakshi Music', 'inddrakshi-music', 2, NULL, '2026-05-12 15:57:43'),
(15, 'Lay Bhari Music', 'lay-bhari-music', 2, NULL, '2026-05-12 15:58:12'),
(16, 'Sanju Rathod SR', 'sanju-rathod-sr', 2, NULL, '2026-05-12 15:58:39'),
(17, 'Desh Music', 'desh-music', 2, NULL, '2026-05-12 15:59:40'),
(18, 'Everest Marathi', 'everest-marathi', 2, NULL, '2026-05-12 16:00:36'),
(19, 'The Mauli Films', 'the-mauli-films', 2, NULL, '2026-05-12 16:01:03'),
(20, 'Dinesh Pawar', 'dinesh-pawar', 2, NULL, '2026-05-12 16:01:29'),
(21, 'Panorama Music Marathi', 'panorama-music-marathi', 2, NULL, '2026-05-12 16:01:57'),
(22, 'Sairatna Entertainment', 'sairatna-entertainment', 2, NULL, '2026-05-12 16:03:56'),
(23, 'Paresh Pahuja', 'paresh-pahuja', 2, NULL, '2026-05-12 16:04:23'),
(24, 'Indie India', 'indie-india', 2, NULL, '2026-05-12 16:04:48'),
(25, 'Vibe Bird', 'vibe-bird', 2, NULL, '2026-05-12 16:05:11'),
(26, 'Jagdamba Productions', 'jagdamba-productions', 2, NULL, '2026-05-12 16:05:42'),
(27, 'Rhythm Beats', 'rhythm-beats', 2, NULL, '2026-05-12 16:06:23'),
(28, 'Warner Music India', 'warner-music-india', 2, NULL, '2026-05-12 16:06:45'),
(29, 'RadhikaBhide', 'radhikabhide', 2, NULL, '2026-05-12 16:06:45'),
(30, 'Alan Walker', 'alan-walker', 2, NULL, '2026-05-12 16:07:10'),
(31, 'K-391', 'k-391', 2, NULL, '2026-05-12 16:08:01'),
(32, 'DJ Snake', 'dj-snake', 2, NULL, '2026-05-12 16:08:25'),
(33, 'Shawn Mendes', 'shawn-mendes', 2, NULL, '2026-05-12 16:08:49'),
(34, 'Sheheryar Rehan', 'sheheryar-rehan', 2, NULL, '2026-05-12 16:09:13'),
(35, 'Dua Lipa', 'dua-lipa', 2, NULL, '2026-05-12 16:09:40'),
(36, 'Alok', 'alok', 2, NULL, '2026-05-12 16:21:26'),
(37, 'Ed Sheeran', 'ed-sheeran', 2, NULL, '2026-05-12 16:33:23'),
(38, 'Coldplay', 'coldplay', 2, NULL, '2026-05-12 16:37:46'),
(39, 'Anuv Jain', 'anuv-jain', 2, NULL, '2026-05-12 16:38:59'),
(40, 'APDHILLON', 'apdhillon', 2, NULL, '2026-05-12 16:42:14'),
(41, 'Jasleen Royal', 'jasleen-royal', 2, NULL, '2026-05-12 16:46:37'),
(42, 'Prateek Kuhad', 'prateek-kuhad', 2, NULL, '2026-05-12 16:49:55'),
(43, 'DarshanRavalDZ', 'darshanravaldz', 2, NULL, '2026-05-12 16:54:09'),
(44, 'SonyMusicIndiaVEVO', 'sonymusicindiavevo', 2, NULL, '2026-05-12 16:58:59'),
(45, 'Bollywood Songs', 'bollywood-songs', 2, NULL, '2026-05-12 16:59:52'),
(46, 'Aditya Rikhari', 'aditya-rikhari', 2, NULL, '2026-05-12 17:02:35'),
(47, 'Lady Gaga', 'lady-gaga', 2, NULL, '2026-05-12 17:07:53'),
(48, 'Boss Aarav YT', 'boss-aarav-yt', 2, NULL, '2026-05-13 13:57:26'),
(49, 'Sony Music India', 'sony-music-india', 2, NULL, '2026-05-13 13:58:02'),
(50, 'Bollywood Love Vibes', 'bollywood-love-vibes', 2, NULL, '2026-05-13 13:58:37'),
(51, 'SS Music', 'ss-music', 2, NULL, '2026-05-13 13:59:02'),
(52, 'MusicX - The Way of Entertainment', 'musicx-the-way-of-entertainment', 2, NULL, '2026-05-13 14:00:06'),
(53, 'i am Afzal.🫀', 'i-am-afzal', 2, NULL, '2026-05-13 14:00:48'),
(54, 'Arijit Singh', 'arijit-singh', 2, NULL, '2026-05-13 14:01:19'),
(55, 'Nikita Gandhi', 'nikita-gandhi', 2, NULL, '2026-05-13 14:01:19'),
(56, 'Pritam', 'pritam', 2, NULL, '2026-05-13 14:01:19'),
(57, 'Irshad Kamil', 'irshad-kamil', 2, NULL, '2026-05-13 14:01:19'),
(58, 'Amitabh Bhattacharya', 'amitabh-bhattacharya', 2, NULL, '2026-05-13 14:01:19'),
(59, 'Anand Movie_clips', 'anand-movie-clips', 2, NULL, '2026-05-13 14:01:53'),
(60, 'Anand🎶Music', 'anand-music', 2, NULL, '2026-05-13 14:01:53'),
(61, 'Saregama Music', 'saregama-music', 2, NULL, '2026-05-13 14:02:17'),
(62, 'Shubhadip Dey', 'shubhadip-dey', 2, NULL, '2026-05-13 14:02:42'),
(63, 'shybu', 'shybu', 2, NULL, '2026-05-13 14:03:09'),
(64, 'Raj Barman', 'raj-barman', 2, NULL, '2026-05-13 14:03:56'),
(65, 'Shafqat Amanat Ali', 'shafqat-amanat-ali', 2, NULL, '2026-05-13 14:06:35'),
(66, 'Sayeed Quadri', 'sayeed-quadri', 2, NULL, '2026-05-13 14:06:35'),
(67, 'Faheem Abdullah', 'faheem-abdullah', 2, NULL, '2026-05-13 14:07:01'),
(68, 'Rauhan Malik', 'rauhan-malik', 2, NULL, '2026-05-13 14:07:01'),
(69, 'Amir Ameer', 'amir-ameer', 2, NULL, '2026-05-13 14:07:01'),
(70, 'Amaal Mallik', 'amaal-mallik', 2, NULL, '2026-05-13 14:07:41'),
(71, 'Rashmi Virag', 'rashmi-virag', 2, NULL, '2026-05-13 14:07:41'),
(72, 'DJ Raahul Pai', 'dj-raahul-pai', 2, NULL, '2026-05-13 14:08:09'),
(73, 'DJ Saquib', 'dj-saquib', 2, NULL, '2026-05-13 14:08:09'),
(74, 'KK', 'kk', 2, NULL, '2026-05-13 14:08:09'),
(75, 'Vishal and Sheykhar', 'vishal-and-sheykhar', 2, NULL, '2026-05-13 14:08:57'),
(76, 'Shilpa Rao', 'shilpa-rao', 2, NULL, '2026-05-13 14:08:57'),
(77, 'Shaan', 'shaan', 2, NULL, '2026-05-13 14:10:07'),
(78, 'Sunidhi Chauhan', 'sunidhi-chauhan', 2, NULL, '2026-05-13 14:10:07'),
(79, 'Mika Singh | Shefali Alvaris', 'mika-singh-shefali-alvaris', 2, NULL, '2026-05-13 14:10:42'),
(80, 'Atif Aslam', 'atif-aslam', 2, NULL, '2026-05-13 14:11:35'),
(81, 'Shiraz Uppal', 'shiraz-uppal', 2, NULL, '2026-05-13 14:11:35'),
(82, 'Shakeel Sohail', 'shakeel-sohail', 2, NULL, '2026-05-13 14:11:35'),
(83, 'AB AMBIENTS', 'ab-ambients', 2, NULL, '2026-05-13 14:14:39'),
(84, 'K.K.', 'k-k', 2, NULL, '2026-05-13 14:16:55'),
(85, 'Junglee Music', 'junglee-music', 2, NULL, '2026-05-13 14:21:09'),
(86, 'MEET BROS', 'meet-bros', 2, NULL, '2026-05-13 14:21:44'),
(87, 'Soulful Arijit Singh Songs', 'soulful-arijit-singh-songs', 2, NULL, '2026-05-13 14:22:18'),
(88, 'ADITYA NARAYAN', 'aditya-narayan', 2, NULL, '2026-05-13 14:23:28'),
(89, 'CHIRRANTAN BHATT', 'chirrantan-bhatt', 2, NULL, '2026-05-13 14:23:28'),
(90, 'SAMEER', 'sameer', 2, NULL, '2026-05-13 14:23:28'),
(91, 'Jay Sean', 'jay-sean', 2, NULL, '2026-05-13 14:23:56'),
(92, 'Pawan Singh', 'pawan-singh', 2, NULL, '2026-05-13 14:24:23'),
(93, 'Priyanka Singh', 'priyanka-singh', 2, NULL, '2026-05-13 14:24:23'),
(94, 'Guru Randhawa', 'guru-randhawa', 2, NULL, '2026-05-13 14:25:21'),
(95, 'Mohammad Shehab Pathan', 'mohammad-shehab-pathan', 2, NULL, '2026-05-13 14:25:54'),
(96, 'Evergreen Iconic Songs', 'evergreen-iconic-songs', 2, NULL, '2026-05-13 14:27:20'),
(97, 'vip ff 1134', 'vip-ff-1134', 2, NULL, '2026-05-13 14:27:46'),
(98, 'aru_soni', 'aru-soni', 2, NULL, '2026-05-13 14:28:51'),
(99, 'Naitik_official', 'naitik-official', 2, NULL, '2026-05-13 14:29:53'),
(100, 'Bollywood Love Beats', 'bollywood-love-beats', 2, NULL, '2026-05-13 14:30:17'),
(101, 'T_akruel', 't-akruel', 2, NULL, '2026-05-13 14:30:53'),
(102, 'AKIRL-1234', 'akirl-1234', 2, NULL, '2026-05-13 14:30:53'),
(103, 'Ls Status', 'ls-status', 2, NULL, '2026-05-13 14:31:27'),
(104, 'S J', 's-j', 2, NULL, '2026-05-13 14:33:10'),
(105, 'Asha', 'asha', 2, NULL, '2026-05-13 14:33:41'),
(106, 'KISHAN PARMAR', 'kishan-parmar', 2, NULL, '2026-05-13 14:34:52'),
(107, 'BagOnly', 'bagonly', 2, NULL, '2026-05-13 14:35:23'),
(108, '7clouds', '7clouds', 2, NULL, '2026-05-13 14:35:52'),
(109, 'Altamash Faridi', 'altamash-faridi', 2, NULL, '2026-05-13 14:37:00'),
(110, 'Pritam Chakraborty', 'pritam-chakraborty', 2, NULL, '2026-05-13 14:37:35'),
(111, 'Javed Ali', 'javed-ali', 2, NULL, '2026-05-13 14:37:35'),
(112, 'Bhoomi', 'bhoomi', 2, NULL, '2026-05-13 14:38:02'),
(113, 'Naaz', 'naaz', 2, NULL, '2026-05-13 14:38:02'),
(114, 'Saaheal', 'saaheal', 2, NULL, '2026-05-13 14:38:02'),
(115, 'ABHIJEET BHATTACHARYA', 'abhijeet-bhattacharya', 2, NULL, '2026-05-13 14:38:49'),
(116, 'SHREYA GHOSHAL', 'shreya-ghoshal', 2, NULL, '2026-05-13 14:38:49'),
(117, 'LALIT PANDIT', 'lalit-pandit', 2, NULL, '2026-05-13 14:38:49'),
(118, 'RAJEEV BARNWAL', 'rajeev-barnwal', 2, NULL, '2026-05-13 14:38:49'),
(119, 'MOHIT CHAUHAN', 'mohit-chauhan', 2, NULL, '2026-05-13 14:40:20'),
(120, 'ITZ RUBEZ', 'itz-rubez', 2, NULL, '2026-05-13 14:40:52'),
(121, 'Divya Drishti Bhakti', 'divya-drishti-bhakti', 2, NULL, '2026-05-13 14:41:28'),
(122, 'Sankalp Lyrics', 'sankalp-lyrics', 2, NULL, '2026-05-13 14:42:05'),
(123, 'Saregama Karaoke', 'saregama-karaoke', 2, NULL, '2026-05-14 15:13:09'),
(124, 'Prod.NoMERCY', 'prod-nomercy', 2, NULL, '2026-05-14 15:14:11'),
(125, 'Vishesh Films', 'vishesh-films', 2, NULL, '2026-05-14 15:14:45'),
(126, 'WORLD FAMOUS LYRICS', 'world-famous-lyrics', 2, NULL, '2026-05-14 15:15:23'),
(127, 'Crazy Frog', 'crazy-frog', 2, NULL, '2026-05-14 15:15:47'),
(128, 'Armonian', 'armonian', 2, NULL, '2026-05-14 15:16:14'),
(129, 'officialpsy', 'officialpsy', 2, NULL, '2026-05-14 15:16:42'),
(130, 'Karan', 'karan', 2, NULL, '2026-05-14 15:17:19'),
(131, 'Zee Music Marathi', 'zee-music-marathi', 2, NULL, '2026-05-14 15:18:22'),
(132, 'Being With Roshan', 'being-with-roshan', 2, NULL, '2026-05-14 15:19:49'),
(133, 'Bollywood Jalwa', 'bollywood-jalwa', 2, NULL, '2026-05-14 15:20:16'),
(134, 'LYRICAL BAM HINDI', 'lyrical-bam-hindi', 2, NULL, '2026-05-14 15:20:59'),
(135, 'JASPREET KOHLI', 'jaspreet-kohli', 2, NULL, '2026-05-14 15:22:07'),
(136, '90\'s Gaane', '90-s-gaane', 2, NULL, '2026-05-14 15:25:29'),
(137, 'F L A C 9', 'f-l-a-c-9', 2, NULL, '2026-05-14 15:28:36'),
(138, 'SRK MUSIC', 'srk-music', 2, NULL, '2026-05-14 15:32:04'),
(139, 'Golden Hits', 'golden-hits', 2, NULL, '2026-05-14 15:36:40'),
(140, 'Times Music', 'times-music', 2, NULL, '2026-05-14 15:39:22'),
(141, 'T-Series Bollywood Classics', 't-series-bollywood-classics', 2, NULL, '2026-05-14 15:46:34'),
(142, 'Armaan Malik', 'armaan-malik', 2, NULL, '2026-05-14 15:48:22'),
(143, 'Lyrics Followers', 'lyrics-followers', 2, NULL, '2026-05-14 15:53:37'),
(144, 'Superhit Music', 'superhit-music', 2, NULL, '2026-05-14 15:57:14'),
(145, 'জীবনপথিক ~ Jibonpathik', 'jibonpathik', 2, NULL, '2026-05-14 15:57:48'),
(146, 'Baba On The Beat', 'baba-on-the-beat', 2, NULL, '2026-05-14 15:58:18'),
(147, 'Qasim Baba Official', 'qasim-baba-official', 2, NULL, '2026-05-14 15:58:18'),
(148, 'Musicroo', 'musicroo', 2, NULL, '2026-05-14 15:59:53'),
(149, 'Play DMF', 'play-dmf', 2, NULL, '2026-05-14 16:02:39'),
(150, 'Hiren Chawda 2.0', 'hiren-chawda-2-0', 2, NULL, '2026-05-14 16:03:16'),
(151, 'Antara Mitra', 'antara-mitra', 2, NULL, '2026-05-14 16:03:46'),
(152, 'Manoj Yadav', 'manoj-yadav', 2, NULL, '2026-05-14 16:03:46'),
(153, 'TheLyricStudio', 'thelyricstudio', 2, NULL, '2026-05-14 16:04:13'),
(154, 'JioStudios', 'jiostudios', 2, NULL, '2026-05-14 16:04:40'),
(155, 'B62 Studios', 'b62-studios', 2, NULL, '2026-05-14 16:04:40'),
(156, 'Love The Song', 'love-the-song', 2, NULL, '2026-05-14 16:05:34'),
(157, 'Pabitra.T', 'pabitra-t', 2, NULL, '2026-05-14 16:06:09'),
(158, 'Tips Official', 'tips-official', 2, NULL, '2026-05-15 09:25:31'),
(159, 'Kumar Sanu Hit Songs', 'kumar-sanu-hit-songs', 2, NULL, '2026-05-15 09:27:58'),
(160, 'Ishtar Music', 'ishtar-music', 2, NULL, '2026-05-15 09:28:53'),
(161, 'ShawaN Al MahmuD', 'shawan-al-mahmud', 2, NULL, '2026-05-15 09:29:40'),
(162, 'TheWinningMind_1M', 'thewinningmind-1m', 2, NULL, '2026-05-17 09:52:36'),
(163, 'singing studio', 'singing-studio', 2, NULL, '2026-05-17 13:23:01'),
(164, 'YRF', 'yrf', 2, NULL, '2026-05-17 13:24:37'),
(165, 'Saregama Bhakti', 'saregama-bhakti', 2, NULL, '2026-05-17 13:26:55'),
(166, 'Baldhandham Goshala (रजि.) HGSA-661 HR.', 'baldhandham-goshala-hgsa-661-hr', 2, NULL, '2026-05-17 13:38:21'),
(167, 'SM Creations', 'sm-creations', 2, NULL, '2026-05-17 13:38:48'),
(168, 'Lyrics DAM', 'lyrics-dam', 2, NULL, '2026-05-17 13:39:19'),
(169, 'Jubin Nautiyal', 'jubin-nautiyal', 2, NULL, '2026-05-17 13:39:44'),
(170, 'Madhur Sangeet', 'madhur-sangeet', 2, NULL, '2026-05-17 13:43:16'),
(171, 'Shemaroo Filmi Gaane', 'shemaroo-filmi-gaane', 2, NULL, '2026-05-17 13:51:05'),
(172, 'Universal Records', 'universal-records', 2, NULL, '2026-05-17 13:57:36'),
(173, 'Madhur Sharma', 'madhur-sharma', 2, NULL, '2026-05-17 14:08:03'),
(174, 'Mithoon', 'mithoon', 2, NULL, '2026-05-17 14:08:39'),
(175, 'Netflix India', 'netflix-india', 2, NULL, '2026-05-17 14:18:05'),
(176, 'A.R. RAHMAN', 'a-r-rahman', 2, NULL, '2026-05-17 14:19:42'),
(177, 'PRASOON JOSHI', 'prasoon-joshi', 2, NULL, '2026-05-17 14:19:42'),
(178, 'Rehaan Records', 'rehaan-records', 2, NULL, '2026-05-17 14:22:25'),
(179, 'Huzaif Nazar', 'huzaif-nazar', 2, NULL, '2026-05-17 14:27:17'),
(180, 'DJ Vaibhav In The Mix', 'dj-vaibhav-in-the-mix', 2, NULL, '2026-05-17 14:29:48'),
(181, 'genshyoukay', 'genshyoukay', 2, NULL, '2026-05-21 02:23:26'),
(182, 'Jackplaysvideogames', 'jackplaysvideogames', 2, NULL, '2026-05-21 02:24:33'),
(183, 'Mangaguy69', 'mangaguy69', 2, NULL, '2026-05-21 02:25:20'),
(184, 'UgaBuga232', 'ugabuga232', 2, NULL, '2026-05-21 02:31:03'),
(185, 'txn95manga', 'txn95manga', 2, NULL, '2026-05-21 02:32:31'),
(186, 'MUSASHI PROJECT', 'musashi-project', 2, NULL, '2026-05-21 02:34:39'),
(187, 'Nicolai Petrov', 'nicolai-petrov', 2, NULL, '2026-05-21 02:41:25'),
(188, 'Tonal Revelations', 'tonal-revelations', 2, NULL, '2026-05-21 02:41:58'),
(189, 'Hiroyuki Sawano', 'hiroyuki-sawano', 2, NULL, '2026-05-21 02:42:26'),
(190, 'Sia', 'sia', 2, NULL, '2026-05-21 02:44:48'),
(191, 'Naresh Parmar', 'naresh-parmar', 2, NULL, '2026-05-21 02:56:29'),
(192, 'AirwaveMusicTV', 'airwavemusictv', 2, NULL, '2026-05-21 02:58:30'),
(193, 'Nostalgia Hits', 'nostalgia-hits', 2, NULL, '2026-06-18 16:01:03'),
(194, 'Pop Chartbusters', 'pop-chartbusters', 2, NULL, '2026-06-18 16:05:30'),
(195, 'Yeh Dil Deewana', 'yeh-dil-deewana', 2, NULL, '2026-06-18 16:17:04'),
(196, 'VISHAL DAKU 99', 'vishal-daku-99', 2, NULL, '2026-06-19 12:41:14'),
(197, 'Piyux Reverb', 'piyux-reverb', 2, NULL, '2026-06-19 12:41:14'),
(198, 'Jibon Krishna Das', 'jibon-krishna-das', 2, NULL, '2026-06-19 12:41:14'),
(199, 'Pavan D. Films', 'pavan-d-films', 2, NULL, '2026-06-19 12:41:15'),
(200, 'Sing With Lines', 'sing-with-lines', 2, NULL, '2026-06-19 12:41:15'),
(201, 'Music hype', 'music-hype', 2, NULL, '2026-06-19 12:41:16'),
(202, 'Desi Groove Ai', 'desi-groove-ai', 2, NULL, '2026-06-19 12:41:16'),
(203, 'Yash Studios Music', 'yash-studios-music', 2, NULL, '2026-06-19 12:41:17'),
(204, 'Geeta Bagdwal', 'geeta-bagdwal', 2, NULL, '2026-06-19 12:41:17'),
(205, 'DJ Hunt: Bass', 'dj-hunt-bass', 2, NULL, '2026-06-19 12:41:17'),
(206, 'Remix', 'remix', 2, NULL, '2026-06-19 12:41:17'),
(207, 'Shipra Anand', 'shipra-anand', 2, NULL, '2026-06-19 12:41:17'),
(208, 'Lyrical Titans', 'lyrical-titans', 2, NULL, '2026-06-19 12:41:17'),
(209, 'Music Times', 'music-times', 2, NULL, '2026-06-19 12:41:18'),
(210, 'FITNESS DANCE With RAHUL', 'fitness-dance-with-rahul', 2, NULL, '2026-06-19 12:41:18'),
(211, 'Hunter Birla', 'hunter-birla', 2, NULL, '2026-06-19 12:41:18'),
(212, 'Dj Sho', 'dj-sho', 2, NULL, '2026-06-19 12:41:18'),
(213, 'PRIYANKA BHATIA OFFICIAL', 'priyanka-bhatia-official', 2, NULL, '2026-06-19 12:41:18'),
(214, 'A 2 Z celips in ward', 'a-2-z-celips-in-ward', 2, NULL, '2026-06-19 12:41:18'),
(215, 'Open Door Records', 'open-door-records', 2, NULL, '2026-06-19 12:41:19'),
(216, 'R.P.T POWER TOOLS', 'r-p-t-power-tools', 2, NULL, '2026-06-19 12:41:19'),
(217, 'Unknown', 'unknown', 2, NULL, '2026-06-19 12:41:19'),
(218, 'Kohta Yamamoto', 'kohta-yamamoto', 2, NULL, '2026-06-19 12:51:44'),
(219, 'Ussen', 'ussen', 2, NULL, '2026-06-19 12:52:11'),
(220, 'RASHID ALI', 'rashid-ali', 2, NULL, '2026-06-19 13:05:48'),
(221, 'ABBAS TYREWALA', 'abbas-tyrewala', 2, NULL, '2026-06-19 13:05:48'),
(222, 'Jatin-Lalit', 'jatin-lalit', 2, NULL, '2026-06-19 13:07:32'),
(223, 'Kumar Sanu', 'kumar-sanu', 2, NULL, '2026-06-19 13:07:32'),
(224, 'Alka Yagnik', 'alka-yagnik', 2, NULL, '2026-06-19 13:07:32'),
(225, 'Gayatri Iyer', 'gayatri-iyer', 2, NULL, '2026-06-19 13:08:43'),
(226, 'Bollywood Classic Hits', 'bollywood-classic-hits', 2, NULL, '2026-06-19 13:16:05'),
(227, 'Luis Fonsi', 'luis-fonsi', 2, NULL, '2026-06-19 13:19:14'),
(228, 'Don Omar', 'don-omar', 2, NULL, '2026-06-19 13:20:26'),
(229, 'Shakira', 'shakira', 2, NULL, '2026-06-19 13:21:06'),
(230, 'Spice Official', 'spice-official', 2, NULL, '2026-06-19 13:22:42'),
(231, 'Sounds of World', 'sounds-of-world', 2, NULL, '2026-06-19 13:24:38'),
(232, 'RotonMusicTV', 'rotonmusictv', 2, NULL, '2026-06-19 13:25:41'),
(233, 'Clean Bandit', 'clean-bandit', 2, NULL, '2026-06-19 13:26:47'),
(234, 'J Balvin', 'j-balvin', 2, NULL, '2026-06-19 13:27:32'),
(235, 'Boney M.', 'boney-m', 2, NULL, '2026-06-19 13:28:28'),
(236, 'Arash', 'arash', 2, NULL, '2026-06-19 13:29:27'),
(237, 'Tones And I', 'tones-and-i', 2, NULL, '2026-06-19 13:30:18'),
(238, 'Indila', 'indila', 2, NULL, '2026-06-19 13:31:33'),
(239, 'Rauf', 'rauf', 2, NULL, '2026-06-19 14:00:53'),
(240, 'Faik', 'faik', 2, NULL, '2026-06-19 14:00:53'),
(241, 'Spotify', 'spotify', 2, NULL, '2026-06-19 14:01:18'),
(242, 'Beéle', 'be-le', 2, NULL, '2026-06-19 14:01:18'),
(243, 'CANDYMATE', 'candymate', 2, NULL, '2026-06-19 14:01:46'),
(244, 'Thrace Music', 'thrace-music', 2, NULL, '2026-06-19 14:02:45'),
(245, 'HD Film Tributes', 'hd-film-tributes', 2, NULL, '2026-06-19 14:02:45'),
(246, 'Justin Bieber', 'justin-bieber', 2, NULL, '2026-06-19 14:04:24'),
(247, 'Akon', 'akon', 2, NULL, '2026-06-19 14:04:53'),
(248, 'Daddy Yankee', 'daddy-yankee', 2, NULL, '2026-06-19 14:05:15'),
(249, 'Wiz Khalifa', 'wiz-khalifa', 2, NULL, '2026-06-19 14:06:01'),
(250, 'Fueled By Ramen', 'fueled-by-ramen', 2, NULL, '2026-06-19 14:07:39'),
(251, 'ImagineDragons', 'imaginedragons', 2, NULL, '2026-06-19 14:07:39'),
(252, 'Marshmello', 'marshmello', 2, NULL, '2026-06-19 14:08:27'),
(253, 'ROSÉ', 'ros', 2, NULL, '2026-06-19 14:09:10'),
(254, 'Bruno Mars', 'bruno-mars', 2, NULL, '2026-06-19 14:09:10'),
(255, 'David Guetta', 'david-guetta', 2, NULL, '2026-06-19 14:10:03'),
(256, 'Major Lazer Official', 'major-lazer-official', 2, NULL, '2026-06-19 14:10:49'),
(257, 'Selena Gomez', 'selena-gomez', 2, NULL, '2026-06-19 14:11:40'),
(258, 'Sean Paul', 'sean-paul', 2, NULL, '2026-06-19 14:13:06'),
(259, 'Enrique Iglesias', 'enrique-iglesias', 2, NULL, '2026-06-19 14:14:00'),
(260, 'Tungevaag', 'tungevaag', 2, NULL, '2026-06-19 14:15:30'),
(261, 'Jennifer Lopez', 'jennifer-lopez', 2, NULL, '2026-06-19 14:16:24'),
(262, 'Maroon 5', 'maroon-5', 2, NULL, '2026-06-19 14:18:37'),
(263, 'Pitbull', 'pitbull', 2, NULL, '2026-06-19 14:19:31'),
(264, 'DO IT YOURSELF', 'do-it-yourself', 2, NULL, '2026-06-19 14:20:15'),
(265, 'Coke Studio Pakistan', 'coke-studio-pakistan', 2, NULL, '2026-06-19 14:21:02'),
(266, 'The Chainsmokers', 'the-chainsmokers', 2, NULL, '2026-06-19 14:21:44'),
(267, 'seankingston', 'seankingston', 2, NULL, '2026-06-19 14:23:02'),
(268, 'imrankhanworld', 'imrankhanworld', 2, NULL, '2026-06-19 14:23:39'),
(269, 'MXEEN', 'mxeen', 2, NULL, '2026-06-19 14:25:10'),
(270, 'Maggie Lindemann', 'maggie-lindemann', 2, NULL, '2026-06-19 14:26:41'),
(271, 'Dan Balan', 'dan-balan', 2, NULL, '2026-06-19 14:27:18'),
(272, 'dave laroxx', 'dave-laroxx', 2, NULL, '2026-06-19 14:28:06'),
(273, 'Fifth Harmony', 'fifth-harmony', 2, NULL, '2026-06-19 14:29:23'),
(274, 'PUBG MOBILE', 'pubg-mobile', 2, NULL, '2026-06-19 14:29:45'),
(275, 'Татьяна Куртукова', 'unknown-artist', 2, NULL, '2026-06-19 14:30:07'),
(276, 'The Kid LAROI.', 'the-kid-laroi', 2, NULL, '2026-06-19 14:31:11'),
(277, 'Aqua', 'aqua', 2, NULL, '2026-06-19 14:31:52'),
(278, 'AronChupa', 'aronchupa', 2, NULL, '2026-06-19 14:32:25'),
(279, 'Little Sis Nora', 'little-sis-nora', 2, NULL, '2026-06-19 14:32:25'),
(280, 'Alec Benjamin', 'alec-benjamin', 2, NULL, '2026-06-19 14:33:03'),
(281, 'Walker #57', 'walker-57', 2, NULL, '2026-06-19 14:33:48'),
(282, 'Aya Nakamura', 'aya-nakamura', 2, NULL, '2026-06-19 14:35:03'),
(283, 'CNCO', 'cnco', 2, NULL, '2026-06-19 14:35:33'),
(284, 'Amo M', 'amo-m', 2, NULL, '2026-06-19 14:36:13'),
(285, 'CKay', 'ckay', 2, NULL, '2026-06-19 14:36:46'),
(286, 'J. Geco', 'j-geco', 2, NULL, '2026-06-19 14:37:40'),
(287, 'Shrey Singhal', 'shrey-singhal', 2, NULL, '2026-06-19 14:38:11'),
(288, 'Katy Perry', 'katy-perry', 2, NULL, '2026-06-19 14:38:32'),
(289, 'satirin', 'satirin', 2, NULL, '2026-06-19 14:38:56'),
(290, 'Samuel Kim Music', 'samuel-kim-music', 2, NULL, '2026-06-19 14:40:09');

-- --------------------------------------------------------

--
-- Table structure for table `eras`
--

CREATE TABLE `eras` (
  `id` int(11) NOT NULL,
  `name` varchar(50) DEFAULT NULL,
  `start_year` int(11) DEFAULT NULL,
  `end_year` int(11) DEFAULT NULL
) ENGINE=InnoDB DEFAULT CHARSET=utf8mb4 COLLATE=utf8mb4_unicode_ci;

--
-- Dumping data for table `eras`
--

INSERT INTO `eras` (`id`, `name`, `start_year`, `end_year`) VALUES
(1, '60s', 1960, 1969),
(2, '70s', 1970, 1979),
(3, '80s', 1980, 1989),
(4, '90s', 1990, 1999),
(5, '2000s', 2000, 2009),
(6, '2010s', 2010, 2019),
(7, '2020s', 2020, 2029);

-- --------------------------------------------------------

--
-- Table structure for table `genres`
--

CREATE TABLE `genres` (
  `id` int(11) NOT NULL,
  `name` varchar(100) DEFAULT NULL
) ENGINE=InnoDB DEFAULT CHARSET=utf8mb4 COLLATE=utf8mb4_unicode_ci;

--
-- Dumping data for table `genres`
--

INSERT INTO `genres` (`id`, `name`) VALUES
(2, 'Unknown');

-- --------------------------------------------------------

--
-- Table structure for table `languages`
--

CREATE TABLE `languages` (
  `id` int(11) NOT NULL,
  `name` varchar(100) DEFAULT NULL,
  `code` varchar(20) DEFAULT NULL,
  `native_name` varchar(100) DEFAULT NULL
) ENGINE=InnoDB DEFAULT CHARSET=utf8mb4 COLLATE=utf8mb4_unicode_ci;

--
-- Dumping data for table `languages`
--

INSERT INTO `languages` (`id`, `name`, `code`, `native_name`) VALUES
(2, 'Hindi', 'hi', 'हिन्दी');

-- --------------------------------------------------------

--
-- Table structure for table `regions`
--

CREATE TABLE `regions` (
  `id` int(11) NOT NULL,
  `name` varchar(100) DEFAULT NULL
) ENGINE=InnoDB DEFAULT CHARSET=utf8mb4 COLLATE=utf8mb4_unicode_ci;

--
-- Dumping data for table `regions`
--

INSERT INTO `regions` (`id`, `name`) VALUES
(2, 'India');

-- --------------------------------------------------------

--
-- Table structure for table `songs`
--

CREATE TABLE `songs` (
  `id` int(11) NOT NULL,
  `album_id` int(11) DEFAULT NULL,
  `language_id` int(11) DEFAULT NULL,
  `era_id` int(11) DEFAULT NULL,
  `title` varchar(255) DEFAULT NULL,
  `slug` varchar(255) DEFAULT NULL,
  `duration` int(11) DEFAULT NULL,
  `bitrate` int(11) DEFAULT NULL,
  `sample_rate` int(11) DEFAULT NULL,
  `file_size` bigint(20) DEFAULT NULL,
  `audio_hash` char(64) DEFAULT NULL,
  `file_path` text DEFAULT NULL,
  `thumbnail_path` text DEFAULT NULL,
  `play_count` bigint(20) DEFAULT 0,
  `created_at` timestamp NOT NULL DEFAULT current_timestamp()
) ENGINE=InnoDB DEFAULT CHARSET=utf8mb4 COLLATE=utf8mb4_unicode_ci;

--
-- Dumping data for table `songs`
--

INSERT INTO `songs` (`id`, `album_id`, `language_id`, `era_id`, `title`, `slug`, `duration`, `bitrate`, `sample_rate`, `file_size`, `audio_hash`, `file_path`, `thumbnail_path`, `play_count`, `created_at`) VALUES
(2, 2, 2, 5, 'श्री हनुमान चालीसा 🌺🙏| Shree Hanuman Chalisa Original Video |🙏🌺| GULSHAN KUMAR | HARIHARAN | 8K', 'shree-hanuman-chalisa-original-video-gulshan-kumar-hariharan-8k', 581, 119527, 48000, 8705322, 'a3ab6aae5099116add421a72a8a657ff9f22359ca17cfa421df216cc735ad1f2', 'storage/music/01 - श्री हनुमान चालीसा 🌺🙏_ Shree Hanuman Chalisa Original Video _🙏🌺_ GULSHAN KUMAR _ HARIHARAN _ 8K.mp3', 'storage/thumbnails/a3ab6aae5099116add421a72a8a657ff9f22359ca17cfa421df216cc735ad1f2.jpg', 0, '2026-05-12 15:46:29'),
(3, 2, 2, 5, 'Zihaal e Miskin (Video) Javed-Mohsin | Vishal Mishra, Shreya Ghoshal | Rohit Z, Nimrit A | Kunaal V', 'zihaal-e-miskin-video-javed-mohsin-vishal-mishra-shreya-ghoshal-rohit-z-nimrit-a-kunaal-v', 263, 139221, 48000, 4596890, 'e8ef840fda57816d2ceeba7fbce28d4b093f8c9a7709253c858ea0d80c2e4f84', 'storage/music/01 - Zihaal e Miskin (Video) Javed-Mohsin _ Vishal Mishra, Shreya Ghoshal _ Rohit Z, Nimrit A _ Kunaal V.mp3', 'storage/thumbnails/e8ef840fda57816d2ceeba7fbce28d4b093f8c9a7709253c858ea0d80c2e4f84.jpg', 0, '2026-05-12 15:48:08'),
(4, 2, 2, 5, 'राधे तेरे चरणों की धूल जो मिल जाए | Radhe Tere Charno Ki | Bhumika Sharma | Krishna New Bhajan 2025', 'radhe-tere-charno-ki-bhumika-sharma-krishna-new-bhajan-2025', 440, 131914, 48000, 7260826, 'ed4a58e87623c2db7178960797710dcaba6b7342265eee2d14022e0dcd418c2c', 'storage/music/01 - राधे तेरे चरणों की धूल जो मिल जाए _ Radhe Tere Charno Ki _ Bhumika Sharma _ Krishna New Bhajan 2025.mp3', 'storage/thumbnails/ed4a58e87623c2db7178960797710dcaba6b7342265eee2d14022e0dcd418c2c.jpg', 0, '2026-05-12 15:48:51'),
(5, 2, 2, 5, 'Hey Dukh Bhanjan | Powerful Hanuman Bhajan | मन को शांति देने वाला हनुमान भजन |Hanuman Chalisa Vibes', 'hey-dukh-bhanjan-powerful-hanuman-bhajan-hanuman-chalisa-vibes', 339, 133047, 48000, 5642785, '96c37b327134a0ad97dcb752e182ec9c7643001c548631e8f13e9d0e6975122f', 'storage/music/01 - Hey Dukh Bhanjan _ Powerful Hanuman Bhajan _ मन को शांति देने वाला हनुमान भजन _Hanuman Chalisa Vibes.mp3', 'storage/thumbnails/96c37b327134a0ad97dcb752e182ec9c7643001c548631e8f13e9d0e6975122f.jpg', 0, '2026-05-12 15:49:24'),
(6, 2, 2, 5, 'Ram Siya Ram (Lyrical) Adipurush | Prabhas | Sachet-Parampara,Manoj Muntashir S |Om Raut | Bhushan K', 'ram-siya-ram-lyrical-adipurush-prabhas-sachet-parampara-manoj-muntashir-s-om-raut-bhushan-k', 250, 129382, 48000, 4054024, '6400f748a48feda488064d9daa5cd3a3c77d75c6efa1f500a9bd6387a38917ec', 'storage/music/01 - Ram Siya Ram (Lyrical) Adipurush _ Prabhas _ Sachet-Parampara,Manoj Muntashir S _Om Raut _ Bhushan K.mp3', 'storage/thumbnails/6400f748a48feda488064d9daa5cd3a3c77d75c6efa1f500a9bd6387a38917ec.jpg', 0, '2026-05-12 15:49:53'),
(7, 2, 2, 5, 'Namo Namo - Lyrical | Kedarnath | Sushant Rajput | Sara Ali Khan | Amit Trivedi | Amitabh B', 'namo-namo-lyrical-kedarnath-sushant-rajput-sara-ali-khan-amit-trivedi-amitabh-b', 328, 136461, 48000, 5605858, 'bd3ccc95b227014ee33da13907000f37ed9a9864af17c2fbe67953e763cf8d1c', 'storage/music/01 - Namo Namo - Lyrical _ Kedarnath _ Sushant Rajput _ Sara Ali Khan _ Amit Trivedi _ Amitabh B.mp3', 'storage/thumbnails/bd3ccc95b227014ee33da13907000f37ed9a9864af17c2fbe67953e763cf8d1c.jpg', 0, '2026-05-12 15:50:29'),
(8, 2, 2, 5, 'OONCHI OONCHI DEEWAREIN: Yaariyan 2 | Meezaan, Anaswara | Arijit, Manan | Radhika, Vinay | Bhushan K', 'oonchi-oonchi-deewarein-yaariyan-2-meezaan-anaswara-arijit-manan-radhika-vinay-bhushan-k', 195, 133493, 48000, 3262952, 'd834801b7511d4ab158d9d7e0d092dc137c8b9ede83a6ff7f0e1cb2a45e09195', 'storage/music/01 - OONCHI OONCHI DEEWAREIN_ Yaariyan 2 _ Meezaan, Anaswara _ Arijit, Manan _ Radhika, Vinay _ Bhushan K.mp3', 'storage/thumbnails/d834801b7511d4ab158d9d7e0d092dc137c8b9ede83a6ff7f0e1cb2a45e09195.jpg', 0, '2026-05-12 15:51:05'),
(9, 2, 2, 5, 'Tu Morni | Gautami Patil | Pranit Kalokhe | Rohit Raut | Vijay Bhate | Zalya Tinhi Saanjha', 'tu-morni-gautami-patil-pranit-kalokhe-rohit-raut-vijay-bhate-zalya-tinhi-saanjha', 221, 139410, 48000, 3860648, '9e3ed80a2a9c026694799214455c1e3ab950c9603b7b2bba3eff137f6aebc390', 'storage/music/01 - Tu Morni _ Gautami Patil _ Pranit Kalokhe _ Rohit Raut _ Vijay Bhate _ Zalya Tinhi Saanjha.mp3', 'storage/thumbnails/9e3ed80a2a9c026694799214455c1e3ab950c9603b7b2bba3eff137f6aebc390.jpg', 0, '2026-05-12 15:51:34'),
(10, 2, 2, 5, 'गंगा के किनारे बैठ के | Ganga Ke Kinare Baith Ke | Kyu Roye Har Baat Me Bandeya New Viral Song 2026', 'ganga-ke-kinare-baith-ke-kyu-roye-har-baat-me-bandeya-new-viral-song-2026', 288, 125173, 48000, 4515075, '8e8f3718029ae3d62a4b087d2d3c27100e4df97dc5fd55e8f393052e31afc23b', 'storage/music/01 - गंगा के किनारे बैठ के _ Ganga Ke Kinare Baith Ke _ Kyu Roye Har Baat Me Bandeya New Viral Song 2026.mp3', 'storage/thumbnails/8e8f3718029ae3d62a4b087d2d3c27100e4df97dc5fd55e8f393052e31afc23b.jpg', 0, '2026-05-12 15:52:04'),
(11, 2, 2, 5, 'Majhi Baay Go | Nick Shinde | Shraddha Pawar | Keval Walanj | Sonali Sonawane | Prashant Nakti', 'majhi-baay-go-nick-shinde-shraddha-pawar-keval-walanj-sonali-sonawane-prashant-nakti', 289, 134681, 48000, 4892173, '7a385039a853a6fd3915c5a15a166a67793f6cdc4f66d369c42919c5daccd251', 'storage/music/01 - Majhi Baay Go _ Nick Shinde _ Shraddha Pawar _ Keval Walanj _ Sonali Sonawane _ Prashant Nakti.mp3', 'storage/thumbnails/7a385039a853a6fd3915c5a15a166a67793f6cdc4f66d369c42919c5daccd251.jpg', 0, '2026-05-12 15:52:37'),
(12, 2, 2, 5, 'Majhi Baay | Majhi Baay Go 2.0 | Nick Shinde | Shraddha Pawar | Ayush S | Keval | Sonali | Prashant', 'majhi-baay-majhi-baay-go-2-0-nick-shinde-shraddha-pawar-ayush-s-keval-sonali-prashant', 222, 138051, 48000, 3843176, '3921d3f6ae12f2d3dbf92a7c610b6302239d3dd35fb9efb00e1cd591cb79fd13', 'storage/music/01 - Majhi Baay _ Majhi Baay Go 2.0 _ Nick Shinde _ Shraddha Pawar _ Ayush S _ Keval _ Sonali _ Prashant.mp3', 'storage/thumbnails/3921d3f6ae12f2d3dbf92a7c610b6302239d3dd35fb9efb00e1cd591cb79fd13.jpg', 0, '2026-05-12 15:53:08'),
(13, 2, 2, 5, 'Nakhrewali (नखरेवाली) | Nick | Ritesh | Anushri | Ankita | Rohit | Sonali Sonawane | Prashant Nakti', 'nakhrewali-nick-ritesh-anushri-ankita-rohit-sonali-sonawane-prashant-nakti', 301, 135076, 48000, 5107486, 'f1c0c63f5fb936020df84d8ea22c1604c53b9e477cdce7e289d9202e53d54105', 'storage/music/01 - Nakhrewali (नखरेवाली) _ Nick _ Ritesh _ Anushri _ Ankita _ Rohit _ Sonali Sonawane _ Prashant Nakti.mp3', 'storage/thumbnails/f1c0c63f5fb936020df84d8ea22c1604c53b9e477cdce7e289d9202e53d54105.jpg', 0, '2026-05-12 15:53:45'),
(14, 2, 2, 5, 'Chal Turu Turu | Nick Shinde | Srushti Ambavale | Abhijeet Sawant | Sonali Sonawane |Prasad Shirsath', 'chal-turu-turu-nick-shinde-srushti-ambavale-abhijeet-sawant-sonali-sonawane-prasad-shirsath', 259, 138955, 48000, 4526667, 'add9df0146405970a562a7681d4c2de02739cc920f78f2ae0a17518d990e7275', 'storage/music/01 - Chal Turu Turu _ Nick Shinde _ Srushti Ambavale _ Abhijeet Sawant _ Sonali Sonawane _Prasad Shirsath.mp3', 'storage/thumbnails/add9df0146405970a562a7681d4c2de02739cc920f78f2ae0a17518d990e7275.jpg', 0, '2026-05-12 15:54:22'),
(15, 2, 2, 5, 'Bhannat Porgi | Nick Shinde | Sanika Bhoite | Kunal Ganjawala | Sonali Sonawane | Kunal Karan', 'bhannat-porgi-nick-shinde-sanika-bhoite-kunal-ganjawala-sonali-sonawane-kunal-karan', 379, 118894, 48000, 5655649, '803af3e9a883bd91fc60d0a85355bf391b52f826cfd9f4ccc993d915efc7dd3b', 'storage/music/01 - Bhannat Porgi _ Nick Shinde _ Sanika Bhoite _ Kunal Ganjawala _ Sonali Sonawane _ Kunal Karan.mp3', 'storage/thumbnails/803af3e9a883bd91fc60d0a85355bf391b52f826cfd9f4ccc993d915efc7dd3b.jpg', 0, '2026-05-12 15:54:55'),
(16, 2, 2, 5, 'Mi Single (Official Song) | Nick Shinde | Keval Walanj | Sonali Sonawane | Naadkhula Music', 'mi-single-official-song-nick-shinde-keval-walanj-sonali-sonawane-naadkhula-music', 335, 139258, 48000, 5842501, '87ab9661870eb4a77ccb7ba9b5dc9ee6dac538a9c8849ae532e249028a8d495d', 'storage/music/01 - Mi Single (Official Song) _ Nick Shinde _ Keval Walanj _ Sonali Sonawane _ Naadkhula Music.mp3', 'storage/thumbnails/87ab9661870eb4a77ccb7ba9b5dc9ee6dac538a9c8849ae532e249028a8d495d.jpg', 0, '2026-05-12 15:55:27'),
(17, 2, 2, 5, 'झिंदगी झिंदगी | Zindagi Zindagi | Fun Song | Duniyadari | Ankush Choudhary, Swapnil Joshi, Sai', 'zindagi-zindagi-fun-song-duniyadari-ankush-choudhary-swapnil-joshi-sai', 271, 78613, 48000, 2671404, 'c74b4b784db45eb0fc1d59d278c4d18cb3f8154d78862608b50cc6f0a69bd513', 'storage/music/01 - झिंदगी झिंदगी _ Zindagi Zindagi _ Fun Song _ Duniyadari _ Ankush Choudhary, Swapnil Joshi, Sai.mp3', 'storage/thumbnails/c74b4b784db45eb0fc1d59d278c4d18cb3f8154d78862608b50cc6f0a69bd513.jpg', 0, '2026-05-12 15:55:56'),
(18, 2, 2, 5, 'Aata Tari Deva Mala Pavshil Ka | Ritesh Kamble l Nick Shinde l Adarsh Shinde l Sonali S l Prashant N', 'aata-tari-deva-mala-pavshil-ka-ritesh-kamble-l-nick-shinde-l-adarsh-shinde-l-sonali-s-l-prashant-n', 274, 134615, 48000, 4631272, '67f30b33cd407788ab01be23eedcecc2a3a5323b5bb3bf449c7f447785466a69', 'storage/music/01 - Aata Tari Deva Mala Pavshil Ka _ Ritesh Kamble l Nick Shinde l Adarsh Shinde l Sonali S l Prashant N.mp3', 'storage/thumbnails/67f30b33cd407788ab01be23eedcecc2a3a5323b5bb3bf449c7f447785466a69.jpg', 0, '2026-05-12 15:56:28'),
(19, 2, 2, 5, 'Aapli Yaari (Official Song) | Nick Shinde | Shraddha Pawar | Adarsh Shinde | Sonali Sonawane| Ritesh', 'aapli-yaari-official-song-nick-shinde-shraddha-pawar-adarsh-shinde-sonali-sonawane-ritesh', 355, 132654, 48000, 5898253, 'd4505caed6ebb04523c6db3283bc34e77f8604e3b5e4fdc909aa02717e4baef3', 'storage/music/01 - Aapli Yaari (Official Song) _ Nick Shinde _ Shraddha Pawar _ Adarsh Shinde _ Sonali Sonawane_ Ritesh.mp3', 'storage/thumbnails/d4505caed6ebb04523c6db3283bc34e77f8604e3b5e4fdc909aa02717e4baef3.jpg', 0, '2026-05-12 15:57:05'),
(20, 2, 2, 5, 'Nathani Pahije { नथणी पाहिजे } Official New Song | Nick Shinde | Suhani Pagare | Sonali Sonawane', 'nathani-pahije-official-new-song-nick-shinde-suhani-pagare-sonali-sonawane', 321, 135005, 48000, 5429117, '2e5ceb3e971e56e8e683e30d4bcdb3e5ad477e73ede722bb818fd4054a2084e6', 'storage/music/01 - Nathani Pahije { नथणी पाहिजे } Official New Song _ Nick Shinde _ Suhani Pagare _ Sonali Sonawane.mp3', 'storage/thumbnails/2e5ceb3e971e56e8e683e30d4bcdb3e5ad477e73ede722bb818fd4054a2084e6.jpg', 0, '2026-05-12 15:57:43'),
(21, 2, 2, 5, 'Gori Gori Radha | गोरी गोरी राधा | Official Song | Nick Shinde | Srushti Ambavale | Laybhari Music', 'gori-gori-radha-official-song-nick-shinde-srushti-ambavale-laybhari-music', 249, 134649, 48000, 4202870, '433621760dcd2ff6c90caddf55a8e7179c64f75220af761ade5233ecea8ca2d8', 'storage/music/01 - Gori Gori Radha _ गोरी गोरी राधा _ Official Song _ Nick Shinde _ Srushti Ambavale _ Laybhari Music.mp3', 'storage/thumbnails/433621760dcd2ff6c90caddf55a8e7179c64f75220af761ade5233ecea8ca2d8.jpg', 0, '2026-05-12 15:58:12'),
(22, 2, 2, 5, '#Bulletwali - Official Video | बुलेट वाली | #sanjurathod | G-SPXRK | Sonali S | Darshan R|Shraddha T', 'bulletwali-official-video-sanjurathod-g-spxrk-sonali-s-darshan-r-shraddha-t', 212, 141934, 48000, 3786331, '76fec298680ecc04e904b03724b2d22594cb2731f4e2ad3960a866368b572f91', 'storage/music/01 - #Bulletwali - Official Video _ बुलेट वाली _ #sanjurathod _ G-SPXRK _ Sonali S _ Darshan R_Shraddha T.mp3', 'storage/thumbnails/76fec298680ecc04e904b03724b2d22594cb2731f4e2ad3960a866368b572f91.jpg', 0, '2026-05-12 15:58:39'),
(23, 2, 2, 5, 'Aaplich Hawa (Official Song) | Vishal Phale | Nick Shinde | Ritesh | Adarsh Shinde | Sonali Sonawane', 'aaplich-hawa-official-song-vishal-phale-nick-shinde-ritesh-adarsh-shinde-sonali-sonawane', 454, 134741, 48000, 7673299, '34cabe66ebc68075100096df21461ab1a6cc23e400535d9cbc2f240e1accc76e', 'storage/music/01 - Aaplich Hawa (Official Song) _ Vishal Phale _ Nick Shinde _ Ritesh _ Adarsh Shinde _ Sonali Sonawane.mp3', 'storage/thumbnails/34cabe66ebc68075100096df21461ab1a6cc23e400535d9cbc2f240e1accc76e.jpg', 0, '2026-05-12 15:59:14'),
(24, 2, 2, 5, 'Phool Parijaat | Marathi | Riteish D | Ajay – Atul | Shreya Ghoshal | Raja Shivaji In Cinemas Now', 'phool-parijaat-marathi-riteish-d-ajay-atul-shreya-ghoshal-raja-shivaji-in-cinemas-now', 241, 122930, 48000, 3711220, '21eb29cf7d5700c50647e6e6f5c35c4c23b000fbccf798d4522d660c5d945483', 'storage/music/01 - Phool Parijaat _ Marathi _ Riteish D _ Ajay – Atul _ Shreya Ghoshal _ Raja Shivaji In Cinemas Now.mp3', 'storage/thumbnails/21eb29cf7d5700c50647e6e6f5c35c4c23b000fbccf798d4522d660c5d945483.jpg', 0, '2026-05-12 15:59:40'),
(25, 2, 2, 5, 'Mi Naadkhula (Official Song) | Vishal Phale | Pratibha Joshi | Adarsh Shinde | Sonali Sonawane', 'mi-naadkhula-official-song-vishal-phale-pratibha-joshi-adarsh-shinde-sonali-sonawane', 415, 137585, 48000, 7159755, '1c1a65aa8de449a99f42283ad123835bd6afab976e5f74c90b8c143464af888c', 'storage/music/01 - Mi Naadkhula (Official Song) _ Vishal Phale _ Pratibha Joshi _ Adarsh Shinde _ Sonali Sonawane.mp3', 'storage/thumbnails/1c1a65aa8de449a99f42283ad123835bd6afab976e5f74c90b8c143464af888c.jpg', 0, '2026-05-12 16:00:14'),
(26, 2, 2, 5, 'Makhmali मख़मली Song - Movie Zindagi Virat | Marathi Songs | Sonu Nigam & Shreya Ghoshal', 'makhmali-song-movie-zindagi-virat-marathi-songs-sonu-nigam-and-shreya-ghoshal', 195, 79932, 48000, 1958237, '6ef5f1ca8421a8d7a5e35dad15260766f2db6b378e17ff9fc00023d211631798', 'storage/music/01 - Makhmali मख़मली Song - Movie Zindagi Virat _ Marathi Songs _ Sonu Nigam & Shreya Ghoshal.mp3', 'storage/thumbnails/6ef5f1ca8421a8d7a5e35dad15260766f2db6b378e17ff9fc00023d211631798.jpg', 0, '2026-05-12 16:00:36'),
(27, 2, 2, 5, '🙏 LALBAUGCHA RAJA (लालबागचा राजा) Video Song | Dhruvan Moorthy | Sneha Mahadik | Ganpati Baapa Song', 'lalbaugcha-raja-video-song-dhruvan-moorthy-sneha-mahadik-ganpati-baapa-song', 247, 136973, 48000, 4252971, 'af3591cb18b32140d7ef2c45a749312096ecdc15248de602526257a0321731ff', 'storage/music/01 - 🙏 LALBAUGCHA RAJA (लालबागचा राजा) Video Song _ Dhruvan Moorthy _ Sneha Mahadik _ Ganpati Baapa Song.mp3', 'storage/thumbnails/af3591cb18b32140d7ef2c45a749312096ecdc15248de602526257a0321731ff.jpg', 0, '2026-05-12 16:01:03'),
(28, 3, 2, 5, 'Ganeshgalli Wala Majha Mumbaicha Raja Aala', 'ganeshgalli-wala-majha-mumbaicha-raja-aala', 281, 130303, 48000, 4580048, '6a79d7f28909256f180702aab6af0f1319a230297460a4b42ad25038b2e3d004', 'storage/music/01 - Ganeshgalli Wala Majha Mumbaicha Raja Aala.mp3', 'storage/thumbnails/6a79d7f28909256f180702aab6af0f1319a230297460a4b42ad25038b2e3d004.jpg', 0, '2026-05-12 16:01:30'),
(29, 2, 2, 5, 'Navasachi Gauri Mazi - Gharat Ganpati | Nikita Dutta, Bhushan Pradhan| Abhay Jodhpurkar, Sanket Sane', 'navasachi-gauri-mazi-gharat-ganpati-nikita-dutta-bhushan-pradhan-abhay-jodhpurkar-sanket-sane', 274, 129639, 48000, 4465104, '1897d8ba63e74321ba6e03a6b44384b9b627a0870710c006cdf9650066e992f1', 'storage/music/01 - Navasachi Gauri Mazi - Gharat Ganpati _ Nikita Dutta, Bhushan Pradhan_ Abhay Jodhpurkar, Sanket Sane.mp3', 'storage/thumbnails/1897d8ba63e74321ba6e03a6b44384b9b627a0870710c006cdf9650066e992f1.jpg', 0, '2026-05-12 16:01:57'),
(30, 2, 2, 5, 'साजिरी गोजिरी | SAJIRI GOJIRI | VIDEO SONG | TTMM (तुझं तू माझं मी) | LALIT PRABHAKAR, NEHA MAHAJAN', 'sajiri-gojiri-video-song-ttmm-lalit-prabhakar-neha-mahajan', 148, 137569, 48000, 2562917, '676541be5e52f362ffff4aa2ae1c9ba6c24f661923bce9629a55d088f782c837', 'storage/music/01 - साजिरी गोजिरी _ SAJIRI GOJIRI _ VIDEO SONG _ TTMM (तुझं तू माझं मी) _ LALIT PRABHAKAR, NEHA MAHAJAN.mp3', 'storage/thumbnails/676541be5e52f362ffff4aa2ae1c9ba6c24f661923bce9629a55d088f782c837.jpg', 0, '2026-05-12 16:02:19'),
(31, 2, 2, 5, 'Naulakha Haar | Ashish & Sonali | Marathi Love Song |  Nick-Tanu & Ritesh-Aditi | Prashant Nakti', 'naulakha-haar-ashish-and-sonali-marathi-love-song-nick-tanu-and-ritesh-aditi-prashant-nakti', 248, 135851, 48000, 4237973, '3d829bfc3b2a56298e0e4472bd4294a03ba5f1648afe9f8e48dee9b8be348b34', 'storage/music/01 - Naulakha Haar _ Ashish & Sonali _ Marathi Love Song _  Nick-Tanu & Ritesh-Aditi _ Prashant Nakti.mp3', 'storage/thumbnails/3d829bfc3b2a56298e0e4472bd4294a03ba5f1648afe9f8e48dee9b8be348b34.jpg', 0, '2026-05-12 16:02:46'),
(32, 2, 2, 5, 'Lagin Sarai | Sonali Sonawane | Parmesh Mali | Ravindra K | Bunny | Nick | Ritesh | Prashant Nakti', 'lagin-sarai-sonali-sonawane-parmesh-mali-ravindra-k-bunny-nick-ritesh-prashant-nakti', 453, 137212, 48000, 7798806, '52327e56d05593093b50345510c370c4d92ba89f3979d699e0b5fb7d1dff83c7', 'storage/music/01 - Lagin Sarai _ Sonali Sonawane _ Parmesh Mali _ Ravindra K _ Bunny _ Nick _ Ritesh _ Prashant Nakti.mp3', 'storage/thumbnails/52327e56d05593093b50345510c370c4d92ba89f3979d699e0b5fb7d1dff83c7.jpg', 0, '2026-05-12 16:03:25'),
(33, 2, 2, 5, 'SUNDARA | सुंदरा | Gautami Patil | Nick Shinde | Sonali Sonawane | Rohit Raut | Rohit Nagbhide', 'sundara-gautami-patil-nick-shinde-sonali-sonawane-rohit-raut-rohit-nagbhide', 266, 136177, 48000, 4545672, 'bc253a382d22e161b497a091e42b9170cd9bc8ccb90e19df476585ee1423e792', 'storage/music/01 - SUNDARA _ सुंदरा _ Gautami Patil _ Nick Shinde _ Sonali Sonawane _ Rohit Raut _ Rohit Nagbhide.mp3', 'storage/thumbnails/bc253a382d22e161b497a091e42b9170cd9bc8ccb90e19df476585ee1423e792.jpg', 0, '2026-05-12 16:03:56'),
(34, 2, 2, 5, 'Dooron Dooron (Official Video) - Paresh Pahuja Feat. Harleen Sethi | Shiv | Meghdeep | Vaibhav', 'dooron-dooron-official-video-paresh-pahuja-feat-harleen-sethi-shiv-meghdeep-vaibhav', 245, 126667, 48000, 3900863, '4fb284263536d293f67ff341a41ec29932113d3d49af4313c27442dd1c25e96c', 'storage/music/01 - Dooron Dooron (Official Video) - Paresh Pahuja Feat. Harleen Sethi _ Shiv _ Meghdeep _ Vaibhav.mp3', 'storage/thumbnails/4fb284263536d293f67ff341a41ec29932113d3d49af4313c27442dd1c25e96c.jpg', 0, '2026-05-12 16:04:23'),
(35, 2, 2, 5, 'Kushagra - Finding Her (Lyrics)', 'kushagra-finding-her-lyrics', 207, 121532, 48000, 3152285, 'a27e746b4ef394030afdb9b4dc488ec6a3234e5092a63a994796753895432627', 'storage/music/01 - Kushagra - Finding Her (Lyrics).mp3', 'storage/thumbnails/a27e746b4ef394030afdb9b4dc488ec6a3234e5092a63a994796753895432627.jpg', 0, '2026-05-12 16:04:48'),
(36, 2, 2, 5, 'Sahiba Lyrics - Aditya Rikhari • saahiba, aaye ghar kaahe na', 'sahiba-lyrics-aditya-rikhari-saahiba-aaye-ghar-kaahe-na', 189, 121157, 48000, 2883067, '7eb912f930d8239098dd153c39d4d477a54a6dfc039f67869538b7df610eb1c8', 'storage/music/01 - Sahiba Lyrics - Aditya Rikhari • saahiba, aaye ghar kaahe na.mp3', 'storage/thumbnails/7eb912f930d8239098dd153c39d4d477a54a6dfc039f67869538b7df610eb1c8.jpg', 0, '2026-05-12 16:05:11'),
(37, 2, 2, 5, 'Navari | Official Song | Aditya Satpute | Mansi Survase | Rushi Kanekar | Harshwardhan Wavre', 'navari-official-song-aditya-satpute-mansi-survase-rushi-kanekar-harshwardhan-wavre', 370, 135378, 48000, 6277178, '5f2b1b03fd53143156055862e94063c9ac2ffbe9fabeba0571ee2ecb6d8c0a19', 'storage/music/01 - Navari _ Official Song _ Aditya Satpute _ Mansi Survase _ Rushi Kanekar _ Harshwardhan Wavre.mp3', 'storage/thumbnails/5f2b1b03fd53143156055862e94063c9ac2ffbe9fabeba0571ee2ecb6d8c0a19.jpg', 0, '2026-05-12 16:05:42'),
(38, 2, 2, 5, 'Vasaikar Masala | Vasai Traditional Beats | Ft. Rhythm Beats.', 'vasaikar-masala-vasai-traditional-beats-ft-rhythm-beats', 565, 141415, 48000, 10003715, '9100062580be251e7aebf69f80d0d4c6f608e2d5f4414608ceceed77b3d8a89f', 'storage/music/01 - Vasaikar Masala _ Vasai Traditional Beats _ Ft. Rhythm Beats..mp3', 'storage/thumbnails/9100062580be251e7aebf69f80d0d4c6f608e2d5f4414608ceceed77b3d8a89f.jpg', 0, '2026-05-12 16:06:23'),
(39, 2, 2, 5, 'Mann Dhaavataya | Radhika Bhide | I-Popstar : Vol.1 | EP02 | Amazon MX Player', 'mann-dhaavataya-radhika-bhide-i-popstar-vol-1-ep02-amazon-mx-player', 152, 135871, 48000, 2590009, '893d725191a1764fb371e3d7c932cb28d1a1ffeb2e2ce953732c694b56c751a7', 'storage/music/01 - Mann Dhaavataya _ Radhika Bhide _ I-Popstar _ Vol.1 _ EP02 _ Amazon MX Player.mp3', 'storage/thumbnails/893d725191a1764fb371e3d7c932cb28d1a1ffeb2e2ce953732c694b56c751a7.jpg', 0, '2026-05-12 16:06:45'),
(40, 2, 2, 5, 'Alan Walker, Sabrina Carpenter & Farruko  - On My Way', 'alan-walker-sabrina-carpenter-and-farruko-on-my-way', 216, 125641, 48000, 3415154, 'dfb858cf55d22f6432186fffba6fdb706b83c562ad5896bfa0ffcb94d028acc9', 'storage/music/01 - Alan Walker, Sabrina Carpenter & Farruko  - On My Way.mp3', 'storage/thumbnails/dfb858cf55d22f6432186fffba6fdb706b83c562ad5896bfa0ffcb94d028acc9.jpg', 0, '2026-05-12 16:07:10'),
(41, 2, 2, 5, 'Alan Walker - Darkside (feat. Au/Ra and Tomine Harket)', 'alan-walker-darkside-feat-au-ra-and-tomine-harket', 239, 127745, 48000, 3837023, '49a5f35c4d722f5adba8ddfb8f258914090a305ff95d447632241dd5ad8d5835', 'storage/music/01 - Alan Walker - Darkside (feat. Au_Ra and Tomine Harket).mp3', 'storage/thumbnails/49a5f35c4d722f5adba8ddfb8f258914090a305ff95d447632241dd5ad8d5835.jpg', 0, '2026-05-12 16:07:36'),
(42, 2, 2, 5, 'K-391 & Alan Walker - Ignite (feat. Julie Bergan & Seungri)', 'k-391-and-alan-walker-ignite-feat-julie-bergan-and-seungri', 229, 127705, 48000, 3667816, '213d5dcbeb5e1d4357bd56f316b9757a5294cb14d0c6c02832680122e72b89ce', 'storage/music/01 - K-391 & Alan Walker - Ignite (feat. Julie Bergan & Seungri).mp3', 'storage/thumbnails/213d5dcbeb5e1d4357bd56f316b9757a5294cb14d0c6c02832680122e72b89ce.jpg', 0, '2026-05-12 16:08:01'),
(43, 2, 2, 5, 'DJ Snake - Let Me Love You ft. Justin Bieber', 'dj-snake-let-me-love-you-ft-justin-bieber', 205, 125184, 48000, 3215052, '64574ea5f12688a88a145a1f65c71d2c93408f04c183fb16c23348f200900ac2', 'storage/music/01 - DJ Snake - Let Me Love You ft. Justin Bieber.mp3', 'storage/thumbnails/64574ea5f12688a88a145a1f65c71d2c93408f04c183fb16c23348f200900ac2.jpg', 0, '2026-05-12 16:08:25'),
(44, 2, 2, 5, 'Shawn Mendes, Camila Cabello - Señorita', 'shawn-mendes-camila-cabello-se-orita', 205, 133044, 48000, 3422042, 'd29909a6d6596b8e27862fc46f917fa5efbde7d915225080495b0cd1dad95fab', 'storage/music/01 - Shawn Mendes, Camila Cabello - Señorita.mp3', 'storage/thumbnails/d29909a6d6596b8e27862fc46f917fa5efbde7d915225080495b0cd1dad95fab.jpg', 0, '2026-05-12 16:08:49'),
(45, 2, 2, 5, 'Majboor | Sheheryar Rehan x Zoha Waseem | Music Video 2025 | Aap ka he kehna banta', 'majboor-sheheryar-rehan-x-zoha-waseem-music-video-2025-aap-ka-he-kehna-banta', 159, 136891, 48000, 2726307, 'b9c786b9b8a09deb44e2680fa5422b9c64b882251d5989112f8781e690e98d0e', 'storage/music/01 - Majboor _ Sheheryar Rehan x Zoha Waseem _ Music Video 2025 _ Aap ka he kehna banta.mp3', 'storage/thumbnails/b9c786b9b8a09deb44e2680fa5422b9c64b882251d5989112f8781e690e98d0e.jpg', 0, '2026-05-12 16:09:13'),
(46, 2, 2, 5, 'Dua Lipa - New Rules (Official Music Video)', 'dua-lipa-new-rules-official-music-video', 224, 134302, 48000, 3773163, '56a4887a4e3f8c50219fc974aa2e57183249aaee69dff8d4d809325e6ef104f8', 'storage/music/01 - Dua Lipa - New Rules (Official Music Video).mp3', 'storage/thumbnails/56a4887a4e3f8c50219fc974aa2e57183249aaee69dff8d4d809325e6ef104f8.jpg', 0, '2026-05-12 16:09:40'),
(47, 2, 2, 5, 'Dua Lipa - Levitating Featuring DaBaby (Official Music Video)', 'dua-lipa-levitating-featuring-dababy-official-music-video', 230, 129330, 48000, 3731667, 'db971cccb94d93935a552e9d6356e3ea3bf90caa851e5f12c6ae879e6a300e58', 'storage/music/01 - Dua Lipa - Levitating Featuring DaBaby (Official Music Video).mp3', 'storage/thumbnails/db971cccb94d93935a552e9d6356e3ea3bf90caa851e5f12c6ae879e6a300e58.jpg', 0, '2026-05-12 16:10:06'),
(48, 2, 2, 5, 'Dua Lipa - IDGAF (Official Music Video)', 'dua-lipa-idgaf-official-music-video', 231, 129002, 48000, 3733669, '347bccf0cd503d1be9532af7dc191d25fb3ad36f76b05d3be9921d3dc2390bd3', 'storage/music/01 - Dua Lipa - IDGAF (Official Music Video).mp3', 'storage/thumbnails/347bccf0cd503d1be9532af7dc191d25fb3ad36f76b05d3be9921d3dc2390bd3.jpg', 0, '2026-05-12 16:10:51'),
(49, 2, 2, 5, 'Dua Lipa - Don\'t Start Now (Official Music Video)', 'dua-lipa-don-t-start-now-official-music-video', 181, 131524, 48000, 2985871, '13d809ad59960809228923dc8c6a9027be41d54929d7023747a5c517cfa0cb01', 'storage/music/01 - Dua Lipa - Don\'t Start Now (Official Music Video).mp3', 'storage/thumbnails/13d809ad59960809228923dc8c6a9027be41d54929d7023747a5c517cfa0cb01.jpg', 0, '2026-05-12 16:11:15'),
(50, 2, 2, 5, 'Dua Lipa - Be The One (Official Music Video)', 'dua-lipa-be-the-one-official-music-video', 204, 136977, 48000, 3502154, '9bf42188e194ebc05a5638f05572e41017eaaa9ee2440445179da40ca2524f3f', 'storage/music/01 - Dua Lipa - Be The One (Official Music Video).mp3', 'storage/thumbnails/9bf42188e194ebc05a5638f05572e41017eaaa9ee2440445179da40ca2524f3f.jpg', 0, '2026-05-12 16:11:39'),
(51, 2, 2, 5, 'Dua Lipa - Break My Heart (Official Video)', 'dua-lipa-break-my-heart-official-video', 229, 130499, 48000, 3749134, 'f0457d217202954669467a69a53cfd47f19983c11981441b5cad76dafdd86c1d', 'storage/music/01 - Dua Lipa - Break My Heart (Official Video).mp3', 'storage/thumbnails/f0457d217202954669467a69a53cfd47f19983c11981441b5cad76dafdd86c1d.jpg', 0, '2026-05-12 16:12:07'),
(52, 2, 2, 5, 'Dua Lipa - Physical (Official Video)', 'dua-lipa-physical-official-video', 243, 128327, 48000, 3912946, '8dd7cdb8d5ced0d478ada836bb44d2530380d9c6073761505dbc71abd76817d0', 'storage/music/01 - Dua Lipa - Physical (Official Video).mp3', 'storage/thumbnails/8dd7cdb8d5ced0d478ada836bb44d2530380d9c6073761505dbc71abd76817d0.jpg', 0, '2026-05-12 16:12:39'),
(53, 2, 2, 5, 'Dua Lipa - Love Again (Official Music Video)', 'dua-lipa-love-again-official-music-video', 262, 132991, 48000, 4368992, '161aa40b7ecdcde8b9a1fdcab65e31b8c7d70ba303dc101ca1ab7db1c21edd95', 'storage/music/01 - Dua Lipa - Love Again (Official Music Video).mp3', 'storage/thumbnails/161aa40b7ecdcde8b9a1fdcab65e31b8c7d70ba303dc101ca1ab7db1c21edd95.jpg', 0, '2026-05-12 16:13:10'),
(54, 2, 2, 5, 'Dua Lipa - Blow Your Mind (Mwah) (Official Video)', 'dua-lipa-blow-your-mind-mwah-official-video', 177, 134904, 48000, 2997905, '8d9db4e3a23ac0522bcdbd23c976edccaf4ec760eb06e1813c0430a9835b15a3', 'storage/music/01 - Dua Lipa - Blow Your Mind (Mwah) (Official Video).mp3', 'storage/thumbnails/8d9db4e3a23ac0522bcdbd23c976edccaf4ec760eb06e1813c0430a9835b15a3.jpg', 0, '2026-05-12 16:13:41'),
(55, 2, 2, 5, 'Dua Lipa & BLACKPINK - Kiss and Make Up (Official Audio)', 'dua-lipa-and-blackpink-kiss-and-make-up-official-audio', 189, 133935, 48000, 3171922, '92612f769e5c339b27728b0fac411bbf6ef708e08f8769b3f01f103ba4d963c9', 'storage/music/01 - Dua Lipa & BLACKPINK - Kiss and Make Up (Official Audio).mp3', 'storage/thumbnails/92612f769e5c339b27728b0fac411bbf6ef708e08f8769b3f01f103ba4d963c9.jpg', 0, '2026-05-12 16:14:10'),
(56, 2, 2, 5, 'Dua Lipa - Houdini (Official Music Video)', 'dua-lipa-houdini-official-music-video', 188, 134004, 48000, 3164465, 'c5fd776419ed93c1ce285cff50d919ead673bdb223bca9c7de479b2bdc4dc176', 'storage/music/01 - Dua Lipa - Houdini (Official Music Video).mp3', 'storage/thumbnails/c5fd776419ed93c1ce285cff50d919ead673bdb223bca9c7de479b2bdc4dc176.jpg', 0, '2026-05-12 16:14:39'),
(57, 2, 2, 5, 'Dua Lipa - Don\'t Start Now (Live in LA, 2019)', 'dua-lipa-don-t-start-now-live-in-la-2019', 341, 135818, 48000, 5812663, '868d4aae100c4d73ebd64a539070aea9e005fcc4a4e80bf29a660adb75d47cd3', 'storage/music/01 - Dua Lipa - Don\'t Start Now (Live in LA, 2019).mp3', 'storage/thumbnails/868d4aae100c4d73ebd64a539070aea9e005fcc4a4e80bf29a660adb75d47cd3.jpg', 0, '2026-05-12 16:15:16'),
(58, 2, 2, 5, 'Dua Lipa - Dance The Night (From Barbie The Album) [Official Music Video]', 'dua-lipa-dance-the-night-from-barbie-the-album-official-music-video', 211, 134680, 48000, 3569783, 'e7e25b92b6d0fff44d7832bdb63f4aeab4ddcaf3b0338b470aafb62a58a24775', 'storage/music/01 - Dua Lipa - Dance The Night (From Barbie The Album) [Official Music Video].mp3', 'storage/thumbnails/e7e25b92b6d0fff44d7832bdb63f4aeab4ddcaf3b0338b470aafb62a58a24775.jpg', 0, '2026-05-12 16:15:47'),
(59, 2, 2, 5, 'Dua Lipa - Hotter Than Hell (Official Video)', 'dua-lipa-hotter-than-hell-official-video', 228, 123070, 48000, 3516022, '3c8cc140256a4b9d6fd0a31c77a1f527c180fce8b914e3acaa61ef8ef00051ac', 'storage/music/01 - Dua Lipa - Hotter Than Hell (Official Video).mp3', 'storage/thumbnails/3c8cc140256a4b9d6fd0a31c77a1f527c180fce8b914e3acaa61ef8ef00051ac.jpg', 0, '2026-05-12 16:16:16'),
(60, 2, 2, 5, 'Dua Lipa, Angèle - Fever (Official Music Video)', 'dua-lipa-ang-le-fever-official-music-video', 244, 120658, 48000, 3699960, '854d83169f4cce745fac64a99d538105145f9d1548d53789e50fb3ad1b3d74f0', 'storage/music/01 - Dua Lipa, Angèle - Fever (Official Music Video).mp3', 'storage/thumbnails/854d83169f4cce745fac64a99d538105145f9d1548d53789e50fb3ad1b3d74f0.jpg', 0, '2026-05-12 16:16:49'),
(61, 2, 2, 5, 'Dua Lipa - Levitating (Official Lyrics Video)', 'dua-lipa-levitating-official-lyrics-video', 220, 122130, 48000, 3376489, '22e6587f490ef8fe2abb0c9a48feba271dff4c47381f604d4c19932d368e7b05', 'storage/music/01 - Dua Lipa - Levitating (Official Lyrics Video).mp3', 'storage/thumbnails/22e6587f490ef8fe2abb0c9a48feba271dff4c47381f604d4c19932d368e7b05.jpg', 0, '2026-05-12 16:17:13'),
(62, 2, 2, 5, 'Alan Walker - Faded', 'alan-walker-faded', 212, 135812, 48000, 3613306, '497da49c1356255b43720ca25943717fe0540a6e239f092cc6463188e2aaf9b8', 'storage/music/01 - Alan Walker - Faded.mp3', 'storage/thumbnails/497da49c1356255b43720ca25943717fe0540a6e239f092cc6463188e2aaf9b8.jpg', 0, '2026-05-12 16:17:40'),
(63, 2, 2, 5, 'Alan Walker - Alone', 'alan-walker-alone', 163, 132888, 48000, 2719802, 'cfc4766d27c00cb103cd88d98fe1cddca605e9e99496317038136624d53ce9f7', 'storage/music/01 - Alan Walker - Alone.mp3', 'storage/thumbnails/cfc4766d27c00cb103cd88d98fe1cddca605e9e99496317038136624d53ce9f7.jpg', 0, '2026-05-12 16:18:05'),
(64, 2, 2, 5, 'Alan Walker - The Spectre', 'alan-walker-the-spectre', 206, 130521, 48000, 3371970, '82e6747322bfea5c2675b22dc367d5eff0344402fb146b143aad474e7381d29d', 'storage/music/01 - Alan Walker - The Spectre.mp3', 'storage/thumbnails/82e6747322bfea5c2675b22dc367d5eff0344402fb146b143aad474e7381d29d.jpg', 0, '2026-05-12 16:18:30'),
(65, 2, 2, 5, 'Alan Walker - Sing Me To Sleep', 'alan-walker-sing-me-to-sleep', 191, 130627, 48000, 3132631, '52d129b7123764754d0670bd51808926d987e27decf16e1a8b400a8c9d8e4ea3', 'storage/music/01 - Alan Walker - Sing Me To Sleep.mp3', 'storage/thumbnails/52d129b7123764754d0670bd51808926d987e27decf16e1a8b400a8c9d8e4ea3.jpg', 0, '2026-05-12 16:19:22'),
(66, 2, 2, 5, 'Alan Walker & Ava Max - Alone, Pt. II', 'alan-walker-and-ava-max-alone-pt-ii', 245, 130775, 48000, 4019100, 'cbbe506697d6b97cfb1096566eefa6183db4c261c74254a1f26552d05ea5653e', 'storage/music/01 - Alan Walker & Ava Max - Alone, Pt. II.mp3', 'storage/thumbnails/cbbe506697d6b97cfb1096566eefa6183db4c261c74254a1f26552d05ea5653e.jpg', 0, '2026-05-12 16:20:13'),
(67, 2, 2, 5, 'Alan Walker - Diamond Heart (feat. Sophia Somajo)', 'alan-walker-diamond-heart-feat-sophia-somajo', 218, 124449, 48000, 3407692, '1733798bc769cbdc93d3bb69cde6073450c8b4ecf7c426d51e918febcaa2ae65', 'storage/music/01 - Alan Walker - Diamond Heart (feat. Sophia Somajo).mp3', 'storage/thumbnails/1733798bc769cbdc93d3bb69cde6073450c8b4ecf7c426d51e918febcaa2ae65.jpg', 0, '2026-05-12 16:20:37'),
(68, 2, 2, 5, 'Alan Walker - All Falls Down (feat. Noah Cyrus with Digital Farm Animals)', 'alan-walker-all-falls-down-feat-noah-cyrus-with-digital-farm-animals', 220, 123974, 48000, 3420310, '336808c1f87a26ae76a92efcf8f08c691bec7743bfb16ce5aedcccc25cd8e356', 'storage/music/01 - Alan Walker - All Falls Down (feat. Noah Cyrus with Digital Farm Animals).mp3', 'storage/thumbnails/336808c1f87a26ae76a92efcf8f08c691bec7743bfb16ce5aedcccc25cd8e356.jpg', 0, '2026-05-12 16:21:03'),
(69, 2, 2, 5, 'Alok & Alan Walker - Headlights (feat. KIDDO) [Official Lyric Video]', 'alok-and-alan-walker-headlights-feat-kiddo-official-lyric-video', 161, 132138, 48000, 2678941, '425739084dd7b65382a4f8d9386fb3f10b1f23891249700a48e6a67c36c69f01', 'storage/music/01 - Alok & Alan Walker - Headlights (feat. KIDDO) [Official Lyric Video].mp3', 'storage/thumbnails/425739084dd7b65382a4f8d9386fb3f10b1f23891249700a48e6a67c36c69f01.jpg', 0, '2026-05-12 16:21:26'),
(70, 2, 2, 5, 'Alan Walker & Ava Max - Alone, Pt. II (Live at Château de Fontainebleau)', 'alan-walker-and-ava-max-alone-pt-ii-live-at-ch-teau-de-fontainebleau', 371, 127134, 48000, 5921354, '2946a3b8bfd700c0979966527531b75df0f69d3dfb9a63d62d8e2a22659368f4', 'storage/music/01 - Alan Walker & Ava Max - Alone, Pt. II (Live at Château de Fontainebleau).mp3', 'storage/thumbnails/2946a3b8bfd700c0979966527531b75df0f69d3dfb9a63d62d8e2a22659368f4.jpg', 0, '2026-05-12 16:21:58'),
(71, 2, 2, 5, 'Alan Walker - Different World feat. Sofia Carson, K-391 & CORSAK (Vertical Video)', 'alan-walker-different-world-feat-sofia-carson-k-391-and-corsak-vertical-video', 221, 121838, 48000, 3382360, 'aac6c0db54f4d1b7c0b1635cdb0a4fe18bc7e6d4f87beb444a6cc94ff6bc60d5', 'storage/music/01 - Alan Walker - Different World feat. Sofia Carson, K-391 & CORSAK (Vertical Video).mp3', 'storage/thumbnails/aac6c0db54f4d1b7c0b1635cdb0a4fe18bc7e6d4f87beb444a6cc94ff6bc60d5.jpg', 0, '2026-05-12 16:22:23'),
(72, 2, 2, 5, 'Alan Walker - Lily ft. K-391 & Emelie Hollow (Official Lyric Video)', 'alan-walker-lily-ft-k-391-and-emelie-hollow-official-lyric-video', 216, 136491, 48000, 3690724, 'ea64e3f7992d8c0223994d3ab6766851287bbcdc9324dfb9ac73a7039b5c39c2', 'storage/music/01 - Alan Walker - Lily ft. K-391 & Emelie Hollow (Official Lyric Video).mp3', 'storage/thumbnails/ea64e3f7992d8c0223994d3ab6766851287bbcdc9324dfb9ac73a7039b5c39c2.jpg', 0, '2026-05-12 16:23:12'),
(73, 2, 2, 5, 'K-391 - Summertime [Sunshine]', 'k-391-summertime-sunshine', 282, 144882, 48000, 5117772, 'ea53ffffb208203ec61914512e31ddd9c62a828427815b61636d10bcfb222759', 'storage/music/01 - K-391 - Summertime [Sunshine].mp3', 'storage/thumbnails/ea53ffffb208203ec61914512e31ddd9c62a828427815b61636d10bcfb222759.jpg', 0, '2026-05-12 16:23:38'),
(74, 2, 2, 5, 'K-391, Alan Walker & Ahrix - End of Time (Official Video)', 'k-391-alan-walker-and-ahrix-end-of-time-official-video', 185, 133490, 48000, 3107770, '1bd067c5349c9812cb15ef5c3bdee2194e0603d5e176dd7037dc9898d284026e', 'storage/music/01 - K-391, Alan Walker & Ahrix - End of Time (Official Video).mp3', 'storage/thumbnails/1bd067c5349c9812cb15ef5c3bdee2194e0603d5e176dd7037dc9898d284026e.jpg', 0, '2026-05-12 16:24:02'),
(75, 2, 2, 5, 'K-391 & Victor Crone - Lonely World', 'k-391-and-victor-crone-lonely-world', 196, 130695, 48000, 3223384, 'cf6d82fc21fd0ac60560f4db705e7fa799d4309c7569f3a57feeebbb4ea68af3', 'storage/music/01 - K-391 & Victor Crone - Lonely World.mp3', 'storage/thumbnails/cf6d82fc21fd0ac60560f4db705e7fa799d4309c7569f3a57feeebbb4ea68af3.jpg', 0, '2026-05-12 16:24:25'),
(76, 2, 2, 5, 'K-391 - Triple Rush', 'k-391-triple-rush', 233, 139160, 48000, 4064762, 'b5559d7f15258d1bc20c7f41b20cb3cb4107785f29d8daed741719e81bd8989a', 'storage/music/01 - K-391 - Triple Rush.mp3', 'storage/thumbnails/b5559d7f15258d1bc20c7f41b20cb3cb4107785f29d8daed741719e81bd8989a.jpg', 0, '2026-05-12 16:24:54'),
(77, 2, 2, 5, 'K-391 - This Is Felicitas', 'k-391-this-is-felicitas', 285, 140351, 48000, 5002280, '2a9d5551344e6824d48cb24f7a93ddbd181201003c97a2cf5999f3223700fd88', 'storage/music/01 - K-391 - This Is Felicitas.mp3', 'storage/thumbnails/2a9d5551344e6824d48cb24f7a93ddbd181201003c97a2cf5999f3223700fd88.jpg', 0, '2026-05-12 16:25:27'),
(78, 2, 2, 5, 'K-391 - Nice Takeoff [Sunshine]', 'k-391-nice-takeoff-sunshine', 388, 131574, 48000, 6391166, '5af782adcc70383d738b30d5b441ee6ffc253f9891e35fd8f24470d3d3b31d01', 'storage/music/01 - K-391 - Nice Takeoff [Sunshine].mp3', 'storage/thumbnails/5af782adcc70383d738b30d5b441ee6ffc253f9891e35fd8f24470d3d3b31d01.jpg', 0, '2026-05-12 16:26:07'),
(79, 2, 2, 5, 'K-391 - Everybody (Original Mix)', 'k-391-everybody-original-mix', 311, 129891, 48000, 5051199, '7c0b1066155733b48760a6637cbf281ef3fe2422ef2d408a783fc22132bc32e0', 'storage/music/01 - K-391 - Everybody (Original Mix).mp3', 'storage/thumbnails/7c0b1066155733b48760a6637cbf281ef3fe2422ef2d408a783fc22132bc32e0.jpg', 0, '2026-05-12 16:26:40'),
(80, 2, 2, 5, 'K-391 & RØRY - Aurora (Official Lyric Video)', 'k-391-and-r-ry-aurora-official-lyric-video', 164, 133952, 48000, 2762750, 'fe24d38ce27067b454643ca1b7df105cfe3a896896ef169f54f1e1de5a7553af', 'storage/music/01 - K-391 & RØRY - Aurora (Official Lyric Video).mp3', 'storage/thumbnails/fe24d38ce27067b454643ca1b7df105cfe3a896896ef169f54f1e1de5a7553af.jpg', 0, '2026-05-12 16:27:07'),
(81, 2, 2, 5, 'K-391, Hoaprox, Nick Strand - Die Alone (Visualizer)', 'k-391-hoaprox-nick-strand-die-alone-visualizer', 193, 127130, 48000, 3070453, '1d193fdf2acbd4008e868feceb6647b32de97ed625241f849a1efc2ce6dbd8b4', 'storage/music/01 - K-391, Hoaprox, Nick Strand - Die Alone (Visualizer).mp3', 'storage/thumbnails/1d193fdf2acbd4008e868feceb6647b32de97ed625241f849a1efc2ce6dbd8b4.jpg', 0, '2026-05-12 16:27:36'),
(82, 2, 2, 5, 'K-391, Alan Walker, Tungevaag, Mangoo - PLAY (K-391\'s Video)', 'k-391-alan-walker-tungevaag-mangoo-play-k-391-s-video', 193, 124153, 48000, 3008463, '3bb86db4c92a49e143b05c0261ec8f0f1231f58e28f4c1a4d70331c35f4df607', 'storage/music/01 - K-391, Alan Walker, Tungevaag, Mangoo - PLAY (K-391\'s Video).mp3', 'storage/thumbnails/3bb86db4c92a49e143b05c0261ec8f0f1231f58e28f4c1a4d70331c35f4df607.jpg', 0, '2026-05-12 16:28:00'),
(83, 2, 2, 5, 'K-391 - Windows', 'k-391-windows', 228, 134920, 48000, 3856190, 'f0c6503d66981bcc5e130edeedba70950c887ddac3d6cd68e703087685cc25fb', 'storage/music/01 - K-391 - Windows.mp3', 'storage/thumbnails/f0c6503d66981bcc5e130edeedba70950c887ddac3d6cd68e703087685cc25fb.jpg', 0, '2026-05-12 16:28:25'),
(84, 2, 2, 5, 'K-391 - Electro House 2012', 'k-391-electro-house-2012', 259, 131221, 48000, 4258685, '85206365c2ded574033dba0a09663607c1ef60b6ef6934cb3b168046d14254e3', 'storage/music/01 - K-391 - Electro House 2012.mp3', 'storage/thumbnails/85206365c2ded574033dba0a09663607c1ef60b6ef6934cb3b168046d14254e3.jpg', 0, '2026-05-12 16:28:52'),
(85, 2, 2, 5, 'K-391 - Deep Blue', 'k-391-deep-blue', 279, 131261, 48000, 4588014, '5a9572cb3cb50ca40de59e614edf4ef8defcd01588506290fb27019fdc0d7c5a', 'storage/music/01 - K-391 - Deep Blue.mp3', 'storage/thumbnails/5a9572cb3cb50ca40de59e614edf4ef8defcd01588506290fb27019fdc0d7c5a.jpg', 0, '2026-05-12 16:29:19'),
(86, 2, 2, 5, 'Shawn Mendes - Treat You Better', 'shawn-mendes-treat-you-better', 256, 131228, 48000, 4206675, '761715e13b37119842df22c7d13ae24232c33cbd0d5c923f8c6ffaf53b5a08ff', 'storage/music/01 - Shawn Mendes - Treat You Better.mp3', 'storage/thumbnails/761715e13b37119842df22c7d13ae24232c33cbd0d5c923f8c6ffaf53b5a08ff.jpg', 0, '2026-05-12 16:29:50'),
(87, 2, 2, 5, 'Shawn Mendes - Stitches (Official Music Video)', 'shawn-mendes-stitches-official-music-video', 239, 136558, 48000, 4094802, '16a6f81695aa4f53ea7b3e969f2d580777028fa91f17b8d1a9248c3db92e30a4', 'storage/music/01 - Shawn Mendes - Stitches (Official Music Video).mp3', 'storage/thumbnails/16a6f81695aa4f53ea7b3e969f2d580777028fa91f17b8d1a9248c3db92e30a4.jpg', 0, '2026-05-12 16:30:44'),
(88, 2, 2, 5, 'Shawn Mendes - There\'s Nothing Holdin\' Me Back (Official Music Video)', 'shawn-mendes-there-s-nothing-holdin-me-back-official-music-video', 237, 132085, 48000, 3921905, '08de908cb3a90ecbf46287748d5c46c371bb16bc71094de25a13354e27375dd9', 'storage/music/01 - Shawn Mendes - There\'s Nothing Holdin\' Me Back (Official Music Video).mp3', 'storage/thumbnails/08de908cb3a90ecbf46287748d5c46c371bb16bc71094de25a13354e27375dd9.jpg', 0, '2026-05-12 16:31:09'),
(89, 2, 2, 5, 'Shawn Mendes - Mercy (Official Music Video)', 'shawn-mendes-mercy-official-music-video', 249, 114706, 48000, 3581413, '5ae6eb2624afc9421d240061b05e7cf5d19afab3b5e9bae59f8e1adf995a9537', 'storage/music/01 - Shawn Mendes - Mercy (Official Music Video).mp3', 'storage/thumbnails/5ae6eb2624afc9421d240061b05e7cf5d19afab3b5e9bae59f8e1adf995a9537.jpg', 0, '2026-05-12 16:31:37'),
(90, 2, 2, 5, 'Shawn Mendes, Camila Cabello - I Know What You Did Last Summer (Official Music Video)', 'shawn-mendes-camila-cabello-i-know-what-you-did-last-summer-official-music-video', 228, 120472, 48000, 3439569, '15079fb459a224143ad93946600e780640a0e7e61f60bf0c8bc069b3e26e9b28', 'storage/music/01 - Shawn Mendes, Camila Cabello - I Know What You Did Last Summer (Official Music Video).mp3', 'storage/thumbnails/15079fb459a224143ad93946600e780640a0e7e61f60bf0c8bc069b3e26e9b28.jpg', 0, '2026-05-12 16:32:02'),
(91, 2, 2, 5, 'Shawn Mendes - In My Blood', 'shawn-mendes-in-my-blood', 217, 123072, 48000, 3355504, '2ecce3099f87dff74ee964cac4835a7f8539ce63cf9d06e32f5fd9bd3c27a82c', 'storage/music/01 - Shawn Mendes - In My Blood.mp3', 'storage/thumbnails/2ecce3099f87dff74ee964cac4835a7f8539ce63cf9d06e32f5fd9bd3c27a82c.jpg', 0, '2026-05-12 16:32:31'),
(92, 2, 2, 5, 'Shawn Mendes, Justin Bieber - Monster', 'shawn-mendes-justin-bieber-monster', 183, 122522, 48000, 2813185, 'a69dc0fbb2f0e83f0f7a863dfbd01f017f4d156af4e374b07da0240c5a05e3b7', 'storage/music/01 - Shawn Mendes, Justin Bieber - Monster.mp3', 'storage/thumbnails/a69dc0fbb2f0e83f0f7a863dfbd01f017f4d156af4e374b07da0240c5a05e3b7.jpg', 0, '2026-05-12 16:32:54'),
(93, 2, 2, 5, 'Ed Sheeran - Shape of You (Official Music Video)', 'ed-sheeran-shape-of-you-official-music-video', 263, 124970, 48000, 4123142, '791365ef6498b7a9930abb0eedb9d9be41bf3f689e80a61494643feb13ae1dd8', 'storage/music/01 - Ed Sheeran - Shape of You (Official Music Video).mp3', 'storage/thumbnails/791365ef6498b7a9930abb0eedb9d9be41bf3f689e80a61494643feb13ae1dd8.jpg', 0, '2026-05-12 16:33:23'),
(94, 2, 2, 5, 'Ed Sheeran - Perfect (Official Music Video)', 'ed-sheeran-perfect-official-music-video', 281, 125645, 48000, 4434041, '04059251f14ce2c4192dfac01c1daf639a5527b08df2c735929fac642c84e74b', 'storage/music/01 - Ed Sheeran - Perfect (Official Music Video).mp3', 'storage/thumbnails/04059251f14ce2c4192dfac01c1daf639a5527b08df2c735929fac642c84e74b.jpg', 0, '2026-05-12 16:33:53'),
(95, 2, 2, 5, 'Ed Sheeran - Thinking Out Loud (Official Music Video)', 'ed-sheeran-thinking-out-loud-official-music-video', 289, 120623, 48000, 4364677, 'e66c4992e9e0efdce56704ca7057d44c01b81b1f34860fae9a0a99fb4a24c866', 'storage/music/01 - Ed Sheeran - Thinking Out Loud (Official Music Video).mp3', 'storage/thumbnails/e66c4992e9e0efdce56704ca7057d44c01b81b1f34860fae9a0a99fb4a24c866.jpg', 0, '2026-05-12 16:34:23'),
(96, 2, 2, 5, 'Ed Sheeran - Photograph (Official Music Video)', 'ed-sheeran-photograph-official-music-video', 274, 116664, 48000, 4004590, '167d063bd471d5f146b05509333b158cfac7efd98c3315caa81fe697c1c1900d', 'storage/music/01 - Ed Sheeran - Photograph (Official Music Video).mp3', 'storage/thumbnails/167d063bd471d5f146b05509333b158cfac7efd98c3315caa81fe697c1c1900d.jpg', 0, '2026-05-12 16:34:55'),
(97, 2, 2, 5, 'Ed Sheeran - Give Me Love (Official Music Video)', 'ed-sheeran-give-me-love-official-music-video', 262, 135297, 48000, 4446118, '9755713d666a6d37bc07fab6ca27766f8f77a8e85fbd200e6257b2527c34f3c1', 'storage/music/01 - Ed Sheeran - Give Me Love (Official Music Video).mp3', NULL, 0, '2026-05-12 16:35:23'),
(98, 2, 2, 5, 'Ed Sheeran - Sapphire (Official Music Video)', 'ed-sheeran-sapphire-official-music-video', 183, 132317, 48000, 3041316, '5b1b4bddaeb0229e152f3bb9dc84205bb3c98ca60ff2a478be16df008f8ba638', 'storage/music/01 - Ed Sheeran - Sapphire (Official Music Video).mp3', 'storage/thumbnails/5b1b4bddaeb0229e152f3bb9dc84205bb3c98ca60ff2a478be16df008f8ba638.jpg', 0, '2026-05-12 16:37:17'),
(99, 2, 2, 5, 'Coldplay - Hymn For The Weekend (Official Video)', 'coldplay-hymn-for-the-weekend-official-video', 260, 126737, 48000, 4133854, 'c84404cbf620b22cdb6a7331791b6169d247249c5eef4d6ba5a99934942d707c', 'storage/music/01 - Coldplay - Hymn For The Weekend (Official Video).mp3', 'storage/thumbnails/c84404cbf620b22cdb6a7331791b6169d247249c5eef4d6ba5a99934942d707c.jpg', 0, '2026-05-12 16:37:46'),
(100, 2, 2, 5, 'Anuv Jain - JO TUM MERE HO (Official Video)', 'anuv-jain-jo-tum-mere-ho-official-video', 257, 125239, 48000, 4039008, '5068f2d147f56a5afd9a81d72574b2c2c78cd8c2bfd37b4bb67421bac04563d9', 'storage/music/01 - Anuv Jain - JO TUM MERE HO (Official Video).mp3', 'storage/thumbnails/5068f2d147f56a5afd9a81d72574b2c2c78cd8c2bfd37b4bb67421bac04563d9.jpg', 0, '2026-05-12 16:38:59'),
(101, 2, 2, 5, 'Anuv Jain - HUSN (Official Video)', 'anuv-jain-husn-official-video', 239, 135634, 48000, 4065618, '872a90f4a07b8f500beb8d9ff34881e11c426aed07af1f718a7b9feaf3554e13', 'storage/music/01 - Anuv Jain - HUSN (Official Video).mp3', 'storage/thumbnails/872a90f4a07b8f500beb8d9ff34881e11c426aed07af1f718a7b9feaf3554e13.jpg', 0, '2026-05-12 16:39:26'),
(102, 2, 2, 5, 'Anuv Jain - AFSOS ft. AP Dhillon (Official Visualizer)', 'anuv-jain-afsos-ft-ap-dhillon-official-visualizer', 191, 130615, 48000, 3137103, '9ee90f39a960d6547fa66eccb47d9287beb8334fa4f6dd2781987417be837001', 'storage/music/01 - Anuv Jain - AFSOS ft. AP Dhillon (Official Visualizer).mp3', 'storage/thumbnails/9ee90f39a960d6547fa66eccb47d9287beb8334fa4f6dd2781987417be837001.jpg', 0, '2026-05-12 16:39:53'),
(103, 2, 2, 5, 'BAARISHEIN (Studio) Anuv Jain', 'baarishein-studio-anuv-jain', 207, 113098, 48000, 2933646, 'bcd6c7db6bb90a7ac801611fe2eecb642dd249061b213a5cca3809f417dbf169', 'storage/music/01 - BAARISHEIN (Studio) Anuv Jain.mp3', NULL, 0, '2026-05-12 16:40:22'),
(104, 2, 2, 5, 'RIHA by Anuv Jain (Studio)', 'riha-by-anuv-jain-studio', 293, 127011, 48000, 4655369, '49608d230542ce818655b82c596560dd08a037a9200c2a57def6b3baf50e4637', 'storage/music/01 - RIHA by Anuv Jain (Studio).mp3', NULL, 0, '2026-05-12 16:41:17'),
(105, 2, 2, 5, 'Anuv Jain - MAZAAK (Official Video)', 'anuv-jain-mazaak-official-video', 233, 127375, 48000, 3716258, '110f79586877716b7423f1f56a2d9c1f4e389f81ad2e1f86819d4efc874d12f5', 'storage/music/01 - Anuv Jain - MAZAAK (Official Video).mp3', 'storage/thumbnails/110f79586877716b7423f1f56a2d9c1f4e389f81ad2e1f86819d4efc874d12f5.jpg', 0, '2026-05-12 16:41:46'),
(106, 2, 2, 5, 'BROWN MUNDE - AP DHILLON | GURINDER GILL | SHINDA KAHLON (Official Music Video)', 'brown-munde-ap-dhillon-gurinder-gill-shinda-kahlon-official-music-video', 267, 129618, 48000, 4338938, '512bb143eecd71a45cbc3933ac562a3487bc28c128c8aea4d12b6ba30c57fb58', 'storage/music/01 - BROWN MUNDE - AP DHILLON _ GURINDER GILL _ SHINDA KAHLON (Official Music Video).mp3', 'storage/thumbnails/512bb143eecd71a45cbc3933ac562a3487bc28c128c8aea4d12b6ba30c57fb58.jpg', 0, '2026-05-12 16:42:14'),
(107, 2, 2, 5, 'With You - AP Dhillon (Official Music Video)', 'with-you-ap-dhillon-official-music-video', 155, 135651, 48000, 2630027, '268f66b6ceaf800c8b8d861772f28129a0576c28129c4f1890e497c85613f1dc', 'storage/music/01 - With You - AP Dhillon (Official Music Video).mp3', 'storage/thumbnails/268f66b6ceaf800c8b8d861772f28129a0576c28129c4f1890e497c85613f1dc.jpg', 0, '2026-05-12 16:42:35'),
(108, 2, 2, 5, 'INSANE - AP DHILLON | GURINDER GILL | SHINDA KAHLON (Official Music Video)', 'insane-ap-dhillon-gurinder-gill-shinda-kahlon-official-music-video', 203, 125508, 48000, 3189037, '598ca367e24385efb99a9750f023453591ba8477ca6207317dd4c21b0be6eb82', 'storage/music/01 - INSANE - AP DHILLON _ GURINDER GILL _ SHINDA KAHLON (Official Music Video).mp3', 'storage/thumbnails/598ca367e24385efb99a9750f023453591ba8477ca6207317dd4c21b0be6eb82.jpg', 0, '2026-05-12 16:42:59'),
(109, 2, 2, 5, 'Thodi Si Daaru (Official Music Video) | AP Dhillon | Shreya Ghoshal | Tara Sutaria', 'thodi-si-daaru-official-music-video-ap-dhillon-shreya-ghoshal-tara-sutaria', 180, 136734, 48000, 3083623, '22b9ee0128393977c2183e4cc2d52ef9e9615828d68ff6dd683ee04bc0c59f27', 'storage/music/01 - Thodi Si Daaru (Official Music Video) _ AP Dhillon _ Shreya Ghoshal _ Tara Sutaria.mp3', 'storage/thumbnails/22b9ee0128393977c2183e4cc2d52ef9e9615828d68ff6dd683ee04bc0c59f27.jpg', 0, '2026-05-12 16:43:24'),
(110, 2, 2, 5, 'Ma Belle - AP Dhillon (ft. Amari) [Official Music Video]', 'ma-belle-ap-dhillon-ft-amari-official-music-video', 168, 121982, 48000, 2565927, 'b81545c9d941beb35cc053631aea7248aad0cb89745ed09495bf051c773e70a5', 'storage/music/01 - Ma Belle - AP Dhillon (ft. Amari) [Official Music Video].mp3', 'storage/thumbnails/b81545c9d941beb35cc053631aea7248aad0cb89745ed09495bf051c773e70a5.jpg', 0, '2026-05-12 16:43:47'),
(111, 2, 2, 5, 'SAADA PYAAR - AP DHILLON | MONEY MUSIK (Official Music Video)', 'saada-pyaar-ap-dhillon-money-musik-official-music-video', 216, 140635, 48000, 3810004, '2208066eeed59a3cc9df93a78a57655197345e230da1956ae3063f8f240d47f0', 'storage/music/01 - SAADA PYAAR - AP DHILLON _ MONEY MUSIK (Official Music Video).mp3', 'storage/thumbnails/2208066eeed59a3cc9df93a78a57655197345e230da1956ae3063f8f240d47f0.jpg', 0, '2026-05-12 16:44:25'),
(112, 2, 2, 5, 'DROPTOP - AP Dhillon | Gurinder Gill | Gminxr (Official Music Video)', 'droptop-ap-dhillon-gurinder-gill-gminxr-official-music-video', 144, 130671, 48000, 2369867, '84c08d41659afb16acea44c76253d5b4abe1ec49445be4998a5a2acb50b25583', 'storage/music/01 - DROPTOP - AP Dhillon _ Gurinder Gill _ Gminxr (Official Music Video).mp3', 'storage/thumbnails/84c08d41659afb16acea44c76253d5b4abe1ec49445be4998a5a2acb50b25583.jpg', 0, '2026-05-12 16:44:52'),
(113, 2, 2, 5, 'TOXIC - AP DHILLON | INTENSE (Official Music Video)', 'toxic-ap-dhillon-intense-official-music-video', 186, 134401, 48000, 3130270, '84ef6c16801f6f6f3b64e9d9b528238662d2e8c848439df615131bbe23440035', 'storage/music/01 - TOXIC - AP DHILLON _ INTENSE (Official Music Video).mp3', NULL, 0, '2026-05-12 16:45:16'),
(114, 2, 2, 5, 'FARAAR - GURINDER GILL | SHINDA KAHLON | AP DHILLON', 'faraar-gurinder-gill-shinda-kahlon-ap-dhillon', 135, 119599, 48000, 2027078, '6689e8e298965a761dd8435a8b5c90948f36a7744ee4036af06005442963409d', 'storage/music/01 - FARAAR - GURINDER GILL _ SHINDA KAHLON _ AP DHILLON.mp3', 'storage/thumbnails/6689e8e298965a761dd8435a8b5c90948f36a7744ee4036af06005442963409d.jpg', 0, '2026-05-12 16:45:37'),
(115, 2, 2, 5, 'SUMMER HIGH - AP DHILLON (Official Music Video)', 'summer-high-ap-dhillon-official-music-video', 205, 138987, 48000, 3571314, '89c8390f0a9c0aa6bd8b49fd9ae689c6e8e34aca0f2321481992b2956f636caa', 'storage/music/01 - SUMMER HIGH - AP DHILLON (Official Music Video).mp3', 'storage/thumbnails/89c8390f0a9c0aa6bd8b49fd9ae689c6e8e34aca0f2321481992b2956f636caa.jpg', 0, '2026-05-12 16:46:06');
INSERT INTO `songs` (`id`, `album_id`, `language_id`, `era_id`, `title`, `slug`, `duration`, `bitrate`, `sample_rate`, `file_size`, `audio_hash`, `file_path`, `thumbnail_path`, `play_count`, `created_at`) VALUES
(116, 2, 2, 5, 'Din Shagna Da - Jasleen Royal', 'din-shagna-da-jasleen-royal', 222, 132173, 48000, 3683672, 'f7a6482c7ae8d8aafcb67b8fe026c12ba7f7a04075da03573743bac5ef3dfd53', 'storage/music/01 - Din Shagna Da - Jasleen Royal.mp3', 'storage/thumbnails/f7a6482c7ae8d8aafcb67b8fe026c12ba7f7a04075da03573743bac5ef3dfd53.jpg', 0, '2026-05-12 16:46:37'),
(117, 2, 2, 5, 'Assi Sajna - Jasleen Royal | Official Music Video | Intense | Aditya Sharma | Sharic Sequeira', 'assi-sajna-jasleen-royal-official-music-video-intense-aditya-sharma-sharic-sequeira', 199, 134834, 48000, 3361208, '98d543704d5c5b352c9c016a94a6b00da44bbee3d5600c7b957042673c2ed480', 'storage/music/01 - Assi Sajna - Jasleen Royal _ Official Music Video _ Intense _ Aditya Sharma _ Sharic Sequeira.mp3', 'storage/thumbnails/98d543704d5c5b352c9c016a94a6b00da44bbee3d5600c7b957042673c2ed480.jpg', 0, '2026-05-12 16:47:02'),
(118, 2, 2, 5, 'DASTOOR (Video) Jasleen Royal | Aditya Sharma| Jackie S, Neena G, Akansha R, Babil K | Taani Tanvir', 'dastoor-video-jasleen-royal-aditya-sharma-jackie-s-neena-g-akansha-r-babil-k-taani-tanvir', 223, 121902, 48000, 3408538, '9452d7e914fc252e5a5f1f770a41b7a747c53a9ec325f0b1b62382534d6904b2', 'storage/music/01 - DASTOOR (Video) Jasleen Royal _ Aditya Sharma_ Jackie S, Neena G, Akansha R, Babil K _ Taani Tanvir.mp3', 'storage/thumbnails/9452d7e914fc252e5a5f1f770a41b7a747c53a9ec325f0b1b62382534d6904b2.jpg', 0, '2026-05-12 16:47:28'),
(119, 2, 2, 5, 'Nit Nit (Lyrical Video) | Jasleen Royal | Aditya Sharma | New Punjabi Song 2020', 'nit-nit-lyrical-video-jasleen-royal-aditya-sharma-new-punjabi-song-2020', 245, 127442, 48000, 3913730, '110ecfc51fc23d94356ed3ccf43cce729f7c4883574d550485dfc4eb86ed814e', 'storage/music/01 - Nit Nit (Lyrical Video) _ Jasleen Royal _ Aditya Sharma _ New Punjabi Song 2020.mp3', 'storage/thumbnails/110ecfc51fc23d94356ed3ccf43cce729f7c4883574d550485dfc4eb86ed814e.jpg', 0, '2026-05-12 16:47:57'),
(120, 2, 2, 5, 'Sahiba (Lyric Video) Jasleen Royal |Vijay Deverakonda Radhikka Madan|Stebin| Priya|Aditya| Sudhanshu', 'sahiba-lyric-video-jasleen-royal-vijay-deverakonda-radhikka-madan-stebin-priya-aditya-sudhanshu', 221, 135604, 48000, 3760269, '4429b246d4177f5088cdd3ded7de884e034854faa306f29b2b485df656022e29', 'storage/music/01 - Sahiba (Lyric Video) Jasleen Royal _Vijay Deverakonda Radhikka Madan_Stebin_ Priya_Aditya_ Sudhanshu.mp3', 'storage/thumbnails/4429b246d4177f5088cdd3ded7de884e034854faa306f29b2b485df656022e29.jpg', 0, '2026-05-12 16:48:22'),
(121, 2, 2, 5, 'Deh Shiva (Lyrical Video) | Jasleen Royal | Kesari', 'deh-shiva-lyrical-video-jasleen-royal-kesari', 157, 120669, 48000, 2379299, '09681095e9873deba7d0d99364084e122f5cf66fd52a67ead789e91558046f07', 'storage/music/01 - Deh Shiva (Lyrical Video) _ Jasleen Royal _ Kesari.mp3', 'storage/thumbnails/09681095e9873deba7d0d99364084e122f5cf66fd52a67ead789e91558046f07.jpg', 0, '2026-05-12 16:48:46'),
(122, 2, 2, 5, 'Inaam - Jasleen Royal Ft. Badshah | Ansh Chahal | Offical Lyrcial Video', 'inaam-jasleen-royal-ft-badshah-ansh-chahal-offical-lyrcial-video', 178, 123023, 48000, 2742775, '0c5159d8d3731b7b56e5ce1a513badad4a218eed6908c2c970e8c7e11f266b0a', 'storage/music/01 - Inaam - Jasleen Royal Ft. Badshah _ Ansh Chahal _ Offical Lyrcial Video.mp3', 'storage/thumbnails/0c5159d8d3731b7b56e5ce1a513badad4a218eed6908c2c970e8c7e11f266b0a.jpg', 0, '2026-05-12 16:49:09'),
(123, 2, 2, 5, 'Daryaa - Cover Song | Jasleen Royal | Friday Jams With Jasleen | Amit Trivedi | Manmarziyaan', 'daryaa-cover-song-jasleen-royal-friday-jams-with-jasleen-amit-trivedi-manmarziyaan', 201, 109284, 48000, 2757421, 'ab06464eeb0772bed0b25d9e47652c74adb970a7900b1f706fe7d87125a562d0', 'storage/music/01 - Daryaa - Cover Song _ Jasleen Royal _ Friday Jams With Jasleen _ Amit Trivedi _ Manmarziyaan.mp3', 'storage/thumbnails/ab06464eeb0772bed0b25d9e47652c74adb970a7900b1f706fe7d87125a562d0.jpg', 0, '2026-05-12 16:49:33'),
(124, 2, 2, 5, 'Prateek Kuhad - Co2 (Official Audio)', 'prateek-kuhad-co2-official-audio', 163, 128080, 48000, 2623811, 'f0ef65a29f335280e56c25be96b42a006b388a6d42b506ca7d0265ae8b42d427', 'storage/music/01 - Prateek Kuhad - Co2 (Official Audio).mp3', 'storage/thumbnails/f0ef65a29f335280e56c25be96b42a006b388a6d42b506ca7d0265ae8b42d427.jpg', 0, '2026-05-12 16:49:55'),
(125, 2, 2, 5, 'Kasoor (Acoustic) - Prateek Kuhad | Official Lyric Video 🌻✨', 'kasoor-acoustic-prateek-kuhad-official-lyric-video', 213, 131911, 48000, 3515535, '2c076a48e056cea507f739ebddfdb726d8ddff80e964ed700b203f7f0a3ee24b', 'storage/music/01 - Kasoor (Acoustic) - Prateek Kuhad _ Official Lyric Video 🌻✨.mp3', 'storage/thumbnails/2c076a48e056cea507f739ebddfdb726d8ddff80e964ed700b203f7f0a3ee24b.jpg', 0, '2026-05-12 16:50:23'),
(126, 2, 2, 5, 'Prateek Kuhad - Kasoor (Official Music Video)', 'prateek-kuhad-kasoor-official-music-video', 209, 132096, 48000, 3472388, 'fecad5d5c8d83a902ed6665adc0f6969ee5d0ba2b9e1c0bb0df40922c009cdb6', 'storage/music/01 - Prateek Kuhad - Kasoor (Official Music Video).mp3', 'storage/thumbnails/fecad5d5c8d83a902ed6665adc0f6969ee5d0ba2b9e1c0bb0df40922c009cdb6.jpg', 0, '2026-05-12 16:50:53'),
(127, 2, 2, 5, 'Prateek Kuhad - cold/mess', 'prateek-kuhad-cold-mess', 367, 110297, 48000, 5071356, '15718026f22668fc77f48fb797b5f4f93ffa6e1579d84ad99cc045b63c2126cb', 'storage/music/01 - Prateek Kuhad - cold_mess.mp3', 'storage/thumbnails/15718026f22668fc77f48fb797b5f4f93ffa6e1579d84ad99cc045b63c2126cb.jpg', 0, '2026-05-12 16:51:24'),
(128, 2, 2, 5, 'Kho Gaye Hum Kahaan (Live in Ahmedabad)', 'kho-gaye-hum-kahaan-live-in-ahmedabad', 238, 122060, 48000, 3635320, '61193d4fcfc61cb888bcd51c1559b4115392510797c351c0aabeb11f43bf3f37', 'storage/music/01 - Kho Gaye Hum Kahaan (Live in Ahmedabad).mp3', 'storage/thumbnails/61193d4fcfc61cb888bcd51c1559b4115392510797c351c0aabeb11f43bf3f37.jpg', 0, '2026-05-12 16:51:52'),
(129, 2, 2, 5, 'Prateek Kuhad - Mulaqat (Official Music Video) | Tara Sutaria', 'prateek-kuhad-mulaqat-official-music-video-tara-sutaria', 255, 122312, 48000, 3909344, 'a479c3fc8ea706410b331ffe09459ade5995ac43150261efdcfaa8df1e7873f2', 'storage/music/01 - Prateek Kuhad - Mulaqat (Official Music Video) _ Tara Sutaria.mp3', 'storage/thumbnails/a479c3fc8ea706410b331ffe09459ade5995ac43150261efdcfaa8df1e7873f2.jpg', 0, '2026-05-12 16:52:19'),
(130, 2, 2, 5, 'Prateek Kuhad - Tune Kaha | Official Audio', 'prateek-kuhad-tune-kaha-official-audio', 220, 127748, 48000, 3522439, '09fde1653244d8fbe586670fa8523e4596926c05ba81aedd60111440943bd3ec', 'storage/music/01 - Prateek Kuhad - Tune Kaha _ Official Audio.mp3', 'storage/thumbnails/09fde1653244d8fbe586670fa8523e4596926c05ba81aedd60111440943bd3ec.jpg', 0, '2026-05-12 16:52:46'),
(131, 2, 2, 5, 'Prateek Kuhad - Tune Kaha | Official Music Video', 'prateek-kuhad-tune-kaha-official-music-video', 236, 124736, 48000, 3687835, '9df9078357a553059b5e9465b2f6d1d35c0267417a40dccf752b90542dac39fe', 'storage/music/01 - Prateek Kuhad - Tune Kaha _ Official Music Video.mp3', 'storage/thumbnails/9df9078357a553059b5e9465b2f6d1d35c0267417a40dccf752b90542dac39fe.jpg', 0, '2026-05-12 16:53:13'),
(132, 2, 2, 5, 'Tere Hi Hum - Prateek Kuhad | Official Lyric Video ✨🚀', 'tere-hi-hum-prateek-kuhad-official-lyric-video', 177, 137678, 48000, 3050885, 'cfbb6ad0e3864d60ecddd283ce3668422572b05a68be1a4941bb1e00c9bcc33d', 'storage/music/01 - Tere Hi Hum - Prateek Kuhad _ Official Lyric Video ✨🚀.mp3', 'storage/thumbnails/cfbb6ad0e3864d60ecddd283ce3668422572b05a68be1a4941bb1e00c9bcc33d.jpg', 0, '2026-05-12 16:53:41'),
(133, 2, 2, 5, 'Darshan Raval - Tu Mileya | Official Audio | Lijo George | Gaana Originals | Indie Music Label', 'darshan-raval-tu-mileya-official-audio-lijo-george-gaana-originals-indie-music-label', 210, 131886, 48000, 3477136, '7a39a3416fa7c41aebe807d42a8919ae60f4061899ae66dd51d5289b3b651955', 'storage/music/01 - Darshan Raval - Tu Mileya _ Official Audio _ Lijo George _ Gaana Originals _ Indie Music Label.mp3', 'storage/thumbnails/7a39a3416fa7c41aebe807d42a8919ae60f4061899ae66dd51d5289b3b651955.jpg', 0, '2026-05-12 16:54:09'),
(134, 2, 2, 5, 'Nayan Ne Bandh Rakhine - Darshan Raval', 'nayan-ne-bandh-rakhine-darshan-raval', 211, 140772, 48000, 3721588, '391de31e5a1777acfc9f2e9b709f39f2f65b2b411ed57224dc23ecb89f0aa046', 'storage/music/01 - Nayan Ne Bandh Rakhine - Darshan Raval.mp3', 'storage/thumbnails/391de31e5a1777acfc9f2e9b709f39f2f65b2b411ed57224dc23ecb89f0aa046.jpg', 0, '2026-05-12 16:54:35'),
(135, 2, 2, 5, 'Sajna - Darshan Raval, Dharal Surelia (Official Video)', 'sajna-darshan-raval-dharal-surelia-official-video', 247, 120301, 48000, 3729266, '6e756eb58a99abf66a10d3627a5e4f4c283af38df9489eba2fe720d1c872ca92', 'storage/music/01 - Sajna - Darshan Raval, Dharal Surelia (Official Video).mp3', 'storage/thumbnails/6e756eb58a99abf66a10d3627a5e4f4c283af38df9489eba2fe720d1c872ca92.jpg', 0, '2026-05-12 16:55:02'),
(136, 2, 2, 5, 'Ab Phirse Jab Baarish - Darshan Raval | Official Video 2016', 'ab-phirse-jab-baarish-darshan-raval-official-video-2016', 222, 127585, 48000, 3557339, '551a73d85515b713fc058e9bbd98271b25f914fe0b6a66d91d3ad218187feb67', 'storage/music/01 - Ab Phirse Jab Baarish - Darshan Raval _ Official Video 2016.mp3', NULL, 0, '2026-05-12 16:55:28'),
(137, 2, 2, 5, 'Ishq Chadha Hai | Darshan Raval | Official Video', 'ishq-chadha-hai-darshan-raval-official-video', 233, 128727, 48000, 3761642, 'd4354af23012b2fc14e4ab56aac7eec6736716371b1c3aed15f53236352d2b12', 'storage/music/01 - Ishq Chadha Hai _ Darshan Raval _ Official Video.mp3', 'storage/thumbnails/d4354af23012b2fc14e4ab56aac7eec6736716371b1c3aed15f53236352d2b12.jpg', 0, '2026-05-12 16:55:53'),
(138, 2, 2, 5, 'Tere Siva - Darshan Raval | Official Music Video 2016', 'tere-siva-darshan-raval-official-music-video-2016', 254, 137676, 48000, 4379577, '2b26072050bca995b68f9a532795e9b3b3d4632049045df89813f535d82a6b87', 'storage/music/01 - Tere Siva - Darshan Raval _ Official Music Video 2016.mp3', 'storage/thumbnails/2b26072050bca995b68f9a532795e9b3b3d4632049045df89813f535d82a6b87.jpg', 0, '2026-05-12 16:56:21'),
(139, 2, 2, 5, 'Ye Baarish | Darshan Raval | Official 2017 | Love Song', 'ye-baarish-darshan-raval-official-2017-love-song', 212, 131381, 48000, 3496486, '6eaafd03bd6eccb27759477dd27ae66e574d35bd92c51b4fc33eb673a1585f8d', 'storage/music/01 - Ye Baarish _ Darshan Raval _ Official 2017 _ Love Song.mp3', 'storage/thumbnails/6eaafd03bd6eccb27759477dd27ae66e574d35bd92c51b4fc33eb673a1585f8d.jpg', 0, '2026-05-12 16:56:46'),
(140, 2, 2, 5, 'Tu Dua Hai - Darshan Raval | Valentine\'s Day Special Song 2016', 'tu-dua-hai-darshan-raval-valentine-s-day-special-song-2016', 220, 135368, 48000, 3732930, '719bbdb5c8f847df3829e90f225641c1e69cf8180645acc5c0f372f324157f0d', 'storage/music/01 - Tu Dua Hai - Darshan Raval _ Valentine\'s Day Special Song 2016.mp3', 'storage/thumbnails/719bbdb5c8f847df3829e90f225641c1e69cf8180645acc5c0f372f324157f0d.jpg', 0, '2026-05-12 16:57:10'),
(141, 2, 2, 5, 'Baarish Yaariyan Full Video Song (Official) | Himansh Kohli, Rakul Preet | Divya Khosla Kumar', 'baarish-yaariyan-full-video-song-official-himansh-kohli-rakul-preet-divya-khosla-kumar', 228, 128587, 48000, 3687141, 'd25e1ed32d6c51bdb760d7bcc53f3553d8073cfcdfc200c6eae20c749eae0f43', 'storage/music/01 - Baarish Yaariyan Full Video Song (Official) _ Himansh Kohli, Rakul Preet _ Divya Khosla Kumar.mp3', 'storage/thumbnails/d25e1ed32d6c51bdb760d7bcc53f3553d8073cfcdfc200c6eae20c749eae0f43.jpg', 0, '2026-05-12 16:57:37'),
(142, 2, 2, 5, 'Tere Bina - Arijit Singh | 1921 | Zareen Khan & Karan Kundrra | Aakanksha S | Asad Khan | Lyrical', 'tere-bina-arijit-singh-1921-zareen-khan-and-karan-kundrra-aakanksha-s-asad-khan-lyrical', 261, 130818, 48000, 4286184, '4fda50752ed77b32623fba28777a49c691487975c4bd98183749ab89176a7792', 'storage/music/01 - Tere Bina - Arijit Singh _ 1921 _ Zareen Khan & Karan Kundrra _ Aakanksha S _ Asad Khan _ Lyrical.mp3', 'storage/thumbnails/4fda50752ed77b32623fba28777a49c691487975c4bd98183749ab89176a7792.jpg', 0, '2026-05-12 16:58:04'),
(143, 2, 2, 5, 'JAB TAK Video Song | M.S. DHONI -THE UNTOLD STORY | Armaan Malik, Amaal Mallik |Sushant Singh Rajput', 'jab-tak-video-song-m-s-dhoni-the-untold-story-armaan-malik-amaal-mallik-sushant-singh-rajput', 145, 133059, 48000, 2427542, '50ff20f7533ac822e09d8d49b1ad8b33e33cd46f8170819e658c73a8dd94c17e', 'storage/music/01 - JAB TAK Video Song _ M.S. DHONI -THE UNTOLD STORY _ Armaan Malik, Amaal Mallik _Sushant Singh Rajput.mp3', 'storage/thumbnails/50ff20f7533ac822e09d8d49b1ad8b33e33cd46f8170819e658c73a8dd94c17e.jpg', 0, '2026-05-12 16:58:29'),
(144, 2, 2, 5, 'Tu Har Lamha Full Video - Khamoshiyan | Arijit Singh | Ali Fazal, Sapna Pabbi | Bobby-Imran', 'tu-har-lamha-full-video-khamoshiyan-arijit-singh-ali-fazal-sapna-pabbi-bobby-imran', 261, 128787, 48000, 4208685, '1d6dff5450f2e9d062e533ebc3af9ac5223519d7fadae1f1e10a88ff8d6a3ed2', 'storage/music/01 - Tu Har Lamha Full Video - Khamoshiyan _ Arijit Singh _ Ali Fazal, Sapna Pabbi _ Bobby-Imran.mp3', 'storage/thumbnails/1d6dff5450f2e9d062e533ebc3af9ac5223519d7fadae1f1e10a88ff8d6a3ed2.jpg', 0, '2026-05-12 16:58:59'),
(145, 2, 2, 5, 'Tera Rastaa Chhodoon Na Song Chennai Express | Shahrukh Khan, Deepika Padukone', 'tera-rastaa-chhodoon-na-song-chennai-express-shahrukh-khan-deepika-padukone', 131, 131744, 48000, 2169222, 'f96ae067dad6534d6f32c24f566c927a556876558080d2b803998bc5c9bea29e', 'storage/music/01 - Tera Rastaa Chhodoon Na Song Chennai Express _ Shahrukh Khan, Deepika Padukone.mp3', 'storage/thumbnails/f96ae067dad6534d6f32c24f566c927a556876558080d2b803998bc5c9bea29e.jpg', 0, '2026-05-12 16:59:25'),
(146, 2, 2, 5, 'Ek Din Teri Raahon Mein - Naqaab | Javed Ali | Bobby Deol, Urvashi Sharrma, Akshaye | Pritam', 'ek-din-teri-raahon-mein-naqaab-javed-ali-bobby-deol-urvashi-sharrma-akshaye-pritam', 257, 139437, 48000, 4501227, '5c65df5fefe3fa9f2d30cc9cde9be06247c9edd36e352aa7c3bb96ccace10f83', 'storage/music/01 - Ek Din Teri Raahon Mein - Naqaab _ Javed Ali _ Bobby Deol, Urvashi Sharrma, Akshaye _ Pritam.mp3', 'storage/thumbnails/5c65df5fefe3fa9f2d30cc9cde9be06247c9edd36e352aa7c3bb96ccace10f83.jpg', 0, '2026-05-12 16:59:52'),
(147, 2, 2, 5, 'Aaj Bhi (8K/4K Music Video) Vishal Mishra | Ali Fazal, Surbhi Jyoti | Heartbreak Song 2026', 'aaj-bhi-8k-4k-music-video-vishal-mishra-ali-fazal-surbhi-jyoti-heartbreak-song-2026', 261, 124998, 48000, 4091901, '03cd83d9a9eab181a6a7679c7bb08691d8cea876ac423c352540d82138bd492d', 'storage/music/01 - Aaj Bhi (8K_4K Music Video) Vishal Mishra _ Ali Fazal, Surbhi Jyoti _ Heartbreak Song 2026.mp3', NULL, 0, '2026-05-12 17:00:28'),
(148, 2, 2, 5, 'Jee Le Zaraa - Trending Version (Lyrics) | Talaash  | Aamir Khan |Rani Mukherjee,Kareena Kapoor Khan', 'jee-le-zaraa-trending-version-lyrics-talaash-aamir-khan-rani-mukherjee-kareena-kapoor-khan', 190, 124599, 48000, 2969558, '56b8615b5cc592e95650a5a74b3818123fafb9c9193361a9f1ab63c676190a1c', 'storage/music/01 - Jee Le Zaraa - Trending Version (Lyrics) _ Talaash  _ Aamir Khan _Rani Mukherjee,Kareena Kapoor Khan.mp3', 'storage/thumbnails/56b8615b5cc592e95650a5a74b3818123fafb9c9193361a9f1ab63c676190a1c.jpg', 0, '2026-05-12 17:01:06'),
(149, 2, 2, 5, 'Ishq Bulaava Full Video - Hasee Toh Phasee|Parineeti, Sidharth|Sanam Puri, Shipra Goyal', 'ishq-bulaava-full-video-hasee-toh-phasee-parineeti-sidharth-sanam-puri-shipra-goyal', 244, 131346, 48000, 4020941, '386590ba0dbeb240f5960213ad648dcc366fb0604bd99089d8ab313576d8816e', 'storage/music/01 - Ishq Bulaava Full Video - Hasee Toh Phasee_Parineeti, Sidharth_Sanam Puri, Shipra Goyal.mp3', 'storage/thumbnails/386590ba0dbeb240f5960213ad648dcc366fb0604bd99089d8ab313576d8816e.jpg', 0, '2026-05-12 17:01:35'),
(150, 2, 2, 5, 'Full Video: CHALE AANA | De De Pyaar De I Ajay Devgn, Tabu, Rakul Preet l Armaan M, Amaal M,Kunaal V', 'full-video-chale-aana-de-de-pyaar-de-i-ajay-devgn-tabu-rakul-preet-l-armaan-m-amaal-m-kunaal-v', 253, 139942, 48000, 4445356, '649af5c90bd91730a3888bcdc6d4da95cf301c0e22a6f2517ec2d4415134fc05', 'storage/music/01 - Full Video_ CHALE AANA _ De De Pyaar De I Ajay Devgn, Tabu, Rakul Preet l Armaan M, Amaal M,Kunaal V.mp3', 'storage/thumbnails/649af5c90bd91730a3888bcdc6d4da95cf301c0e22a6f2517ec2d4415134fc05.jpg', 0, '2026-05-12 17:02:09'),
(151, 2, 2, 5, 'Aditya Rikhari - SAMJHO NA ( NASAMAJH )', 'aditya-rikhari-samjho-na-nasamajh', 169, 121818, 48000, 2588991, '2348fc85583c996931629ed38423922d0f93d556ba9ca5aff5a756ca951a92b6', 'storage/music/01 - Aditya Rikhari - SAMJHO NA ( NASAMAJH ).mp3', 'storage/thumbnails/2348fc85583c996931629ed38423922d0f93d556ba9ca5aff5a756ca951a92b6.jpg', 0, '2026-05-12 17:02:36'),
(152, 2, 2, 5, 'Aditya Rikhari - Paaro (Official Video)', 'aditya-rikhari-paaro-official-video', 217, 120629, 48000, 3288863, '781e287f6edafbb98cfeb2d714c84f8b3c56bc0394acc78b5bbf8dfe344c6632', 'storage/music/01 - Aditya Rikhari - Paaro (Official Video).mp3', 'storage/thumbnails/781e287f6edafbb98cfeb2d714c84f8b3c56bc0394acc78b5bbf8dfe344c6632.jpg', 0, '2026-05-12 17:03:01'),
(153, 2, 2, 5, 'Aditya Rikhari - FAASLE', 'aditya-rikhari-faasle', 216, 119250, 48000, 3224717, '1f44ac493fa93045196621951b24d0d392bf8e61d0613fd23f562b545e99ebf4', 'storage/music/01 - Aditya Rikhari - FAASLE.mp3', 'storage/thumbnails/1f44ac493fa93045196621951b24d0d392bf8e61d0613fd23f562b545e99ebf4.jpg', 0, '2026-05-12 17:03:29'),
(154, 2, 2, 5, 'Aditya Rikhari – TERI YAAD (Video)', 'aditya-rikhari-teri-yaad-video', 238, 112580, 48000, 3366390, '225bfcc861a3ecd09a786d46188d9be9004850469c32e19e8101c49785a25b36', 'storage/music/01 - Aditya Rikhari – TERI YAAD (Video).mp3', 'storage/thumbnails/225bfcc861a3ecd09a786d46188d9be9004850469c32e19e8101c49785a25b36.jpg', 0, '2026-05-12 17:03:57'),
(155, 2, 2, 5, 'Aditya Rikhari - NASAMAJH', 'aditya-rikhari-nasamajh', 248, 137943, 48000, 4288029, 'dc6f7f3b35c499a3582c316fb7ae2c088e40439100016bc35c5c50c2300297d3', 'storage/music/01 - Aditya Rikhari - NASAMAJH.mp3', 'storage/thumbnails/dc6f7f3b35c499a3582c316fb7ae2c088e40439100016bc35c5c50c2300297d3.jpg', 0, '2026-05-12 17:04:29'),
(156, 2, 2, 5, 'Suroor (Official Video) Aditya Rikhari x Rochak Kohli | Gurpreet Saini | Palak Kohli', 'suroor-official-video-aditya-rikhari-x-rochak-kohli-gurpreet-saini-palak-kohli', 274, 132517, 48000, 4546204, '7fb6db9a9f63134511da003796a7f2a8123572bb5d78048b86a8a931e16c7849', 'storage/music/01 - Suroor (Official Video) Aditya Rikhari x Rochak Kohli _ Gurpreet Saini _ Palak Kohli.mp3', NULL, 0, '2026-05-12 17:05:17'),
(157, 2, 2, 5, 'Aditya Rikhari - Tinka (Official Music Video) ft. Mugdha Agarwal', 'aditya-rikhari-tinka-official-music-video-ft-mugdha-agarwal', 206, 120560, 48000, 3109012, '62ff9c11dee94e8243ad0858e531fc7f13cd1c04978eaee1810f7f51e83d3b66', 'storage/music/01 - Aditya Rikhari - Tinka (Official Music Video) ft. Mugdha Agarwal.mp3', 'storage/thumbnails/62ff9c11dee94e8243ad0858e531fc7f13cd1c04978eaee1810f7f51e83d3b66.jpg', 0, '2026-05-12 17:05:38'),
(158, 2, 2, 5, 'Lady Gaga - Always Remember Us This Way (from A Star Is Born) (Official Music Video)', 'lady-gaga-always-remember-us-this-way-from-a-star-is-born-official-music-video', 241, 121696, 48000, 3680049, '6726da5c4511ce51734526ba1f8d55779914a5af0fa80eb595af9994a3c1fa46', 'storage/music/01 - Lady Gaga - Always Remember Us This Way (from A Star Is Born) (Official Music Video).mp3', 'storage/thumbnails/6726da5c4511ce51734526ba1f8d55779914a5af0fa80eb595af9994a3c1fa46.jpg', 0, '2026-05-12 17:07:53'),
(159, 2, 2, 5, 'Lady Gaga - Alejandro (Official Music Video)', 'lady-gaga-alejandro-official-music-video', 523, 129622, 48000, 8480813, '74a8f775b0144dda4c3d88e79ea8edc48b64c87da5e4329517f6fd637577879e', 'storage/music/01 - Lady Gaga - Alejandro (Official Music Video).mp3', 'storage/thumbnails/74a8f775b0144dda4c3d88e79ea8edc48b64c87da5e4329517f6fd637577879e.jpg', 0, '2026-05-12 17:08:42'),
(160, 2, 2, 5, 'Lady Gaga - Judas (Official Music Video)', 'lady-gaga-judas-official-music-video', 334, 134520, 48000, 5625999, 'c3b489f491efe4534d68fb46ffb5c1cc0d678808c08e6726d133fbfb41afe180', 'storage/music/01 - Lady Gaga - Judas (Official Music Video).mp3', 'storage/thumbnails/c3b489f491efe4534d68fb46ffb5c1cc0d678808c08e6726d133fbfb41afe180.jpg', 0, '2026-05-12 17:09:13'),
(161, 2, 2, 5, 'Lady Gaga, Bruno Mars - Die With A Smile (Official Music Video)', 'lady-gaga-bruno-mars-die-with-a-smile-official-music-video', 252, 120000, 48000, 3787654, '59d5a3eecf24733a16471df7d8af34727bb9c3c253ab0c9eeb3fe0d54d024b4c', 'storage/music/01 - Lady Gaga, Bruno Mars - Die With A Smile (Official Music Video).mp3', 'storage/thumbnails/59d5a3eecf24733a16471df7d8af34727bb9c3c253ab0c9eeb3fe0d54d024b4c.jpg', 0, '2026-05-12 17:09:38'),
(162, 2, 2, 5, 'Sitaare | Ikkis | Agastya Nanda, Simar Bhatia, Dharmendra Deol, Jaideep A | Arijit Singh, Amitabh B', 'sitaare-ikkis-agastya-nanda-simar-bhatia-dharmendra-deol-jaideep-a-arijit-singh-amitabh-b', 195, 118477, 48000, 2910758, '26db64d31742264bb77c4afa15aa8f25c17d246184804a49655200fbdab29057', 'storage/music/01 - Sitaare _ Ikkis _ Agastya Nanda, Simar Bhatia, Dharmendra Deol, Jaideep A _ Arijit Singh, Amitabh B.mp3', 'storage/thumbnails/26db64d31742264bb77c4afa15aa8f25c17d246184804a49655200fbdab29057.jpg', 0, '2026-05-13 13:57:26'),
(163, 2, 2, 5, 'Enna Sona - 8K/4K Music Video | Shraddha Kapoor, Aditya Roy | Arijit Singh | OK Jaanu | A.R. Rahman', 'enna-sona-8k-4k-music-video-shraddha-kapoor-aditya-roy-arijit-singh-ok-jaanu-a-r-rahman', 227, 122439, 48000, 3489595, 'a5bda11259558e10ff77bbfc7d22460cd08e0037c670bc0e300ea38ab9976212', 'storage/music/01 - Enna Sona - 8K_4K Music Video _ Shraddha Kapoor, Aditya Roy _ Arijit Singh _ OK Jaanu _ A.R. Rahman.mp3', 'storage/thumbnails/a5bda11259558e10ff77bbfc7d22460cd08e0037c670bc0e300ea38ab9976212.jpg', 0, '2026-05-13 13:58:02'),
(164, 2, 2, 5, 'Tere Bina - Arijit Singh | 1921 | Zareen Khan & Karan Kundrra | Aakanksha S | Asad Khan | Lyrical', 'tere-bina-arijit-singh-1921-zareen-khan-and-karan-kundrra-aakanksha-s-asad-khan-lyrical', 251, 130553, 48000, 4107107, '5cf4d71dbf1a52ae8d301a3cf5e035b34c72074012af019d92cc43a2d1846d6e', 'storage/music/01 - Tere Bina - Arijit Singh _ 1921 _ Zareen Khan & Karan Kundrra _ Aakanksha S _ Asad Khan _ Lyrical.mp3', 'storage/thumbnails/5cf4d71dbf1a52ae8d301a3cf5e035b34c72074012af019d92cc43a2d1846d6e.jpg', 0, '2026-05-13 13:58:37'),
(165, 2, 2, 5, 'Sajni (Lyrical Video): Arijit Singh, Ram Sampath | Laapataa Ladies |  Aamir Khan Productions', 'sajni-lyrical-video-arijit-singh-ram-sampath-laapataa-ladies-aamir-khan-productions', 193, 129608, 48000, 3129927, '690748c65e748fa838d28847b342f67ea24cd2c5293b93607a6c3129520c2f1a', 'storage/music/01 - Sajni (Lyrical Video)_ Arijit Singh, Ram Sampath _ Laapataa Ladies _  Aamir Khan Productions.mp3', 'storage/thumbnails/690748c65e748fa838d28847b342f67ea24cd2c5293b93607a6c3129520c2f1a.jpg', 0, '2026-05-13 13:59:02'),
(166, 2, 2, 5, 'Khamoshiyan - Title Track | Khamoshiyan | Arijit Singh | Ali Fazal, Sapna Pabbi, Gurmeet C | MusicX', 'khamoshiyan-title-track-khamoshiyan-arijit-singh-ali-fazal-sapna-pabbi-gurmeet-c-musicx', 361, 126805, 48000, 5731766, 'e4e192f7bc570318fe774401371b9c46ad24e377d1d4f6453c19636893b34787', 'storage/music/01 - Khamoshiyan - Title Track _ Khamoshiyan _ Arijit Singh _ Ali Fazal, Sapna Pabbi, Gurmeet C _ MusicX.mp3', 'storage/thumbnails/e4e192f7bc570318fe774401371b9c46ad24e377d1d4f6453c19636893b34787.jpg', 0, '2026-05-13 14:00:06'),
(167, 2, 2, 5, 'Lyrical: Uska Hi Banana | 1920 EvilReturns | Arijit Singh | Aftab Shivdasani,Tia Bajpai', 'lyrical-uska-hi-banana-1920-evilreturns-arijit-singh-aftab-shivdasani-tia-bajpai', 350, 120688, 48000, 5282417, '60bb189b7d773e6bd4cf33899c3a8176b1e623eb4a61218d596a37ce121755fe', 'storage/music/01 - Lyrical_ Uska Hi Banana _ 1920 EvilReturns _ Arijit Singh _ Aftab Shivdasani,Tia Bajpai.mp3', 'storage/thumbnails/60bb189b7d773e6bd4cf33899c3a8176b1e623eb4a61218d596a37ce121755fe.jpg', 0, '2026-05-13 14:00:48'),
(168, 4, 2, 5, 'Raabta (Title Track) (From \"Raabta\")', 'raabta-title-track-from-raabta', 297, 128200, 48000, 4764139, 'bed607f271a2208223e513ccf3b147dd5a62ee6414ef0da4f1228fda3640b92b', 'storage/music/01 - Raabta (Title Track) (From _Raabta_).mp3', 'storage/thumbnails/bed607f271a2208223e513ccf3b147dd5a62ee6414ef0da4f1228fda3640b92b.jpg', 0, '2026-05-13 14:01:19'),
(169, 2, 2, 5, 'Gehra Hua | Dhurandhar Remix | #Irshad Kamil | #Arijit Singh | #Armaan Khan | #dhurandhar', 'gehra-hua-dhurandhar-remix-irshad-kamil-arijit-singh-armaan-khan-dhurandhar', 358, 132592, 48000, 5936201, '6ee5e9d087be2dc5fbe97e3bc172bf2afb0fda7c304d8ca2d5381f9f98f3bf1f', 'storage/music/01 - Gehra Hua _ Dhurandhar Remix _ #Irshad Kamil _ #Arijit Singh _ #Armaan Khan _ #dhurandhar.mp3', 'storage/thumbnails/6ee5e9d087be2dc5fbe97e3bc172bf2afb0fda7c304d8ca2d5381f9f98f3bf1f.jpg', 0, '2026-05-13 14:01:53'),
(170, 2, 2, 5, 'Tu Hain Toh Main Hoon | Sky Force | Akshay, Sara, Veer, Tanishk B, Arijit Singh, Afsana,Irshad Kamil', 'tu-hain-toh-main-hoon-sky-force-akshay-sara-veer-tanishk-b-arijit-singh-afsana-irshad-kamil', 165, 131491, 48000, 2735092, 'c25c079a4472c243e801253bb4433add104d8916401d5ebd3d59b2113d35c4ec', 'storage/music/01 - Tu Hain Toh Main Hoon _ Sky Force _ Akshay, Sara, Veer, Tanishk B, Arijit Singh, Afsana,Irshad Kamil.mp3', 'storage/thumbnails/c25c079a4472c243e801253bb4433add104d8916401d5ebd3d59b2113d35c4ec.jpg', 0, '2026-05-13 14:02:17'),
(171, 2, 2, 5, 'Raabta x Tum Ho Toh - Mashup (Full Version) | Vishal Mishra | Arijit Singh | Shubhadip Dey | Vibevik', 'raabta-x-tum-ho-toh-mashup-full-version-vishal-mishra-arijit-singh-shubhadip-dey-vibevik', 206, 130961, 48000, 3387637, '2e32537350ac549e4bb2f3d35934cf7220d11f528ed501b1a90847ceb00c63c0', 'storage/music/01 - Raabta x Tum Ho Toh - Mashup (Full Version) _ Vishal Mishra _ Arijit Singh _ Shubhadip Dey _ Vibevik.mp3', 'storage/thumbnails/2e32537350ac549e4bb2f3d35934cf7220d11f528ed501b1a90847ceb00c63c0.jpg', 0, '2026-05-13 14:02:42'),
(172, 2, 2, 5, 'Night Changes X Woh Din | Shybu / Slowdd Mashup', 'night-changes-x-woh-din-shybu-slowdd-mashup', 240, 124618, 48000, 3752920, '7848564208544daac3a87a837a50798cc536b7f7a86709a9b3bddd2b443924a1', 'storage/music/01 - Night Changes X Woh Din _ Shybu _ Slowdd Mashup.mp3', 'storage/thumbnails/7848564208544daac3a87a837a50798cc536b7f7a86709a9b3bddd2b443924a1.jpg', 0, '2026-05-13 14:03:09'),
(173, 2, 2, 5, 'New vs Old 2 Bollywood Songs Mashup | Raj Barman feat. Deepshikha | Bollywood Songs Medley', 'new-vs-old-2-bollywood-songs-mashup-raj-barman-feat-deepshikha-bollywood-songs-medley', 408, 132172, 48000, 6750010, 'a6a99ed9b53c073ab98f1c63d32977facc70149d3969b39a314c771b2cf92b5f', 'storage/music/01 - New vs Old 2 Bollywood Songs Mashup _ Raj Barman feat. Deepshikha _ Bollywood Songs Medley.mp3', 'storage/thumbnails/a6a99ed9b53c073ab98f1c63d32977facc70149d3969b39a314c771b2cf92b5f.jpg', 0, '2026-05-13 14:03:57'),
(174, 2, 2, 5, 'LYRICAL: Humraah | Malang | Aditya R K, Disha P Anil K Kunal K | Sachet T | Mohit S', 'lyrical-humraah-malang-aditya-r-k-disha-p-anil-k-kunal-k-sachet-t-mohit-s', 317, 141894, 48000, 5635929, 'c86dea2c4cdef732e08d9cf3098e25b64fb8d622824d4254d6092ac98ddcf0cc', 'storage/music/01 - LYRICAL_ Humraah _ Malang _ Aditya R K, Disha P Anil K Kunal K _ Sachet T _ Mohit S.mp3', 'storage/thumbnails/c86dea2c4cdef732e08d9cf3098e25b64fb8d622824d4254d6092ac98ddcf0cc.jpg', 0, '2026-05-13 14:06:02'),
(175, 5, 2, 5, 'Teri Jhuki Nazar (Film Version)', 'teri-jhuki-nazar-film-version', 278, 131076, 48000, 4558959, '65d57b222fc1ee9b1b479a90374310b2e91424eca8cb05e2f0ee11ee42425b54', 'storage/music/01 - Teri Jhuki Nazar (Film Version).mp3', 'storage/thumbnails/65d57b222fc1ee9b1b479a90374310b2e91424eca8cb05e2f0ee11ee42425b54.jpg', 0, '2026-05-13 14:06:35'),
(176, 6, 2, 5, 'Ishq (From \"Lost;Found\")', 'ishq-from-lost-found', 228, 128867, 48000, 3685027, 'dedf4fe39c45af32783bb3234306d9ccb3197199ab9c11824156eff024b99b51', 'storage/music/01 - Ishq (From _Lost;Found_).mp3', 'storage/thumbnails/dedf4fe39c45af32783bb3234306d9ccb3197199ab9c11824156eff024b99b51.jpg', 0, '2026-05-13 14:07:01'),
(177, 7, 2, 5, 'Chal Wahan Jaate Hain', 'chal-wahan-jaate-hain', 326, 135727, 48000, 5535032, 'f12c888860beb1c77ebe906a18e82e16841d45e8f84281c8b92fc17c28fe2a27', 'storage/music/01 - Chal Wahan Jaate Hain.mp3', 'storage/thumbnails/f12c888860beb1c77ebe906a18e82e16841d45e8f84281c8b92fc17c28fe2a27.jpg', 0, '2026-05-13 14:07:41'),
(178, 8, 2, 5, 'Emraan Hashmi Mashup', 'emraan-hashmi-mashup', 223, 129116, 48000, 3610585, 'b47f010744762007bdd5e207639be9f8587ccef78eecd7e8422cdd1b50f62601', 'storage/music/01 - Emraan Hashmi Mashup.mp3', 'storage/thumbnails/b47f010744762007bdd5e207639be9f8587ccef78eecd7e8422cdd1b50f62601.jpg', 0, '2026-05-13 14:08:09'),
(179, 9, 2, 5, 'Khuda Jaane (From \"Bachna Ae Haseeno\")', 'khuda-jaane-from-bachna-ae-haseeno', 333, 136442, 48000, 5684400, '5f7036e51a4c2dd0b73f538327f6539b62dfb8003c9d09a234d7fc5bba6de100', 'storage/music/01 - Khuda Jaane (From _Bachna Ae Haseeno_).mp3', 'storage/thumbnails/5f7036e51a4c2dd0b73f538327f6539b62dfb8003c9d09a234d7fc5bba6de100.jpg', 0, '2026-05-13 14:08:57'),
(180, 2, 2, 5, 'Toota Jo Kabhi Tara - Tiger Shroff, Jacqueline | Sumedha K | Sachin Jigar', 'toota-jo-kabhi-tara-tiger-shroff-jacqueline-sumedha-k-sachin-jigar', 294, 139035, 48000, 5126600, 'b3b9bf39eef5728ab6e72a4b8358c124b44314fcda9b22ac2ed3bb7ce5b4558c', 'storage/music/01 - Toota Jo Kabhi Tara - Tiger Shroff, Jacqueline _ Sumedha K _ Sachin Jigar.mp3', 'storage/thumbnails/b3b9bf39eef5728ab6e72a4b8358c124b44314fcda9b22ac2ed3bb7ce5b4558c.jpg', 0, '2026-05-13 14:09:32'),
(181, 10, 2, 5, 'Hey Shona (From \"Ta Ra Rum Pum\")', 'hey-shona-from-ta-ra-rum-pum', 318, 136484, 48000, 5442522, '023213cd39a9103fd5a0e8282d7a3a378c6b0618775aa9c114b00ac1d4cc4cd0', 'storage/music/01 - Hey Shona (From _Ta Ra Rum Pum_).mp3', 'storage/thumbnails/023213cd39a9103fd5a0e8282d7a3a378c6b0618775aa9c114b00ac1d4cc4cd0.jpg', 0, '2026-05-13 14:10:07'),
(182, 11, 2, 5, 'Subha Hone Na De', 'subha-hone-na-de', 288, 138630, 48000, 5004841, 'f911e69877ec719482a4fbebd88176f80110db9074248da7ad8c957ba8ba549c', 'storage/music/01 - Subha Hone Na De.mp3', 'storage/thumbnails/f911e69877ec719482a4fbebd88176f80110db9074248da7ad8c957ba8ba549c.jpg', 0, '2026-05-13 14:10:43'),
(183, 12, 2, 5, 'Pehli Dafa', 'pehli-dafa', 298, 133109, 48000, 4973006, 'd4d1526acf179b8ff9f5ccb9a7523880cd2bfa0e969ce61e555c117e03840362', 'storage/music/01 - Pehli Dafa.mp3', 'storage/thumbnails/d4d1526acf179b8ff9f5ccb9a7523880cd2bfa0e969ce61e555c117e03840362.jpg', 0, '2026-05-13 14:11:35'),
(184, 2, 2, 5, 'AASHIQUI 2 MASHUP FULL SONG | KIRAN KAMATH | BEST BOLLYWOOD MASHUPS', 'aashiqui-2-mashup-full-song-kiran-kamath-best-bollywood-mashups', 302, 132764, 48000, 5029071, 'a02e75b489d997b266e5ba09a8f47d635bb20b8f2351b10a7d96015e0bce8f73', 'storage/music/01 - AASHIQUI 2 MASHUP FULL SONG _ KIRAN KAMATH _ BEST BOLLYWOOD MASHUPS.mp3', 'storage/thumbnails/a02e75b489d997b266e5ba09a8f47d635bb20b8f2351b10a7d96015e0bce8f73.jpg', 0, '2026-05-13 14:12:14'),
(185, 2, 2, 5, 'KK Mashup (Musical Tribute) - Chillout Mix | AB Ambients | Best of kk songs & Emraan Hashmi', 'kk-mashup-musical-tribute-chillout-mix-ab-ambients-best-of-kk-songs-and-emraan-hashmi', 399, 135642, 48000, 6770800, '38ed49c57ae036b1e9ca9b720be63901066d1c35fdd887ed7678f989fcc8b075', 'storage/music/01 - KK Mashup (Musical Tribute) - Chillout Mix _ AB Ambients _ Best of kk songs & Emraan Hashmi.mp3', 'storage/thumbnails/38ed49c57ae036b1e9ca9b720be63901066d1c35fdd887ed7678f989fcc8b075.jpg', 0, '2026-05-13 14:14:39'),
(186, 13, 2, 5, 'SAJDE', 'sajde', 305, 137656, 48000, 5259951, 'af0d93d435803ce2b3599df90e1ddb2383d835afacda25efacb1b40222283af8', 'storage/music/01 - SAJDE.mp3', 'storage/thumbnails/af0d93d435803ce2b3599df90e1ddb2383d835afacda25efacb1b40222283af8.jpg', 0, '2026-05-13 14:16:55'),
(187, 2, 2, 5, 'Lyrical: Khud Ko Tere Paas | 1920 Evil Returns | Aftab Shivdasani, Tia Bajpai', 'lyrical-khud-ko-tere-paas-1920-evil-returns-aftab-shivdasani-tia-bajpai', 326, 138887, 48000, 5671601, 'dcd8b2717dc7549bec8b0b6895f14f3d653fba10157763e8380f0c91950b38dd', 'storage/music/01 - Lyrical_ Khud Ko Tere Paas _ 1920 Evil Returns _ Aftab Shivdasani, Tia Bajpai.mp3', 'storage/thumbnails/dcd8b2717dc7549bec8b0b6895f14f3d653fba10157763e8380f0c91950b38dd.jpg', 0, '2026-05-13 14:18:52'),
(188, 2, 2, 5, 'Apnaa Mujhe Tu Lagaa Lyrical | 1920 Evil Returns | Aftab Shivdasani, Sonu Nigam', 'apnaa-mujhe-tu-lagaa-lyrical-1920-evil-returns-aftab-shivdasani-sonu-nigam', 384, 139934, 48000, 6724317, '557d3d9184128d6af65868a81fd4b512097783ec85d6d318a32b2cfb9a2ed3d4', 'storage/music/01 - Apnaa Mujhe Tu Lagaa Lyrical _ 1920 Evil Returns _ Aftab Shivdasani, Sonu Nigam.mp3', 'storage/thumbnails/557d3d9184128d6af65868a81fd4b512097783ec85d6d318a32b2cfb9a2ed3d4.jpg', 0, '2026-05-13 14:20:03'),
(189, 2, 2, 5, '\"Phir Mohabbat Karne Chala\" Murder 2  Song   | Original Version (HD)', 'phir-mohabbat-karne-chala-murder-2-song-original-version-hd', 126, 80369, 48000, 1276868, '580fe88464171f1848e6e6d23d43bb1caefdd003cef14935e8ea045d200916c6', 'storage/music/01 - _Phir Mohabbat Karne Chala_ Murder 2  Song   _ Original Version (HD).mp3', 'storage/thumbnails/580fe88464171f1848e6e6d23d43bb1caefdd003cef14935e8ea045d200916c6.jpg', 0, '2026-05-13 14:20:28'),
(190, 2, 2, 5, 'Tere Ho Ke Rahenge| Raja Natwarlal| Arijit Singh| Emraan Hashmi| Humaima Malik | Yuvan Shankar R', 'tere-ho-ke-rahenge-raja-natwarlal-arijit-singh-emraan-hashmi-humaima-malik-yuvan-shankar-r', 199, 127255, 48000, 3175079, '8076bcc7a3263aaeca0d00a61c5607546dd24b6023b8f5832417092af40902cc', 'storage/music/01 - Tere Ho Ke Rahenge_ Raja Natwarlal_ Arijit Singh_ Emraan Hashmi_ Humaima Malik _ Yuvan Shankar R.mp3', 'storage/thumbnails/8076bcc7a3263aaeca0d00a61c5607546dd24b6023b8f5832417092af40902cc.jpg', 0, '2026-05-13 14:21:09'),
(191, 14, 2, 5, 'IJAZAT', 'ijazat', 289, 140507, 48000, 5077108, '3f2f05396313c22e7adf8711723122f225fbcd2299158510a5fe29ec682d2fcf', 'storage/music/01 - IJAZAT.mp3', 'storage/thumbnails/3f2f05396313c22e7adf8711723122f225fbcd2299158510a5fe29ec682d2fcf.jpg', 0, '2026-05-13 14:21:44'),
(192, 2, 2, 5, 'Arijit Singh - Akhiyaan Milavanga | Vidyut Jammwal & Adah Sharma | Commando 3 | Lyrical', 'arijit-singh-akhiyaan-milavanga-vidyut-jammwal-and-adah-sharma-commando-3-lyrical', 310, 125328, 48000, 4862201, 'f23d440c79d0cdede869c7e89056255438e826d320eb444479ab729e7faac2e8', 'storage/music/01 - Arijit Singh - Akhiyaan Milavanga _ Vidyut Jammwal & Adah Sharma _ Commando 3 _ Lyrical.mp3', 'storage/thumbnails/f23d440c79d0cdede869c7e89056255438e826d320eb444479ab729e7faac2e8.jpg', 0, '2026-05-13 14:22:18'),
(193, 2, 2, 5, 'Arijit Singh, White Noise Collectives, Amitabh Bhattacharya - Sitaare (Lyric Video)', 'arijit-singh-white-noise-collectives-amitabh-bhattacharya-sitaare-lyric-video', 245, 122401, 48000, 3759781, '66028c372a89f88414044c62740354ca2a754583dba16bfef846a8b801febf0a', 'storage/music/01 - Arijit Singh, White Noise Collectives, Amitabh Bhattacharya - Sitaare (Lyric Video).mp3', 'storage/thumbnails/66028c372a89f88414044c62740354ca2a754583dba16bfef846a8b801febf0a.jpg', 0, '2026-05-13 14:22:47'),
(194, 15, 2, 5, 'KABHI NA KABHI', 'kabhi-na-kabhi', 376, 140247, 48000, 6594260, '804948c7cd62dcaa90dbe4d24644d9e62550ac58c861520833c14c3c5d16dc7c', 'storage/music/01 - KABHI NA KABHI.mp3', 'storage/thumbnails/804948c7cd62dcaa90dbe4d24644d9e62550ac58c861520833c14c3c5d16dc7c.jpg', 0, '2026-05-13 14:23:28'),
(195, 16, 2, 5, 'Ride It (Kya Yehi Pyaar Hai) (Hindi Version)', 'ride-it-kya-yehi-pyaar-hai-hindi-version', 193, 135585, 48000, 3284976, '95bb9ed4dfe0697bf3521c661d39e16539e3f316991d27d02b0c8c3a68834f1c', 'storage/music/01 - Ride It (Kya Yehi Pyaar Hai) (Hindi Version).mp3', 'storage/thumbnails/95bb9ed4dfe0697bf3521c661d39e16539e3f316991d27d02b0c8c3a68834f1c.jpg', 0, '2026-05-13 14:23:56'),
(196, 17, 2, 5, 'Senoor Rang (From \"Har Har Gange\")', 'senoor-rang-from-har-har-gange', 216, 141525, 48000, 3838746, 'af20bc3510ef54ab3dd51973ba46c9ac8c91d1a1f6d854e912377da25339d0f9', 'storage/music/01 - Senoor Rang (From _Har Har Gange_).mp3', 'storage/thumbnails/af20bc3510ef54ab3dd51973ba46c9ac8c91d1a1f6d854e912377da25339d0f9.jpg', 0, '2026-05-13 14:24:23'),
(197, 2, 2, 5, 'Sunn Le Zara - Full Video | 1921 | Zareen Khan & Karan Kundrra | Arnab Dutta | Harish Sagane', 'sunn-le-zara-full-video-1921-zareen-khan-and-karan-kundrra-arnab-dutta-harish-sagane', 268, 126810, 48000, 4264621, '6ac3e4954f127d21b7b59bd49831b8e1428f1c5e7092482fca1f51a7c3be6e9b', 'storage/music/01 - Sunn Le Zara - Full Video _ 1921 _ Zareen Khan & Karan Kundrra _ Arnab Dutta _ Harish Sagane.mp3', 'storage/thumbnails/6ac3e4954f127d21b7b59bd49831b8e1428f1c5e7092482fca1f51a7c3be6e9b.jpg', 0, '2026-05-13 14:24:56'),
(198, 2, 2, 5, 'GURU RANDHAWA - \"AZUL\"  MV', 'guru-randhawa-azul-mv', 151, 131141, 48000, 2489001, 'c8accdb180f66b9aec74c749d693cc08211effa91a02c9cbef58d9da44dd2c1c', 'storage/music/01 - GURU RANDHAWA - _AZUL_  MV.mp3', 'storage/thumbnails/c8accdb180f66b9aec74c749d693cc08211effa91a02c9cbef58d9da44dd2c1c.jpg', 0, '2026-05-13 14:25:21'),
(199, 2, 2, 5, 'Uncha Lamba Kad Welcome | Akshay Kumar | Katrina Kaif | Nana Patekar | Anil Kapoor | Bollywood Song', 'uncha-lamba-kad-welcome-akshay-kumar-katrina-kaif-nana-patekar-anil-kapoor-bollywood-song', 300, 142771, 48000, 5357263, 'd58f82e00922ebbcdf76260d8630ae676264ec4f49b0e2a3cc8abbccbd45d1bf', 'storage/music/01 - Uncha Lamba Kad Welcome _ Akshay Kumar _ Katrina Kaif _ Nana Patekar _ Anil Kapoor _ Bollywood Song.mp3', 'storage/thumbnails/d58f82e00922ebbcdf76260d8630ae676264ec4f49b0e2a3cc8abbccbd45d1bf.jpg', 0, '2026-05-13 14:25:54'),
(200, 2, 2, 5, 'Jaavedaan Hai Lyrical Video | 1920 Evil Returns | KK, Suzanne D\'Mello', 'jaavedaan-hai-lyrical-video-1920-evil-returns-kk-suzanne-d-mello', 366, 138267, 48000, 6329597, '540f52dc113f0a5ab540ddc4e7b5b42878d0c221997677a76143af37439c639b', 'storage/music/01 - Jaavedaan Hai Lyrical Video _ 1920 Evil Returns _ KK, Suzanne D\'Mello.mp3', 'storage/thumbnails/540f52dc113f0a5ab540ddc4e7b5b42878d0c221997677a76143af37439c639b.jpg', 0, '2026-05-13 14:26:24'),
(201, 2, 2, 5, 'Afghan Jalebi (Ya Baba) FULL VIDEO Song | Phantom | Saif Ali Khan Katrina Kaif Pritam Asrar T-Series', 'afghan-jalebi-ya-baba-full-video-song-phantom-saif-ali-khan-katrina-kaif-pritam-asrar-t-series', 205, 144990, 48000, 3732260, '23fe90daef77d3caf7a055b11acc904ef1cadd57baa2793df68ba791ddccc3da', 'storage/music/01 - Afghan Jalebi (Ya Baba) FULL VIDEO Song _ Phantom _ Saif Ali Khan Katrina Kaif Pritam Asrar T-Series.mp3', 'storage/thumbnails/23fe90daef77d3caf7a055b11acc904ef1cadd57baa2793df68ba791ddccc3da.jpg', 0, '2026-05-13 14:26:51'),
(202, 2, 2, 5, 'Be Intehaan | Race 2 I Saif Ali Khan & Deepika Padukone | Atif Aslam & Sunidhi Chauhan | Pritam', 'be-intehaan-race-2-i-saif-ali-khan-and-deepika-padukone-atif-aslam-and-sunidhi-chauhan-pritam', 282, 133794, 48000, 4721297, 'acbff35b84232043f3b8d1dca5db527a5f5512f79802b6becefb4c97d01a0c68', 'storage/music/01 - Be Intehaan _ Race 2 I Saif Ali Khan & Deepika Padukone _ Atif Aslam & Sunidhi Chauhan _ Pritam.mp3', 'storage/thumbnails/acbff35b84232043f3b8d1dca5db527a5f5512f79802b6becefb4c97d01a0c68.jpg', 0, '2026-05-13 14:27:20'),
(203, 2, 2, 5, 'Finding Her (Jana Mere Sawalon Ka Manzar Tu): Kushagra | Vans...New song', 'finding-her-jana-mere-sawalon-ka-manzar-tu-kushagra-vans-new-song', 213, 78116, 48000, 2081398, '871ef584ed8147f7aab6476c0f80c3d5fcdd167931bd6b6d2a1301528100b5c4', 'storage/music/01 - Finding Her (Jana Mere Sawalon Ka Manzar Tu)_ Kushagra _ Vans...New song.mp3', 'storage/thumbnails/871ef584ed8147f7aab6476c0f80c3d5fcdd167931bd6b6d2a1301528100b5c4.jpg', 0, '2026-05-13 14:27:46'),
(204, 2, 2, 5, 'Tere Liye - Lyrical I Vivek Oberoi | AtifAslam, Shreya Ghoshal I Hit Hindi Song #new video', 'tere-liye-lyrical-i-vivek-oberoi-atifaslam-shreya-ghoshal-i-hit-hindi-song-new-video', 276, 134501, 48000, 4642643, '710b475a562978d476e4f4e3c84f67200c79508fc9c3aec736aa82a471aff568', 'storage/music/01 - Tere Liye - Lyrical I Vivek Oberoi _ AtifAslam, Shreya Ghoshal I Hit Hindi Song #new video.mp3', 'storage/thumbnails/710b475a562978d476e4f4e3c84f67200c79508fc9c3aec736aa82a471aff568.jpg', 0, '2026-05-13 14:28:51'),
(205, 2, 2, 5, 'Yaara - Full Video | 1921 | Zareen Khan & Karan Kundrra | Arnab Dutta | Harish Sagane | Vikram Bhatt', 'yaara-full-video-1921-zareen-khan-and-karan-kundrra-arnab-dutta-harish-sagane-vikram-bhatt', 347, 130994, 48000, 5701731, '932e45cd63be13ec82aa5141773f7c49e11416862f3b0b3949b9b2f4bbd385e0', 'storage/music/01 - Yaara - Full Video _ 1921 _ Zareen Khan & Karan Kundrra _ Arnab Dutta _ Harish Sagane _ Vikram Bhatt.mp3', 'storage/thumbnails/932e45cd63be13ec82aa5141773f7c49e11416862f3b0b3949b9b2f4bbd385e0.jpg', 0, '2026-05-13 14:29:30'),
(206, 2, 2, 5, 'Brown rang #yoyo honey Singh', 'brown-rang-yoyo-honey-singh', 179, 136354, 48000, 3052542, '31587e17a5b95e950e24aa7a787dddad71f2236454aa5e23a305983d00972d95', 'storage/music/01 - Brown rang #yoyo honey Singh.mp3', 'storage/thumbnails/31587e17a5b95e950e24aa7a787dddad71f2236454aa5e23a305983d00972d95.jpg', 0, '2026-05-13 14:29:53'),
(207, 2, 2, 5, 'Ishq De Fanniyar - Jyotica Tangri | Fukrey Returns | Pulkit Samrat & Priya Anand | Lyrical', 'ishq-de-fanniyar-jyotica-tangri-fukrey-returns-pulkit-samrat-and-priya-anand-lyrical', 179, 138280, 48000, 3104610, 'c274d3523a0e6ef9906c75033a8ec5350098317e8a31bf5d010f8bc7e7645ab9', 'storage/music/01 - Ishq De Fanniyar - Jyotica Tangri _ Fukrey Returns _ Pulkit Samrat & Priya Anand _ Lyrical.mp3', 'storage/thumbnails/c274d3523a0e6ef9906c75033a8ec5350098317e8a31bf5d010f8bc7e7645ab9.jpg', 0, '2026-05-13 14:30:17'),
(208, 2, 2, 5, 'Dil Ka Jo Haal Hai (Lyrical) | Besharam | Ranbir Kapoor | Abhijeet Bhattacharya, Shreya Ghoshal', 'dil-ka-jo-haal-hai-lyrical-besharam-ranbir-kapoor-abhijeet-bhattacharya-shreya-ghoshal', 300, 131500, 48000, 4936457, 'c224975d95d671c8d0838d1cb7b22360905e85aa3df2641ddc3d3207e9f71999', 'storage/music/01 - Dil Ka Jo Haal Hai (Lyrical) _ Besharam _ Ranbir Kapoor _ Abhijeet Bhattacharya, Shreya Ghoshal.mp3', 'storage/thumbnails/c224975d95d671c8d0838d1cb7b22360905e85aa3df2641ddc3d3207e9f71999.jpg', 0, '2026-05-13 14:30:53'),
(209, 2, 2, 5, 'Chahe Kuch Na Kehna Bhale Chup Tu Rehna | Tery Jhuki Nazar | Murder 3', 'chahe-kuch-na-kehna-bhale-chup-tu-rehna-tery-jhuki-nazar-murder-3', 315, 121808, 48000, 4812762, '3f586bdb6de7706f83dde0596801d8c50f36ee7c8b7678397d8384be41b2d9df', 'storage/music/01 - Chahe Kuch Na Kehna Bhale Chup Tu Rehna _ Tery Jhuki Nazar _ Murder 3.mp3', 'storage/thumbnails/3f586bdb6de7706f83dde0596801d8c50f36ee7c8b7678397d8384be41b2d9df.jpg', 0, '2026-05-13 14:31:27'),
(210, 2, 2, 5, 'Hai Dil Ye Mera Full Video Song | Arijit Singh | Hate Story 2 | Jay Bhanushali, Surveen Chawla', 'hai-dil-ye-mera-full-video-song-arijit-singh-hate-story-2-jay-bhanushali-surveen-chawla', 318, 118684, 48000, 4731846, '8c55f81aa8a6e3980fc0fdbac47430e72d4b6f929c018e3b3dc845f4e53dd7a5', 'storage/music/01 - Hai Dil Ye Mera Full Video Song _ Arijit Singh _ Hate Story 2 _ Jay Bhanushali, Surveen Chawla.mp3', 'storage/thumbnails/8c55f81aa8a6e3980fc0fdbac47430e72d4b6f929c018e3b3dc845f4e53dd7a5.jpg', 0, '2026-05-13 14:32:09'),
(211, 2, 2, 5, 'Tere Bina (lyrics) Arijit Singh 🖤🖤🖤 (1921)', 'tere-bina-lyrics-arijit-singh-1921', 261, 125395, 48000, 4106868, 'a6d31680d66492cf37abd547924e0beb54444bdbebc14f47d2458cadf9d6ce45', 'storage/music/01 - Tere Bina (lyrics) Arijit Singh 🖤🖤🖤 (1921).mp3', 'storage/thumbnails/a6d31680d66492cf37abd547924e0beb54444bdbebc14f47d2458cadf9d6ce45.jpg', 0, '2026-05-13 14:33:10'),
(212, 2, 2, 5, 'Suno Na Sangemarmar Full Song with Lyrics | : Youngistaan | Jackky Bhagnani, Neha S | @Asha-mo8cy', 'suno-na-sangemarmar-full-song-with-lyrics-youngistaan-jackky-bhagnani-neha-s-asha-mo8cy', 214, 128863, 48000, 3464562, '69a7c308551194304d483961d587c0ab3dade4e3f9d321b79475e3fe1f2c7812', 'storage/music/01 - Suno Na Sangemarmar Full Song with Lyrics _ _ Youngistaan _ Jackky Bhagnani, Neha S _ @Asha-mo8cy.mp3', 'storage/thumbnails/69a7c308551194304d483961d587c0ab3dade4e3f9d321b79475e3fe1f2c7812.jpg', 0, '2026-05-13 14:33:41'),
(213, 2, 2, 5, 'Sapna Jahan - 8K/4K Music Video | Akshay Kumar, Jacqueline | Sonu Nigam, Neeti Mohan | Brothers', 'sapna-jahan-8k-4k-music-video-akshay-kumar-jacqueline-sonu-nigam-neeti-mohan-brothers', 307, 121606, 48000, 4685799, 'c1a0ba301d40f51c3bd12c236b31d51764f8d5a737e1bc1234204a13a89f9060', 'storage/music/01 - Sapna Jahan - 8K_4K Music Video _ Akshay Kumar, Jacqueline _ Sonu Nigam, Neeti Mohan _ Brothers.mp3', 'storage/thumbnails/c1a0ba301d40f51c3bd12c236b31d51764f8d5a737e1bc1234204a13a89f9060.jpg', 0, '2026-05-13 14:34:17'),
(214, 2, 2, 5, 'Tu Hi Haqeeqat - Lyrical Song | Tum Mile | Emraan Hashmi | Soha Ali Khan...', 'tu-hi-haqeeqat-lyrical-song-tum-mile-emraan-hashmi-soha-ali-khan', 307, 134716, 48000, 5183615, '916474fb94f0ff8579a98120b6b721b8320817e760446cb277fc79d9b911999a', 'storage/music/01 - Tu Hi Haqeeqat - Lyrical Song _ Tum Mile _ Emraan Hashmi _ Soha Ali Khan....mp3', 'storage/thumbnails/916474fb94f0ff8579a98120b6b721b8320817e760446cb277fc79d9b911999a.jpg', 0, '2026-05-13 14:34:52'),
(215, 2, 2, 5, 'Ellie Goulding - Love Me Like You Do (Lyrics)', 'ellie-goulding-love-me-like-you-do-lyrics', 239, 124578, 48000, 3736336, 'cb7ea7ac3b5b1617e0f925b03f4ef9a008c3aced1397c5529e01bd40d9fa538b', 'storage/music/01 - Ellie Goulding - Love Me Like You Do (Lyrics).mp3', 'storage/thumbnails/cb7ea7ac3b5b1617e0f925b03f4ef9a008c3aced1397c5529e01bd40d9fa538b.jpg', 0, '2026-05-13 14:35:23'),
(216, 2, 2, 5, 'Tyla - CHANEL (Lyrics)', 'tyla-chanel-lyrics', 188, 131406, 48000, 3099935, '6cc31a6315c3e6dc58c88e0da6f8e18914267b1156b6c960766b508ec2ab0818', 'storage/music/01 - Tyla - CHANEL (Lyrics).mp3', 'storage/thumbnails/6cc31a6315c3e6dc58c88e0da6f8e18914267b1156b6c960766b508ec2ab0818.jpg', 0, '2026-05-13 14:35:52'),
(217, 2, 2, 5, 'Tere Naina Lyrical | Chandni Chowk To China |Akshay Kumar, Deepika Padukone | Shankar M , Shreya G', 'tere-naina-lyrical-chandni-chowk-to-china-akshay-kumar-deepika-padukone-shankar-m-shreya-g', 272, 137174, 48000, 4673384, 'a31b50efde4e9abc57691b923a7616bb181f0028ad476e11a4d8c900c4e04b40', 'storage/music/01 - Tere Naina Lyrical _ Chandni Chowk To China _Akshay Kumar, Deepika Padukone _ Shankar M , Shreya G.mp3', 'storage/thumbnails/a31b50efde4e9abc57691b923a7616bb181f0028ad476e11a4d8c900c4e04b40.jpg', 0, '2026-05-13 14:36:21'),
(218, 18, 2, 5, 'Ek Mulaqat', 'ek-mulaqat', 318, 130416, 48000, 5189881, '31ce44b8643eb636fc7e49113ccf48b1143b972e4a102eac88bdd08653513df0', 'storage/music/01 - Ek Mulaqat.mp3', 'storage/thumbnails/31ce44b8643eb636fc7e49113ccf48b1143b972e4a102eac88bdd08653513df0.jpg', 0, '2026-05-13 14:37:00'),
(219, 19, 2, 5, 'Ek Din Teri Raahon', 'ek-din-teri-raahon', 292, 137862, 48000, 5034067, '688b12f783c29f6c6521093d5dcf8a6b1c4fc7ec5f1a3ffc5ac3b714b0cbd160', 'storage/music/01 - Ek Din Teri Raahon.mp3', 'storage/thumbnails/688b12f783c29f6c6521093d5dcf8a6b1c4fc7ec5f1a3ffc5ac3b714b0cbd160.jpg', 0, '2026-05-13 14:37:35'),
(220, 20, 2, 5, 'Jaane Na Tu (From \"UR Debut\")', 'jaane-na-tu-from-ur-debut', 190, 134259, 48000, 3193030, 'bd6aa0ebe2fbe61c338de3c692728c4475123e909f31f24c4e0ece1df5767e34', 'storage/music/01 - Jaane Na Tu (From _UR Debut_).mp3', 'storage/thumbnails/bd6aa0ebe2fbe61c338de3c692728c4475123e909f31f24c4e0ece1df5767e34.jpg', 0, '2026-05-13 14:38:02'),
(221, 21, 2, 5, 'DIL KAA JO HAAL HAI', 'dil-kaa-jo-haal-hai', 302, 135182, 48000, 5115234, 'b7084474d99ee1fb554ab6d45ec7fa147ed3de27f82bced54deb867a38542b67', 'storage/music/01 - DIL KAA JO HAAL HAI.mp3', 'storage/thumbnails/b7084474d99ee1fb554ab6d45ec7fa147ed3de27f82bced54deb867a38542b67.jpg', 0, '2026-05-13 14:38:49'),
(222, 22, 2, 5, 'Labon Ko', 'labon-ko', 341, 138219, 48000, 5894000, 'fa365e5476af8465765b8030cbb04852694f72fe1de88eb105d3147d582a7b12', 'storage/music/01 - Labon Ko.mp3', 'storage/thumbnails/fa365e5476af8465765b8030cbb04852694f72fe1de88eb105d3147d582a7b12.jpg', 0, '2026-05-13 14:39:41'),
(223, 23, 2, 5, 'TUM SE HI', 'tum-se-hi', 321, 137391, 48000, 5518526, 'fdcaae16fece1660188cc5f4825f4f1420683d7094fb4b911d4e1260004b5b3f', 'storage/music/01 - TUM SE HI.mp3', 'storage/thumbnails/fdcaae16fece1660188cc5f4825f4f1420683d7094fb4b911d4e1260004b5b3f.jpg', 0, '2026-05-13 14:40:20'),
(224, 2, 2, 5, 'Zaroorat Full video Song l Ek Villain I Mithoon I Mustafa Zahid | Main Adhura Ji Taha Hun Song', 'zaroorat-full-video-song-l-ek-villain-i-mithoon-i-mustafa-zahid-main-adhura-ji-taha-hun-song', 273, 117884, 48000, 4037464, 'f0f2381c787dccdc5a4c54f686ac54e06391efc7db3e9185cb15734405aba6c2', 'storage/music/01 - Zaroorat Full video Song l Ek Villain I Mithoon I Mustafa Zahid _ Main Adhura Ji Taha Hun Song.mp3', 'storage/thumbnails/f0f2381c787dccdc5a4c54f686ac54e06391efc7db3e9185cb15734405aba6c2.jpg', 0, '2026-05-13 14:40:52'),
(225, 2, 2, 5, 'Sanso Ki Mala Pe Simru Shiv Ka Naam - Sejal Keshari | सांसो की माला  | Shiv Bhajan |Bhakti Song 2024', 'sanso-ki-mala-pe-simru-shiv-ka-naam-sejal-keshari-shiv-bhajan-bhakti-song-2024', 355, 131423, 48000, 5854763, '09418aaecb4ee10c9e59809ebfbe4575a02905230e26a87dca1934e342955ef5', 'storage/music/01 - Sanso Ki Mala Pe Simru Shiv Ka Naam - Sejal Keshari _ सांसो की माला  _ Shiv Bhajan _Bhakti Song 2024.mp3', 'storage/thumbnails/09418aaecb4ee10c9e59809ebfbe4575a02905230e26a87dca1934e342955ef5.jpg', 0, '2026-05-13 14:41:28'),
(226, 2, 2, 5, 'Sanson Ki Mala Pe (Lyrics) - Nusrat Fateh Ali Khan, Andre Antunes 🎶 | Prem ke rang mein aisi dubi✨', 'sanson-ki-mala-pe-lyrics-nusrat-fateh-ali-khan-andre-antunes-prem-ke-rang-mein-aisi-dubi', 341, 123097, 48000, 5254985, 'ee88195dbaafe6a56bd8f2126186a5574cc0225f2997599492ee6456c9e68458', 'storage/music/01 - Sanson Ki Mala Pe (Lyrics) - Nusrat Fateh Ali Khan, Andre Antunes 🎶 _ Prem ke rang mein aisi dubi✨.mp3', 'storage/thumbnails/ee88195dbaafe6a56bd8f2126186a5574cc0225f2997599492ee6456c9e68458.jpg', 0, '2026-05-13 14:42:05');
INSERT INTO `songs` (`id`, `album_id`, `language_id`, `era_id`, `title`, `slug`, `duration`, `bitrate`, `sample_rate`, `file_size`, `audio_hash`, `file_path`, `thumbnail_path`, `play_count`, `created_at`) VALUES
(227, 2, 2, 5, 'Dil Mera Tod Diya - Alka Yagnik - Kasoor [2001]', 'dil-mera-tod-diya-alka-yagnik-kasoor-2001', 310, 150270, 48000, 5828029, 'b0f9122da18535400afac626168a6a2b66329fdfb300316fabfc45ab931e74e4', 'storage/music/01 - Dil Mera Tod Diya - Alka Yagnik - Kasoor [2001].mp3', 'storage/thumbnails/b0f9122da18535400afac626168a6a2b66329fdfb300316fabfc45ab931e74e4.jpg', 0, '2026-05-14 15:13:09'),
(228, 2, 2, 5, 'Shaamat (Full Video) - Ek Villain Returns | John, Disha, Arjun, Tara | Ankit, Prince, Mohit, Ektaa K', 'shaamat-full-video-ek-villain-returns-john-disha-arjun-tara-ankit-prince-mohit-ektaa-k', 331, 135017, 48000, 5608068, 'd7cd60584fde325324c137b515b3c84988ee59d5ed47679f3490d716f8b70cdc', 'storage/music/01 - Shaamat (Full Video) - Ek Villain Returns _ John, Disha, Arjun, Tara _ Ankit, Prince, Mohit, Ektaa K.mp3', 'storage/thumbnails/d7cd60584fde325324c137b515b3c84988ee59d5ed47679f3490d716f8b70cdc.jpg', 0, '2026-05-14 15:13:43'),
(229, 2, 2, 5, 'Afusic – Pal Pal (Remake) | Prod.NoMERCY | 9M+ Views', 'afusic-pal-pal-remake-prod-nomercy-9m-views', 143, 129772, 48000, 2337654, '3232401d79ff1ea749541ea3d77698852d6622336909a9630ee1d7943d159ed5', 'storage/music/01 - Afusic – Pal Pal (Remake) _ Prod.NoMERCY _ 9M+ Views.mp3', 'storage/thumbnails/3232401d79ff1ea749541ea3d77698852d6622336909a9630ee1d7943d159ed5.jpg', 0, '2026-05-14 15:14:11'),
(230, 2, 2, 5, 'Aadat (Juda Hoke Bhi) | Atif Aslam | Kunal Khemu | Kalyug | Sayeed Q | Emraan Hashmi', 'aadat-juda-hoke-bhi-atif-aslam-kunal-khemu-kalyug-sayeed-q-emraan-hashmi', 290, 133535, 48000, 4847267, 'b258fa6eaeba05f70199962c11effc61f75618a4e7ae45e13f3b92834f964328', 'storage/music/01 - Aadat (Juda Hoke Bhi) _ Atif Aslam _ Kunal Khemu _ Kalyug _ Sayeed Q _ Emraan Hashmi.mp3', 'storage/thumbnails/b258fa6eaeba05f70199962c11effc61f75618a4e7ae45e13f3b92834f964328.jpg', 0, '2026-05-14 15:14:45'),
(231, 2, 2, 5, 'Woh Lamhe Woh Baatein (Lyrics Video) Atif Aslam | Emraan Hashmi | Zeher (2005) | WorldFamousLyrics', 'woh-lamhe-woh-baatein-lyrics-video-atif-aslam-emraan-hashmi-zeher-2005-worldfamouslyrics', 331, 129218, 48000, 5368011, '2e4581b057e17c866d14ae35e1472f3839ec80d5fcd212905f9decffa14d4281', 'storage/music/01 - Woh Lamhe Woh Baatein (Lyrics Video) Atif Aslam _ Emraan Hashmi _ Zeher (2005) _ WorldFamousLyrics.mp3', 'storage/thumbnails/2e4581b057e17c866d14ae35e1472f3839ec80d5fcd212905f9decffa14d4281.jpg', 0, '2026-05-14 15:15:23'),
(232, 2, 2, 5, 'Crazy Frog - Tricky (Official Video)', 'crazy-frog-tricky-official-video', 157, 127022, 48000, 2501314, 'aaf16de235e5e64a0bf50b8fb772e96817fc4eb0bfcca4f69a01128001db1f37', 'storage/music/01 - Crazy Frog - Tricky (Official Video).mp3', 'storage/thumbnails/aaf16de235e5e64a0bf50b8fb772e96817fc4eb0bfcca4f69a01128001db1f37.jpg', 0, '2026-05-14 15:15:47'),
(233, 2, 2, 5, 'Theme of Lord Shiva || Powerful Fusion Music ||', 'theme-of-lord-shiva-powerful-fusion-music', 196, 135044, 48000, 3326523, 'bcb6d8de0dd8c9dd838d03e9a6d525c0b9e49cc2d2b832dbda8316bba597459f', 'storage/music/01 - Theme of Lord Shiva __ Powerful Fusion Music __.mp3', 'storage/thumbnails/bcb6d8de0dd8c9dd838d03e9a6d525c0b9e49cc2d2b832dbda8316bba597459f.jpg', 0, '2026-05-14 15:16:14'),
(234, 2, 2, 5, 'PSY - GANGNAM STYLE(강남스타일) M/V', 'psy-gangnam-style-m-v', 252, 119811, 48000, 3779483, '283cc007cbe76e02ffca4335f40d716affbbade4ef95f18353d64f446f2a6977', 'storage/music/01 - PSY - GANGNAM STYLE(강남스타일) M_V.mp3', 'storage/thumbnails/283cc007cbe76e02ffca4335f40d716affbbade4ef95f18353d64f446f2a6977.jpg', 0, '2026-05-14 15:16:42'),
(235, 2, 2, 5, 'Shri Ram Janki baithe Hain mere Sine mein hard base DJ', 'shri-ram-janki-baithe-hain-mere-sine-mein-hard-base-dj', 379, 128880, 48000, 6112410, 'c50a94eee964dace9828024ae080601260db3632dbc7e373795202329daa2f58', 'storage/music/01 - Shri Ram Janki baithe Hain mere Sine mein hard base DJ.mp3', 'storage/thumbnails/c50a94eee964dace9828024ae080601260db3632dbc7e373795202329daa2f58.jpg', 0, '2026-05-14 15:17:19'),
(236, 2, 2, 5, 'Zingaat  | Sairat | Akash Thosar & Rinku Rajguru | Ajay Atul | Nagraj Manjule | Trending Song', 'zingaat-sairat-akash-thosar-and-rinku-rajguru-ajay-atul-nagraj-manjule-trending-song', 231, 133009, 48000, 3854388, 'd51a4ad512b056a64572c2e9ac16fe7f13678f68924d70b1da01e4a783b2b1c2', 'storage/music/01 - Zingaat  _ Sairat _ Akash Thosar & Rinku Rajguru _ Ajay Atul _ Nagraj Manjule _ Trending Song.mp3', 'storage/thumbnails/d51a4ad512b056a64572c2e9ac16fe7f13678f68924d70b1da01e4a783b2b1c2.jpg', 0, '2026-05-14 15:18:23'),
(237, 24, 2, 5, 'Nashe Si Chadh Gayi (From \"Befikre\")', 'nashe-si-chadh-gayi-from-befikre', 237, 137285, 48000, 4083986, 'dc515a4b499e6246ce0e30803051f44efdf797710caa59784dfeedd15fb22d46', 'storage/music/01 - Nashe Si Chadh Gayi (From _Befikre_).mp3', 'storage/thumbnails/dc515a4b499e6246ce0e30803051f44efdf797710caa59784dfeedd15fb22d46.jpg', 0, '2026-05-14 15:19:00'),
(238, 2, 2, 5, '🎶Arijit Singh Mashup 2025 | Soulful & Emotional Hits Nonstop ❤️ | Bollywood Love Vibes ✨', 'arijit-singh-mashup-2025-soulful-and-emotional-hits-nonstop-bollywood-love-vibes', 549, 131517, 48000, 9039095, '3e39af54f45c8b46442efbbd0175465ebc6159d958bee99e4edb658b19822fad', 'storage/music/01 - 🎶Arijit Singh Mashup 2025 _ Soulful & Emotional Hits Nonstop ❤️ _ Bollywood Love Vibes ✨.mp3', 'storage/thumbnails/3e39af54f45c8b46442efbbd0175465ebc6159d958bee99e4edb658b19822fad.jpg', 0, '2026-05-14 15:19:49'),
(239, 2, 2, 5, 'Pehli Nazar Mein Kaise Jaado Kar Diya | Atif Aslam Hits | Race I Akshaye, Bipasha & Saif Ali', 'pehli-nazar-mein-kaise-jaado-kar-diya-atif-aslam-hits-race-i-akshaye-bipasha-and-saif-ali', 197, 130197, 48000, 3216423, '6887e524c9823fdf5cacadc1bef74f17632848779fcf44414f3538d4e51efb9d', 'storage/music/01 - Pehli Nazar Mein Kaise Jaado Kar Diya _ Atif Aslam Hits _ Race I Akshaye, Bipasha & Saif Ali.mp3', 'storage/thumbnails/6887e524c9823fdf5cacadc1bef74f17632848779fcf44414f3538d4e51efb9d.jpg', 0, '2026-05-14 15:20:16'),
(240, 2, 2, 5, 'Kabhi Na Kabhi - Aditya Narayan & Suzzanne Dmello (Lyrics) | Shaapit | Lyrical Bam Hindi', 'kabhi-na-kabhi-aditya-narayan-and-suzzanne-dmello-lyrics-shaapit-lyrical-bam-hindi', 377, 134751, 48000, 6357337, '94733fb0e306518bf5fe0c0fac0b25c3055c045695b30ed4b7648201d165443c', 'storage/music/01 - Kabhi Na Kabhi - Aditya Narayan & Suzzanne Dmello (Lyrics) _ Shaapit _ Lyrical Bam Hindi.mp3', 'storage/thumbnails/94733fb0e306518bf5fe0c0fac0b25c3055c045695b30ed4b7648201d165443c.jpg', 0, '2026-05-14 15:20:59'),
(241, 15, 2, 5, 'AJNABI HAWAAYEIN', 'ajnabi-hawaayein', 281, 138241, 48000, 4868858, '0f31e2daec870c86866c5dcc084dcded54a94e2aa678d4ade444d0c45cdac67e', 'storage/music/01 - AJNABI HAWAAYEIN.mp3', 'storage/thumbnails/0f31e2daec870c86866c5dcc084dcded54a94e2aa678d4ade444d0c45cdac67e.jpg', 0, '2026-05-14 15:21:32'),
(242, 15, 2, 5, 'CHAAHATA DIL TUMKO', 'chaahata-dil-tumko', 279, 138191, 48000, 4830660, 'e3cf27a05160a518f35b5beb942393a1a63769d76259728ded8a7236dde029d8', 'storage/music/01 - CHAAHATA DIL TUMKO.mp3', 'storage/thumbnails/e3cf27a05160a518f35b5beb942393a1a63769d76259728ded8a7236dde029d8.jpg', 0, '2026-05-14 15:22:07'),
(243, 2, 2, 5, 'KAUN TUJHE Full  Video | M.S. DHONI -THE UNTOLD STORY |Amaal Mallik Palak|Sushant Singh Disha Patani', 'kaun-tujhe-full-video-m-s-dhoni-the-untold-story-amaal-mallik-palak-sushant-singh-disha-patani', 215, 127865, 48000, 3453354, 'd23b5ab44598d763a65f447c63849cd8d3e1ed2b56c7f4edf83a87ea14bb06c7', 'storage/music/01 - KAUN TUJHE Full  Video _ M.S. DHONI -THE UNTOLD STORY _Amaal Mallik Palak_Sushant Singh Disha Patani.mp3', 'storage/thumbnails/d23b5ab44598d763a65f447c63849cd8d3e1ed2b56c7f4edf83a87ea14bb06c7.jpg', 0, '2026-05-14 15:22:47'),
(244, 2, 2, 5, 'PHIR KABHI Full Video Song | M.S. DHONI -THE UNTOLD STORY |Arijit Singh| Sushant Singh Disha Patani', 'phir-kabhi-full-video-song-m-s-dhoni-the-untold-story-arijit-singh-sushant-singh-disha-patani', 215, 132075, 48000, 3559289, '3d89bb6b38f2121d5f230a3127f716c9fb899c859088a1ef52bfa3abe1f9d23c', 'storage/music/01 - PHIR KABHI Full Video Song _ M.S. DHONI -THE UNTOLD STORY _Arijit Singh_ Sushant Singh Disha Patani.mp3', 'storage/thumbnails/3d89bb6b38f2121d5f230a3127f716c9fb899c859088a1ef52bfa3abe1f9d23c.jpg', 0, '2026-05-14 15:23:25'),
(245, 2, 2, 5, 'BESABRIYAAN Full Video Song | M. S. DHONI - THE UNTOLD STORY | Sushant Singh Rajput', 'besabriyaan-full-video-song-m-s-dhoni-the-untold-story-sushant-singh-rajput', 210, 134923, 48000, 3549315, 'de0b988d1fb3d20085a6d299d63957e5ce963896d4a044daa8e21c9cc6465060', 'storage/music/01 - BESABRIYAAN Full Video Song _ M. S. DHONI - THE UNTOLD STORY _ Sushant Singh Rajput.mp3', 'storage/thumbnails/de0b988d1fb3d20085a6d299d63957e5ce963896d4a044daa8e21c9cc6465060.jpg', 0, '2026-05-14 15:23:53'),
(246, 2, 2, 5, 'Kitni Bechain Hoke | Udit Narayan | Alka Yagnik | Kasoor [2001]', 'kitni-bechain-hoke-udit-narayan-alka-yagnik-kasoor-2001', 445, 141911, 48000, 7899647, 'e92b8275bddfe0c9c465994613c2f89c6581dd7a6bf869c19f2a20a8ebbfbd6b', 'storage/music/01 - Kitni Bechain Hoke _ Udit Narayan _ Alka Yagnik _ Kasoor [2001].mp3', 'storage/thumbnails/e92b8275bddfe0c9c465994613c2f89c6581dd7a6bf869c19f2a20a8ebbfbd6b.jpg', 0, '2026-05-14 15:24:49'),
(247, 2, 2, 5, 'Jo Bhi Kasmein Khai Thi Humne - Raaz | Bipasha Basu & Dino Morea | Alka Yagnik & Udit Narayan', 'jo-bhi-kasmein-khai-thi-humne-raaz-bipasha-basu-and-dino-morea-alka-yagnik-and-udit-narayan', 335, 137623, 48000, 5774065, '9b133dbf3769083634e5524bb1bac0676233f2baac034d911712b763022b6fc1', 'storage/music/01 - Jo Bhi Kasmein Khai Thi Humne - Raaz _ Bipasha Basu & Dino Morea _ Alka Yagnik & Udit Narayan.mp3', 'storage/thumbnails/9b133dbf3769083634e5524bb1bac0676233f2baac034d911712b763022b6fc1.jpg', 0, '2026-05-14 15:25:29'),
(248, 2, 2, 5, 'Aksar Is Duniya Mein | Dhadkan (2000) Alka Yagnik(High quality & 5.1)', 'aksar-is-duniya-mein-dhadkan-2000-alka-yagnik-high-quality-and-5-1', 341, 140580, 48000, 6004130, 'a61fa0ed176d16b54c8e3be1ca027c820bcef352120794dbe47d9ee47d5bb266', 'storage/music/01 - Aksar Is Duniya Mein _ Dhadkan (2000) Alka Yagnik(High quality & 5.1).mp3', 'storage/thumbnails/a61fa0ed176d16b54c8e3be1ca027c820bcef352120794dbe47d9ee47d5bb266.jpg', 0, '2026-05-14 15:28:36'),
(249, 2, 2, 5, 'Piya Ji Ke Muski | Khesari Lal Yadav, Aamrapali Dubey | Doli Saja Ke Rakhna | FULL SONG | Movie Song', 'piya-ji-ke-muski-khesari-lal-yadav-aamrapali-dubey-doli-saja-ke-rakhna-full-song-movie-song', 262, 140019, 48000, 4607021, '7078f9d7d1c11071f545466e3a837936e8c2a40fc5572e1944e3c0dfa8a653d0', 'storage/music/01 - Piya Ji Ke Muski _ Khesari Lal Yadav, Aamrapali Dubey _ Doli Saja Ke Rakhna _ FULL SONG _ Movie Song.mp3', 'storage/thumbnails/7078f9d7d1c11071f545466e3a837936e8c2a40fc5572e1944e3c0dfa8a653d0.jpg', 0, '2026-05-14 15:32:04'),
(250, 2, 2, 5, 'Khabar Nahi Lyric Video - Dostana|John,Abhishek,Priyanka|Shreya Ghoshal|Amanat Ali', 'khabar-nahi-lyric-video-dostana-john-abhishek-priyanka-shreya-ghoshal-amanat-ali', 251, 137495, 48000, 4325182, '88137cb7a63e9b6488e8d28c4b9632aa8f1c655d233b981840017f0008ac6299', 'storage/music/01 - Khabar Nahi Lyric Video - Dostana_John,Abhishek,Priyanka_Shreya Ghoshal_Amanat Ali.mp3', 'storage/thumbnails/88137cb7a63e9b6488e8d28c4b9632aa8f1c655d233b981840017f0008ac6299.jpg', 0, '2026-05-14 15:36:01'),
(251, 2, 2, 5, 'Bakhuda Tumhi Ho | Atif Aslam | Alka Yagnik | Kismat Konnection | 2009', 'bakhuda-tumhi-ho-atif-aslam-alka-yagnik-kismat-konnection-2009', 282, 139996, 48000, 4944079, 'b48c10d12130f7217b0b930b631fc1c9110f40eb4b8c361c83abea2752d7d190', 'storage/music/01 - Bakhuda Tumhi Ho _ Atif Aslam _ Alka Yagnik _ Kismat Konnection _ 2009.mp3', 'storage/thumbnails/b48c10d12130f7217b0b930b631fc1c9110f40eb4b8c361c83abea2752d7d190.jpg', 0, '2026-05-14 15:36:40'),
(252, 2, 2, 5, '\"Te Amo\" Dum Maaro Dum (full song) | Bipasha Basu, Rana Dagubati', 'te-amo-dum-maaro-dum-full-song-bipasha-basu-rana-dagubati', 178, 103968, 48000, 2324038, '97844ed8069d4b1c51c1c16bb6cbca79180d3bc7c7e4b036dfc2be3ab203988f', 'storage/music/01 - _Te Amo_ Dum Maaro Dum (full song) _ Bipasha Basu, Rana Dagubati.mp3', 'storage/thumbnails/97844ed8069d4b1c51c1c16bb6cbca79180d3bc7c7e4b036dfc2be3ab203988f.jpg', 0, '2026-05-14 15:37:14'),
(253, 2, 2, 5, 'LYRICAL: Kaise Mujhe | Ghajini | Aamir Khan, Asin | Benny Dayal, Shreya Ghosal | A.R. Rahman', 'lyrical-kaise-mujhe-ghajini-aamir-khan-asin-benny-dayal-shreya-ghosal-a-r-rahman', 362, 133806, 48000, 6069026, 'a1ddebdd19886732743a6aa04fd4a5e5667367f6d7bfcc8afa0519cf7f015732', 'storage/music/01 - LYRICAL_ Kaise Mujhe _ Ghajini _ Aamir Khan, Asin _ Benny Dayal, Shreya Ghosal _ A.R. Rahman.mp3', 'storage/thumbnails/a1ddebdd19886732743a6aa04fd4a5e5667367f6d7bfcc8afa0519cf7f015732.jpg', 0, '2026-05-14 15:37:52'),
(254, 2, 2, 5, 'Jaane Kyun Full Video - Dostana|John,Abhishek,Priyanka|Vishal Dadlani|Vishal & Shekhar', 'jaane-kyun-full-video-dostana-john-abhishek-priyanka-vishal-dadlani-vishal-and-shekhar', 243, 151938, 48000, 4626016, '6518ceaad9e7bae71af0b674921c9bf942f2a2ad45b4d4ee4bad92319d570e6b', 'storage/music/01 - Jaane Kyun Full Video - Dostana_John,Abhishek,Priyanka_Vishal Dadlani_Vishal & Shekhar.mp3', 'storage/thumbnails/6518ceaad9e7bae71af0b674921c9bf942f2a2ad45b4d4ee4bad92319d570e6b.jpg', 0, '2026-05-14 15:38:22'),
(255, 2, 2, 5, 'Teri Ore | Full Audio |Singh Is Kinng |Akshay K|Katrina K|Pritam|Rahat Fateh Ali Khan|Shreya Ghoshal', 'teri-ore-full-audio-singh-is-kinng-akshay-k-katrina-k-pritam-rahat-fateh-ali-khan-shreya-ghoshal', 337, 143328, 48000, 6050499, 'efd2b092ecc723a53178b927857755e4112e1161ab8caedf62044b8e618c1cbf', 'storage/music/01 - Teri Ore _ Full Audio _Singh Is Kinng _Akshay K_Katrina K_Pritam_Rahat Fateh Ali Khan_Shreya Ghoshal.mp3', 'storage/thumbnails/efd2b092ecc723a53178b927857755e4112e1161ab8caedf62044b8e618c1cbf.jpg', 0, '2026-05-14 15:39:22'),
(256, 2, 2, 5, 'Bahara Full Video - I Hate Luv Storys | Sonam Kapoor, Imran | Shreya Ghoshal, Sona Mohapatra', 'bahara-full-video-i-hate-luv-storys-sonam-kapoor-imran-shreya-ghoshal-sona-mohapatra', 248, 147127, 48000, 4577672, '79507c6915e276dcc4a9eaa3a1b456da8df2953fcc8483db9b0a018a216e886f', 'storage/music/01 - Bahara Full Video - I Hate Luv Storys _ Sonam Kapoor, Imran _ Shreya Ghoshal, Sona Mohapatra.mp3', 'storage/thumbnails/79507c6915e276dcc4a9eaa3a1b456da8df2953fcc8483db9b0a018a216e886f.jpg', 0, '2026-05-14 15:43:23'),
(257, 2, 2, 5, 'KK | Tujhe Sochta Hoon - 8K/4K Music Video | Emraan Hashmi | Esha Gupta | Pritam | Jannat 2', 'kk-tujhe-sochta-hoon-8k-4k-music-video-emraan-hashmi-esha-gupta-pritam-jannat-2', 302, 131226, 48000, 4960007, 'ae6e4a6cba025a2ec71078d55ad619f6cf4b2e665ea31093da7ad0b77389e26d', 'storage/music/01 - KK _ Tujhe Sochta Hoon - 8K_4K Music Video _ Emraan Hashmi _ Esha Gupta _ Pritam _ Jannat 2.mp3', 'storage/thumbnails/ae6e4a6cba025a2ec71078d55ad619f6cf4b2e665ea31093da7ad0b77389e26d.jpg', 0, '2026-05-14 15:45:51'),
(258, 2, 2, 5, 'Love Me Thoda Aur - Video Song | Arijit Singh | Yaariyan | Mithoon | Himansh Kohli,Rakul Preet Singh', 'love-me-thoda-aur-video-song-arijit-singh-yaariyan-mithoon-himansh-kohli-rakul-preet-singh', 253, 135735, 48000, 4299779, 'fc9c4bfa1c80058f596e6983e88987e7dedc0dbcbfbc22ecac57100571211b4e', 'storage/music/01 - Love Me Thoda Aur - Video Song _ Arijit Singh _ Yaariyan _ Mithoon _ Himansh Kohli,Rakul Preet Singh.mp3', 'storage/thumbnails/fc9c4bfa1c80058f596e6983e88987e7dedc0dbcbfbc22ecac57100571211b4e.jpg', 0, '2026-05-14 15:46:34'),
(259, 2, 2, 5, 'ISHQ MUBARAK Full Video Song || Tum Bin 2 || Arijit Singh | Neha Sharma, Aditya Seal & Aashim Gulati', 'ishq-mubarak-full-video-song-tum-bin-2-arijit-singh-neha-sharma-aditya-seal-and-aashim-gulati', 292, 142919, 48000, 5237112, '8c2d6ad134fba65537ff3a2f211558305036580efb8424f8cf9eb6811d8b125c', 'storage/music/01 - ISHQ MUBARAK Full Video Song __ Tum Bin 2 __ Arijit Singh _ Neha Sharma, Aditya Seal & Aashim Gulati.mp3', 'storage/thumbnails/8c2d6ad134fba65537ff3a2f211558305036580efb8424f8cf9eb6811d8b125c.jpg', 0, '2026-05-14 15:47:43'),
(260, 25, 2, 5, 'Bol Do Na Zara', 'bol-do-na-zara', 292, 131806, 48000, 4826603, '87ea6f5499fe5e2e150735d86e1efa54a9ad48498c44f4f0088bf51531897ec0', 'storage/music/01 - Bol Do Na Zara.mp3', 'storage/thumbnails/87ea6f5499fe5e2e150735d86e1efa54a9ad48498c44f4f0088bf51531897ec0.jpg', 0, '2026-05-14 15:48:22'),
(261, 2, 2, 5, 'Kuch To Hai Lyrical Video Song | DO LAFZON KI KAHANI | Randeep Hooda, Kajal Aggarwal', 'kuch-to-hai-lyrical-video-song-do-lafzon-ki-kahani-randeep-hooda-kajal-aggarwal', 248, 123880, 48000, 3849240, '006bc3dd1236b70d27c453298cabc573c7a2bef77c566afaf4215b272b9ca9e6', 'storage/music/01 - Kuch To Hai Lyrical Video Song _ DO LAFZON KI KAHANI _ Randeep Hooda, Kajal Aggarwal.mp3', 'storage/thumbnails/006bc3dd1236b70d27c453298cabc573c7a2bef77c566afaf4215b272b9ca9e6.jpg', 0, '2026-05-14 15:49:54'),
(262, 2, 2, 5, 'Lyrical: Dil Mein Ho Tum| WHY CHEAT INDIA | Emraan H, Shreya D|Rochak K, Armaan M, Bappi L, Manoj M', 'lyrical-dil-mein-ho-tum-why-cheat-india-emraan-h-shreya-d-rochak-k-armaan-m-bappi-l-manoj-m', 345, 134510, 48000, 5819389, '7d2c4e5bab496e70ed690d926f8682e522beea5a47d252e1f1425c8905a2a5c7', 'storage/music/01 - Lyrical_ Dil Mein Ho Tum_ WHY CHEAT INDIA _ Emraan H, Shreya D_Rochak K, Armaan M, Bappi L, Manoj M.mp3', 'storage/thumbnails/7d2c4e5bab496e70ed690d926f8682e522beea5a47d252e1f1425c8905a2a5c7.jpg', 0, '2026-05-14 15:50:41'),
(263, 2, 2, 5, 'Ghar Se Nikalte Hi Song | Amaal Mallik Feat. Armaan Malik | Bhushan Kumar | Angel', 'ghar-se-nikalte-hi-song-amaal-mallik-feat-armaan-malik-bhushan-kumar-angel', 299, 133081, 48000, 4995599, '20257ac2dcabc3da9a38a7fe558c5eead559236b3171554de28b17bde39634d2', 'storage/music/01 - Ghar Se Nikalte Hi Song _ Amaal Mallik Feat. Armaan Malik _ Bhushan Kumar _ Angel.mp3', 'storage/thumbnails/20257ac2dcabc3da9a38a7fe558c5eead559236b3171554de28b17bde39634d2.jpg', 0, '2026-05-14 15:51:13'),
(264, 2, 2, 5, 'HUA HAIN AAJ PEHLI BAAR (Lyrical)| SANAM RE | Pulkit Samrat, Urvashi Rautela | Divya Khosla Kumar', 'hua-hain-aaj-pehli-baar-lyrical-sanam-re-pulkit-samrat-urvashi-rautela-divya-khosla-kumar', 309, 136575, 48000, 5286095, '23fe9188dcbd0f18fb458d0e6b16034657fcbc1202c926af80eda0b84a948276', 'storage/music/01 - HUA HAIN AAJ PEHLI BAAR (Lyrical)_ SANAM RE _ Pulkit Samrat, Urvashi Rautela _ Divya Khosla Kumar.mp3', 'storage/thumbnails/23fe9188dcbd0f18fb458d0e6b16034657fcbc1202c926af80eda0b84a948276.jpg', 0, '2026-05-14 15:51:44'),
(265, 2, 2, 5, 'AAJA NA FERRARI MEIN (Full Video) | Armaan Malik | Amaal Mallik | T-Series | Latest Hindi Song 2017', 'aaja-na-ferrari-mein-full-video-armaan-malik-amaal-mallik-t-series-latest-hindi-song-2017', 246, 136201, 48000, 4212215, '663d0b694aa247b6ac8a32bc08707f7a76c7acba6cf8ab367c471ba2a1b98ffa', 'storage/music/01 - AAJA NA FERRARI MEIN (Full Video) _ Armaan Malik _ Amaal Mallik _ T-Series _ Latest Hindi Song 2017.mp3', 'storage/thumbnails/663d0b694aa247b6ac8a32bc08707f7a76c7acba6cf8ab367c471ba2a1b98ffa.jpg', 0, '2026-05-14 15:52:10'),
(266, 2, 2, 5, 'JAB SE MERA DIL Lyrical | AMAVAS | Sachiin J Joshi, Nargis Fakhri | Armaan Malik, Palak Muchhal', 'jab-se-mera-dil-lyrical-amavas-sachiin-j-joshi-nargis-fakhri-armaan-malik-palak-muchhal', 221, 141137, 48000, 3907299, '47c597b988297ae1a1bf091b21ceed03f2086e38ea1ccd0ecaa3707c2e9049f7', 'storage/music/01 - JAB SE MERA DIL Lyrical _ AMAVAS _ Sachiin J Joshi, Nargis Fakhri _ Armaan Malik, Palak Muchhal.mp3', 'storage/thumbnails/47c597b988297ae1a1bf091b21ceed03f2086e38ea1ccd0ecaa3707c2e9049f7.jpg', 0, '2026-05-14 15:52:36'),
(267, 2, 2, 5, 'PYAAR MANGA HAI Audio Song | Zareen Khan, Ali Fazal | Armaan Malik, Neeti Mohan  | Latest Hindi Song', 'pyaar-manga-hai-audio-song-zareen-khan-ali-fazal-armaan-malik-neeti-mohan-latest-hindi-song', 286, 134192, 48000, 4807036, '46e4ec25af8866b725b94e8beb78a6312121871b91cad81ec016b04e5dcb07c5', 'storage/music/01 - PYAAR MANGA HAI Audio Song _ Zareen Khan, Ali Fazal _ Armaan Malik, Neeti Mohan  _ Latest Hindi Song.mp3', 'storage/thumbnails/46e4ec25af8866b725b94e8beb78a6312121871b91cad81ec016b04e5dcb07c5.jpg', 0, '2026-05-14 15:53:10'),
(268, 2, 2, 5, 'Mujhko Barsaat Bana Lo(lyrics) | Junooniyat | Armaan Malik |  Rashmi Virag | Yami Gautam |  Pulkit', 'mujhko-barsaat-bana-lo-lyrics-junooniyat-armaan-malik-rashmi-virag-yami-gautam-pulkit', 265, 133990, 48000, 4460014, '8766c94d71aeb43a53efd5b8da0d3a75a7882d77caba4b645a310e2768986424', 'storage/music/01 - Mujhko Barsaat Bana Lo(lyrics) _ Junooniyat _ Armaan Malik _  Rashmi Virag _ Yami Gautam _  Pulkit.mp3', 'storage/thumbnails/8766c94d71aeb43a53efd5b8da0d3a75a7882d77caba4b645a310e2768986424.jpg', 0, '2026-05-14 15:53:37'),
(269, 2, 2, 5, 'SAB TERA Video Song | BAAGHI | Tiger Shroff, Shraddha Kapoor | Armaan Malik | Amaal Mallik |T-Series', 'sab-tera-video-song-baaghi-tiger-shroff-shraddha-kapoor-armaan-malik-amaal-mallik-t-series', 145, 142309, 48000, 2599926, '4b3e19c6f004ca2a5156066bdf42021f5cf8d0cbd0b350c4e71d48a89257a4ac', 'storage/music/01 - SAB TERA Video Song _ BAAGHI _ Tiger Shroff, Shraddha Kapoor _ Armaan Malik _ Amaal Mallik _T-Series.mp3', 'storage/thumbnails/4b3e19c6f004ca2a5156066bdf42021f5cf8d0cbd0b350c4e71d48a89257a4ac.jpg', 0, '2026-05-14 15:53:59'),
(270, 2, 2, 5, 'Kehta Hai Pal Pal Audio  | Sachiin J. Joshi, Alankrita Sahai | Armaan Malik, Shruti Pathak | Caesar', 'kehta-hai-pal-pal-audio-sachiin-j-joshi-alankrita-sahai-armaan-malik-shruti-pathak-caesar', 264, 138102, 48000, 4576507, '132d22b52e2580189949ba80cb76266405e0f82441b12612aaf571229b287dba', 'storage/music/01 - Kehta Hai Pal Pal Audio  _ Sachiin J. Joshi, Alankrita Sahai _ Armaan Malik, Shruti Pathak _ Caesar.mp3', 'storage/thumbnails/132d22b52e2580189949ba80cb76266405e0f82441b12612aaf571229b287dba.jpg', 0, '2026-05-14 15:54:25'),
(271, 2, 2, 5, 'Main Rahoon Ya Na Rahoon Full LYRICAL Video | Emraan Hashmi, Esha Gupta | Amaal Mallik, Armaan Malik', 'main-rahoon-ya-na-rahoon-full-lyrical-video-emraan-hashmi-esha-gupta-amaal-mallik-armaan-malik', 319, 132914, 48000, 5320710, '20b910f74c14f585ed09fde695c4ba9497713d6bada6c5ec3a8fc92364493294', 'storage/music/01 - Main Rahoon Ya Na Rahoon Full LYRICAL Video _ Emraan Hashmi, Esha Gupta _ Amaal Mallik, Armaan Malik.mp3', 'storage/thumbnails/20b910f74c14f585ed09fde695c4ba9497713d6bada6c5ec3a8fc92364493294.jpg', 0, '2026-05-14 15:55:00'),
(272, 2, 2, 5, 'Arijit Singh | Muskurane Ki Wajah Tum Ho (Lyrical Video) Rajkummar Rao | Jeet Gannguli | CityLights', 'arijit-singh-muskurane-ki-wajah-tum-ho-lyrical-video-rajkummar-rao-jeet-gannguli-citylights', 340, 132390, 48000, 5636351, 'a71efe722b9743aebeb8375ba8bdfad16911121a5646ff2fa55e77ecbac643e5', 'storage/music/01 - Arijit Singh _ Muskurane Ki Wajah Tum Ho (Lyrical Video) Rajkummar Rao _ Jeet Gannguli _ CityLights.mp3', 'storage/thumbnails/a71efe722b9743aebeb8375ba8bdfad16911121a5646ff2fa55e77ecbac643e5.jpg', 0, '2026-05-14 15:56:03'),
(273, 2, 2, 5, 'Raabta (Kehte Hain Khuda) Full Song With Lyrics | Agent Vinod | Saif Ali Khan, Kareena Kapoor,Pritam', 'raabta-kehte-hain-khuda-full-song-with-lyrics-agent-vinod-saif-ali-khan-kareena-kapoor-pritam', 232, 136266, 48000, 3960702, 'a61f7575695dd76499fd1057341e6b1fdd8146cbaf48848f0cadf63c307d905c', 'storage/music/01 - Raabta (Kehte Hain Khuda) Full Song With Lyrics _ Agent Vinod _ Saif Ali Khan, Kareena Kapoor,Pritam.mp3', 'storage/thumbnails/a61f7575695dd76499fd1057341e6b1fdd8146cbaf48848f0cadf63c307d905c.jpg', 0, '2026-05-14 15:56:38'),
(274, 2, 2, 5, 'Tu Hi Hai Aashiqui Lyrics - Arijit Singh , Palak Muchhal', 'tu-hi-hai-aashiqui-lyrics-arijit-singh-palak-muchhal', 338, 131435, 48000, 5562894, '157432f5599a14700946038d9c7060ddbe31e3e0cd7dcc190879bf04c94c5451', 'storage/music/01 - Tu Hi Hai Aashiqui Lyrics - Arijit Singh , Palak Muchhal.mp3', 'storage/thumbnails/157432f5599a14700946038d9c7060ddbe31e3e0cd7dcc190879bf04c94c5451.jpg', 0, '2026-05-14 15:57:14'),
(275, 2, 2, 5, 'Dil Sambhal Ja Zara | LYRICS | Arijit Singh, Mohammad Irfan Ali, Saim Bhat', 'dil-sambhal-ja-zara-lyrics-arijit-singh-mohammad-irfan-ali-saim-bhat', 335, 130531, 48000, 5474567, '5d3e01a77f9aa0e002d214799f0bab86abb50e0e469d2e2b1e841fa857984396', 'storage/music/01 - Dil Sambhal Ja Zara _ LYRICS _ Arijit Singh, Mohammad Irfan Ali, Saim Bhat.mp3', 'storage/thumbnails/5d3e01a77f9aa0e002d214799f0bab86abb50e0e469d2e2b1e841fa857984396.jpg', 0, '2026-05-14 15:57:48'),
(276, 2, 2, 5, 'Heer - Ali Raza & Shjr | Lofi Version', 'heer-ali-raza-and-shjr-lofi-version', 252, 131385, 48000, 4151456, '39af7cfff84b96366442d468438b18501ac66c6d4455dda2f75f18cda5ea3731', 'storage/music/01 - Heer - Ali Raza & Shjr _ Lofi Version.mp3', 'storage/thumbnails/39af7cfff84b96366442d468438b18501ac66c6d4455dda2f75f18cda5ea3731.jpg', 0, '2026-05-14 15:58:18'),
(277, 2, 2, 5, 'Yeh Dooriyan - Lyrical Video | Love Aaj Kal | Kartik Aaryan, Sara Ali Khan | Pritam | Mohit Chauhan', 'yeh-dooriyan-lyrical-video-love-aaj-kal-kartik-aaryan-sara-ali-khan-pritam-mohit-chauhan', 242, 124484, 48000, 3778061, '145d0601e11638c58c0199523ecce00e17049df4bbaa2e3b5584c1b15d6853d7', 'storage/music/01 - Yeh Dooriyan - Lyrical Video _ Love Aaj Kal _ Kartik Aaryan, Sara Ali Khan _ Pritam _ Mohit Chauhan.mp3', 'storage/thumbnails/145d0601e11638c58c0199523ecce00e17049df4bbaa2e3b5584c1b15d6853d7.jpg', 0, '2026-05-14 15:58:47'),
(278, 26, 2, 5, 'Main Dhoondne Ko Zamaane Mein', 'main-dhoondne-ko-zamaane-mein', 263, 134274, 48000, 4415776, 'c92b3f2d8b923cb1fdca6abc59395d58722e9e8727f6500a4498b1368c478a31', 'storage/music/01 - Main Dhoondne Ko Zamaane Mein.mp3', 'storage/thumbnails/c92b3f2d8b923cb1fdca6abc59395d58722e9e8727f6500a4498b1368c478a31.jpg', 0, '2026-05-14 15:59:18'),
(279, 2, 2, 5, 'Chhod Diya (Lyrics) - Arijit Singh, Kanika Kapoor | Baazaar', 'chhod-diya-lyrics-arijit-singh-kanika-kapoor-baazaar', 319, 135028, 48000, 5402163, '16f5ba1d612069339b9e2e73f9f46a3cebc1d7b41b3f8c0dee05a14ae4f674cb', 'storage/music/01 - Chhod Diya (Lyrics) - Arijit Singh, Kanika Kapoor _ Baazaar.mp3', 'storage/thumbnails/16f5ba1d612069339b9e2e73f9f46a3cebc1d7b41b3f8c0dee05a14ae4f674cb.jpg', 0, '2026-05-14 15:59:53'),
(280, 2, 2, 5, 'Shayad - Love Aaj Kal | Kartik | Sara | Arushi | Pritam | Arijit Singh', 'shayad-love-aaj-kal-kartik-sara-arushi-pritam-arijit-singh', 190, 130037, 48000, 3095202, '20e8dedec07e6233861767164da5d60cc95847535353106d3069f3260e101a24', 'storage/music/01 - Shayad - Love Aaj Kal _ Kartik _ Sara _ Arushi _ Pritam _ Arijit Singh.mp3', 'storage/thumbnails/20e8dedec07e6233861767164da5d60cc95847535353106d3069f3260e101a24.jpg', 0, '2026-05-14 16:00:23'),
(281, 2, 2, 5, 'Khamoshiyan Full Video, Arijit Singh - Ali Fazal, Sapna Pabbi, Gurmeet C', 'khamoshiyan-full-video-arijit-singh-ali-fazal-sapna-pabbi-gurmeet-c', 196, 128447, 48000, 3154198, '93ff37e3b398a988a4d9ed4537369ffae248488e283535e8f3d634a359359fd2', 'storage/music/01 - Khamoshiyan Full Video, Arijit Singh - Ali Fazal, Sapna Pabbi, Gurmeet C.mp3', 'storage/thumbnails/93ff37e3b398a988a4d9ed4537369ffae248488e283535e8f3d634a359359fd2.jpg', 0, '2026-05-14 16:00:47'),
(282, 2, 2, 5, 'LO MAAN LIYA Full Video Song | Raaz Reboot | Arijit Singh|Emraan Hashmi,Kriti Kharbanda,Gaurav Arora', 'lo-maan-liya-full-video-song-raaz-reboot-arijit-singh-emraan-hashmi-kriti-kharbanda-gaurav-arora', 281, 138944, 48000, 4894574, '176c2642de03a62e7ee5316b55ee7e04ef173c05ee1326750b9330b24b72934f', 'storage/music/01 - LO MAAN LIYA Full Video Song _ Raaz Reboot _ Arijit Singh_Emraan Hashmi,Kriti Kharbanda,Gaurav Arora.mp3', 'storage/thumbnails/176c2642de03a62e7ee5316b55ee7e04ef173c05ee1326750b9330b24b72934f.jpg', 0, '2026-05-14 16:01:15'),
(283, 2, 2, 5, 'Jo Bheji Thi Duaa - Arijit Singh | Nandini Srikar, Kumaar | Vishal-Shekhar | Shanghai', 'jo-bheji-thi-duaa-arijit-singh-nandini-srikar-kumaar-vishal-shekhar-shanghai', 260, 127176, 48000, 4145715, '4a4d942c745e0cea7754d1383fbd6ced721743e1fa865dc67f29fc9712ce486a', 'storage/music/01 - Jo Bheji Thi Duaa - Arijit Singh _ Nandini Srikar, Kumaar _ Vishal-Shekhar _ Shanghai.mp3', 'storage/thumbnails/4a4d942c745e0cea7754d1383fbd6ced721743e1fa865dc67f29fc9712ce486a.jpg', 0, '2026-05-14 16:01:41'),
(284, 2, 2, 5, 'MERA HUA (ARIJIT SINGH)- Ek Deewane Ki Deewaniyat | Harshvardhan Rane & Sonam Bajwa| Annkur | Sachin', 'mera-hua-arijit-singh-ek-deewane-ki-deewaniyat-harshvardhan-rane-and-sonam-bajwa-annkur-sachin', 223, 128871, 48000, 3600082, '32fda16c78255981747c9f88fb0c3af09ec0d4c459278554078a4ecad2a2c63a', 'storage/music/01 - MERA HUA (ARIJIT SINGH)- Ek Deewane Ki Deewaniyat _ Harshvardhan Rane & Sonam Bajwa_ Annkur _ Sachin.mp3', 'storage/thumbnails/32fda16c78255981747c9f88fb0c3af09ec0d4c459278554078a4ecad2a2c63a.jpg', 0, '2026-05-14 16:02:39'),
(285, 2, 2, 5, 'Vishal Mishra Mashup 2025 | Hiren Chawda | Best of Vishal Mishra | Mushkil Hai | Khoobsurat', 'vishal-mishra-mashup-2025-hiren-chawda-best-of-vishal-mishra-mushkil-hai-khoobsurat', 460, 134106, 48000, 7721878, '5e87c6398e6c2ebb0a14555b8cc4cbe048dcb25a4104d22bce3bdb79a4e025f0', 'storage/music/01 - Vishal Mishra Mashup 2025 _ Hiren Chawda _ Best of Vishal Mishra _ Mushkil Hai _ Khoobsurat.mp3', 'storage/thumbnails/5e87c6398e6c2ebb0a14555b8cc4cbe048dcb25a4104d22bce3bdb79a4e025f0.jpg', 0, '2026-05-14 16:03:16'),
(286, 25, 2, 5, 'Itni Si Baat Hain', 'itni-si-baat-hain', 294, 132275, 48000, 4877157, '40326d6f52a964397868ce30debfa5e2762ae2af8413bc540dbeb6e23ca40659', 'storage/music/01 - Itni Si Baat Hain.mp3', 'storage/thumbnails/40326d6f52a964397868ce30debfa5e2762ae2af8413bc540dbeb6e23ca40659.jpg', 0, '2026-05-14 16:03:46'),
(287, 2, 2, 5, 'Kabhi Jo Badal Barse Lyrics  Arijit Singh (Jackpot)', 'kabhi-jo-badal-barse-lyrics-arijit-singh-jackpot', 258, 131553, 48000, 4245653, 'df9b71313df4170f0f7e3ea53ccedd92f2988be3e3440881aa4605969b3805c3', 'storage/music/01 - Kabhi Jo Badal Barse Lyrics  Arijit Singh (Jackpot).mp3', 'storage/thumbnails/df9b71313df4170f0f7e3ea53ccedd92f2988be3e3440881aa4605969b3805c3.jpg', 0, '2026-05-14 16:04:13'),
(288, 2, 2, 5, 'PHIR SE (Video) | Dhurandhar The Revenge |Ranveer Singh|Shashwat Sachdev,Arijit S,Irshad K|Aditya D', 'phir-se-video-dhurandhar-the-revenge-ranveer-singh-shashwat-sachdev-arijit-s-irshad-k-aditya-d', 227, 121273, 48000, 3451584, 'ed0458574a4f2d3cd20f425566ab73f40c48ddd8051cb58d9382cce44ba5f15e', 'storage/music/01 - PHIR SE (Video) _ Dhurandhar The Revenge _Ranveer Singh_Shashwat Sachdev,Arijit S,Irshad K_Aditya D.mp3', 'storage/thumbnails/ed0458574a4f2d3cd20f425566ab73f40c48ddd8051cb58d9382cce44ba5f15e.jpg', 0, '2026-05-14 16:04:40'),
(289, 2, 2, 5, 'Aashiqui 2: Aasan Nahin Yahan 8K Full Video Song | Arijit Singh | Aditya Roy Kapur, Shraddha Kapoor', 'aashiqui-2-aasan-nahin-yahan-8k-full-video-song-arijit-singh-aditya-roy-kapur-shraddha-kapoor', 214, 132314, 48000, 3548575, '1668b9cbdb7a87cf0bccb00b5e880e4282d783bf6ae40810527bf545fc9ff817', 'storage/music/01 - Aashiqui 2_ Aasan Nahin Yahan 8K Full Video Song _ Arijit Singh _ Aditya Roy Kapur, Shraddha Kapoor.mp3', 'storage/thumbnails/1668b9cbdb7a87cf0bccb00b5e880e4282d783bf6ae40810527bf545fc9ff817.jpg', 0, '2026-05-14 16:05:05'),
(290, 2, 2, 5, 'Kesariya - Official Lyric|Brahmāstra|Ranbir, Alia |Pritam, Arijit Singh, Amitabh', 'kesariya-official-lyric-brahm-stra-ranbir-alia-pritam-arijit-singh-amitabh', 312, 122378, 48000, 4787371, '0202adcdeef15a6efcda405423eac22705d0b8dce9274cf83887f05578109c79', 'storage/music/01 - Kesariya - Official Lyric_Brahmāstra_Ranbir, Alia _Pritam, Arijit Singh, Amitabh.mp3', 'storage/thumbnails/0202adcdeef15a6efcda405423eac22705d0b8dce9274cf83887f05578109c79.jpg', 0, '2026-05-14 16:05:34'),
(291, 2, 2, 5, 'Khushi Ke Pal Kahan Dhoondhoon | Arijit Singh | Best of Arijit | With Lyrics |#arijitsingh #lofi', 'khushi-ke-pal-kahan-dhoondhoon-arijit-singh-best-of-arijit-with-lyrics-arijitsingh-lofi', 246, 129264, 48000, 3990853, 'a33acaaebbbdd7db5ef1055028cce355a5b42401cbc41b1da1677766545e9d95', 'storage/music/01 - Khushi Ke Pal Kahan Dhoondhoon _ Arijit Singh _ Best of Arijit _ With Lyrics _#arijitsingh #lofi.mp3', 'storage/thumbnails/a33acaaebbbdd7db5ef1055028cce355a5b42401cbc41b1da1677766545e9d95.jpg', 0, '2026-05-14 16:06:09'),
(292, 2, 2, 5, 'Suna Suna | Full Audio | Krishna Cottage | Shreya Ghoshal | Anu Malik | Sohail Khan | Isha Koppikar', 'suna-suna-full-audio-krishna-cottage-shreya-ghoshal-anu-malik-sohail-khan-isha-koppikar', 449, 130477, 48000, 7340890, 'cf7ebd121244f9303f4a34c4a5df40fc0acc11d71e15a07f76a89fc65c12a9f5', 'storage/music/01 - Suna Suna _ Full Audio _ Krishna Cottage _ Shreya Ghoshal _ Anu Malik _ Sohail Khan _ Isha Koppikar.mp3', 'storage/thumbnails/cf7ebd121244f9303f4a34c4a5df40fc0acc11d71e15a07f76a89fc65c12a9f5.jpg', 0, '2026-05-15 09:25:04'),
(293, 2, 2, 5, 'Meri Wafayen Yaad Karoge | Sainik | Akshay Kumar, Ashwini Bhave | Kumar Sanu, Asha Bhosle |90\'s Hits', 'meri-wafayen-yaad-karoge-sainik-akshay-kumar-ashwini-bhave-kumar-sanu-asha-bhosle-90-s-hits', 230, 137969, 48000, 3974499, '49e329bd90707cd86f9b6b8bbf6a9048fb477fecda42dc079ff2556d26574487', 'storage/music/01 - Meri Wafayen Yaad Karoge _ Sainik _ Akshay Kumar, Ashwini Bhave _ Kumar Sanu, Asha Bhosle _90\'s Hits.mp3', 'storage/thumbnails/49e329bd90707cd86f9b6b8bbf6a9048fb477fecda42dc079ff2556d26574487.jpg', 0, '2026-05-15 09:25:31'),
(294, 2, 2, 5, 'Dil Mera Tod Diya (Full 4K Video Song) | Alka Yagnik | Kasoor Movie', 'dil-mera-tod-diya-full-4k-video-song-alka-yagnik-kasoor-movie', 300, 130495, 48000, 4903444, '9cf366d909cc2ea838cab1192a8cd768adbb420c44815ada00e671c1491b3d38', 'storage/music/01 - Dil Mera Tod Diya (Full 4K Video Song) _ Alka Yagnik _ Kasoor Movie.mp3', 'storage/thumbnails/9cf366d909cc2ea838cab1192a8cd768adbb420c44815ada00e671c1491b3d38.jpg', 0, '2026-05-15 09:26:05'),
(295, 2, 2, 5, 'Rozana Full Video Song | Naam Shabana | Akshay Kumar, Taapsee Pannu, Taher Shabbir I Shreya, Rochak', 'rozana-full-video-song-naam-shabana-akshay-kumar-taapsee-pannu-taher-shabbir-i-shreya-rochak', 269, 125706, 48000, 4239077, '10987a0488839bdb2c9319d55113761e80299da8452881a7d5c3144f8d98ff95', 'storage/music/01 - Rozana Full Video Song _ Naam Shabana _ Akshay Kumar, Taapsee Pannu, Taher Shabbir I Shreya, Rochak.mp3', 'storage/thumbnails/10987a0488839bdb2c9319d55113761e80299da8452881a7d5c3144f8d98ff95.jpg', 0, '2026-05-15 09:26:32'),
(296, 2, 2, 5, 'Ae Kaash Kahin Aisa Hota (HD) | Akshay Kumar, Raveena Tandon | Mohra (1994) | Popular 90s Sad Song', 'ae-kaash-kahin-aisa-hota-hd-akshay-kumar-raveena-tandon-mohra-1994-popular-90s-sad-song', 295, 81122, 48000, 3002652, 'd6999c6d1bdac7fdbbb4b2d2629492404a1610b796f7487fb4303fccfcc21348', 'storage/music/01 - Ae Kaash Kahin Aisa Hota (HD) _ Akshay Kumar, Raveena Tandon _ Mohra (1994) _ Popular 90s Sad Song.mp3', 'storage/thumbnails/d6999c6d1bdac7fdbbb4b2d2629492404a1610b796f7487fb4303fccfcc21348.jpg', 0, '2026-05-15 09:27:58'),
(297, 2, 2, 5, 'Chhupana Bhi Nahi Aata - 4K VIDEO | Baazigar | Shahrukh & Kajol | Vinod Rathod | 90\'s Romantic Song', 'chhupana-bhi-nahi-aata-4k-video-baazigar-shahrukh-and-kajol-vinod-rathod-90-s-romantic-song', 339, 136350, 48000, 5793623, '519b809eb9283493e0b026a1f6b32ce5a5066a49c8b8139de959c1030f6b9cb8', 'storage/music/01 - Chhupana Bhi Nahi Aata - 4K VIDEO _ Baazigar _ Shahrukh & Kajol _ Vinod Rathod _ 90\'s Romantic Song.mp3', 'storage/thumbnails/519b809eb9283493e0b026a1f6b32ce5a5066a49c8b8139de959c1030f6b9cb8.jpg', 0, '2026-05-15 09:28:53'),
(298, 2, 2, 5, 'Shaam Bhi Khoob Hai 4k Video Song  | Alka Yagnik, Kumar Sanu, and Udit Narayan', 'shaam-bhi-khoob-hai-4k-video-song-alka-yagnik-kumar-sanu-and-udit-narayan', 318, 138676, 48000, 5525548, '86bf95efc3286101d0c7f1062926edc199a62a65babb1a9e0516743bb9ea1dc1', 'storage/music/01 - Shaam Bhi Khoob Hai 4k Video Song  _ Alka Yagnik, Kumar Sanu, and Udit Narayan.mp3', 'storage/thumbnails/86bf95efc3286101d0c7f1062926edc199a62a65babb1a9e0516743bb9ea1dc1.jpg', 0, '2026-05-15 09:29:40'),
(299, 2, 2, 5, 'इस तरह आशिकी का असर छोड़ जाऊंगा | Is Tarah Aashiqui Ka Asar Chod Jaunga | Kumar | Saif Ali, Raveena', 'is-tarah-aashiqui-ka-asar-chod-jaunga-kumar-saif-ali-raveena', 441, 136776, 48000, 7549636, 'bb0d538d8e4d95f6ced3c81f3a8dfc11ebafc9b78922bda76c8b6aceb2f1f51c', 'storage/music/01 - इस तरह आशिकी का असर छोड़ जाऊंगा _ Is Tarah Aashiqui Ka Asar Chod Jaunga _ Kumar _ Saif Ali, Raveena.mp3', 'storage/thumbnails/bb0d538d8e4d95f6ced3c81f3a8dfc11ebafc9b78922bda76c8b6aceb2f1f51c.jpg', 0, '2026-05-15 09:31:50'),
(300, 2, 2, 5, 'Crazy Frog - Axel F (Official Video)', 'crazy-frog-axel-f-official-video', 171, 134787, 48000, 2901818, '258243a062f6bd809f842ea573f4ef007a76ee953a078cdd72b7c35204ef2b91', 'storage/music/01 - Crazy Frog - Axel F (Official Video).mp3', 'storage/thumbnails/258243a062f6bd809f842ea573f4ef007a76ee953a078cdd72b7c35204ef2b91.jpg', 0, '2026-05-17 09:28:18'),
(301, 2, 2, 5, 'Crazy Frog - Funny Song (Official Video)', 'crazy-frog-funny-song-official-video', 140, 130919, 48000, 2304740, 'd0a79c54c4504f1c034fe29b51624dd1178b846c678a35566623b39aac158b06', 'storage/music/01 - Crazy Frog - Funny Song (Official Video).mp3', 'storage/thumbnails/d0a79c54c4504f1c034fe29b51624dd1178b846c678a35566623b39aac158b06.jpg', 0, '2026-05-17 09:28:40'),
(302, 2, 2, 5, 'Crazy Frog - A Ring Ding Ding Ding (Official Video)', 'crazy-frog-a-ring-ding-ding-ding-official-video', 132, 125373, 48000, 2088201, '71ef4accbab73a3c7d9e2278dc8fbbf4b1ac3a2877e7da5fe6bc284006ff1ea1', 'storage/music/01 - Crazy Frog - A Ring Ding Ding Ding (Official Video).mp3', 'storage/thumbnails/71ef4accbab73a3c7d9e2278dc8fbbf4b1ac3a2877e7da5fe6bc284006ff1ea1.jpg', 0, '2026-05-17 09:29:00'),
(303, 2, 2, 5, 'LYRICAL: Main Agar Kahoon | Om Shanti Om | Shahrukh Khan,Deepika Padukone | Sonu Nigam,Shreya Ghosal', 'lyrical-main-agar-kahoon-om-shanti-om-shahrukh-khan-deepika-padukone-sonu-nigam-shreya-ghosal', 328, 130576, 48000, 5357820, 'fb9253400bb560b22d131e89f2bc7bb225d22e8ebcae5f1210f0841be1597ceb', 'storage/music/01 - LYRICAL_ Main Agar Kahoon _ Om Shanti Om _ Shahrukh Khan,Deepika Padukone _ Sonu Nigam,Shreya Ghosal.mp3', 'storage/thumbnails/fb9253400bb560b22d131e89f2bc7bb225d22e8ebcae5f1210f0841be1597ceb.jpg', 0, '2026-05-17 09:30:18'),
(304, 2, 2, 5, 'Aankhon Mein Teri Ajab Si (Lyrical) Om Shanti Om | K.K. | Shahrukh Khan | Deepika Padukone', 'aankhon-mein-teri-ajab-si-lyrical-om-shanti-om-k-k-shahrukh-khan-deepika-padukone', 260, 149767, 48000, 4883418, 'd120bdccadbe673602eb06fc2aae1df2cb2b32c3bf50c65100e1e1d81b193510', 'storage/music/01 - Aankhon Mein Teri Ajab Si (Lyrical) Om Shanti Om _ K.K. _ Shahrukh Khan _ Deepika Padukone.mp3', 'storage/thumbnails/d120bdccadbe673602eb06fc2aae1df2cb2b32c3bf50c65100e1e1d81b193510.jpg', 0, '2026-05-17 09:30:47'),
(305, 2, 2, 5, 'Lyrical: Jag Soona Soona Lage | Om Shanti Om | Shahrukh Khan, Deepika Padukon', 'lyrical-jag-soona-soona-lage-om-shanti-om-shahrukh-khan-deepika-padukon', 350, 135826, 48000, 5950585, '9f27c1426813c95d8d2c84c0170ca8b14b51eb948b454734d315f6a0fd8e8c18', 'storage/music/01 - Lyrical_ Jag Soona Soona Lage _ Om Shanti Om _ Shahrukh Khan, Deepika Padukon.mp3', 'storage/thumbnails/9f27c1426813c95d8d2c84c0170ca8b14b51eb948b454734d315f6a0fd8e8c18.jpg', 0, '2026-05-17 09:31:27'),
(306, 2, 2, 5, 'OFFICIAL: \'Manwa Laage\' FULL VIDEO Song | Happy New Year | Shah Rukh Khan | Arijit Singh', 'official-manwa-laage-full-video-song-happy-new-year-shah-rukh-khan-arijit-singh', 268, 139294, 48000, 4676524, '09754b8ce654b6b901fe587db4ca7a01c98a299f3bd5be41bfbdc86b84ad5f8f', 'storage/music/01 - OFFICIAL_ \'Manwa Laage\' FULL VIDEO Song _ Happy New Year _ Shah Rukh Khan _ Arijit Singh.mp3', 'storage/thumbnails/09754b8ce654b6b901fe587db4ca7a01c98a299f3bd5be41bfbdc86b84ad5f8f.jpg', 0, '2026-05-17 09:31:56'),
(307, 2, 2, 5, 'Lyrical Video: Dildara Song | Ra.One | ShahRukh Khan, Kareena Kapoor', 'lyrical-video-dildara-song-ra-one-shahrukh-khan-kareena-kapoor', 270, 133758, 48000, 4517744, 'ae2ac9ee4d2752c6bc5c922c5d4c82dd57271285f59ae5d686d7aa39a6478e80', 'storage/music/01 - Lyrical Video_ Dildara Song _ Ra.One _ ShahRukh Khan, Kareena Kapoor.mp3', 'storage/thumbnails/ae2ac9ee4d2752c6bc5c922c5d4c82dd57271285f59ae5d686d7aa39a6478e80.jpg', 0, '2026-05-17 09:32:51'),
(308, 2, 2, 5, 'Lyrical: Yeh Ishq Hai | Jab We Met | Kareena Kapoor, Shahid Kapoor | Pritam | Shreya Ghoshal', 'lyrical-yeh-ishq-hai-jab-we-met-kareena-kapoor-shahid-kapoor-pritam-shreya-ghoshal', 296, 137015, 48000, 5076840, 'bd1b3e8b91fefdfa66fe7663e84fb5364af348da29760b1950b98dcc164c9e1f', 'storage/music/01 - Lyrical_ Yeh Ishq Hai _ Jab We Met _ Kareena Kapoor, Shahid Kapoor _ Pritam _ Shreya Ghoshal.mp3', 'storage/thumbnails/bd1b3e8b91fefdfa66fe7663e84fb5364af348da29760b1950b98dcc164c9e1f.jpg', 0, '2026-05-17 09:33:31'),
(309, 2, 2, 5, 'Tumhe Jo Maine Dekha Lyrical Video | Main Hoon Na |Abhijeet,Shreya Ghosal|Shahrukh Khan,Sushmita Sen', 'tumhe-jo-maine-dekha-lyrical-video-main-hoon-na-abhijeet-shreya-ghosal-shahrukh-khan-sushmita-sen', 341, 141147, 48000, 6021561, 'a63dce54d76b60dcb08e7d40fa9b9c84fa3fd5fa15c3023dad7698d66d3a4d8b', 'storage/music/01 - Tumhe Jo Maine Dekha Lyrical Video _ Main Hoon Na _Abhijeet,Shreya Ghosal_Shahrukh Khan,Sushmita Sen.mp3', 'storage/thumbnails/a63dce54d76b60dcb08e7d40fa9b9c84fa3fd5fa15c3023dad7698d66d3a4d8b.jpg', 0, '2026-05-17 09:34:22'),
(310, 2, 2, 5, 'Chale Jaise Hawaien Lyrical Video | Main Hoon Na | K K, Vasundhara Das | Shah Rukh Khan,Sushmita Sen', 'chale-jaise-hawaien-lyrical-video-main-hoon-na-k-k-vasundhara-das-shah-rukh-khan-sushmita-sen', 313, 137619, 48000, 5403869, '49da24f0df285632cb581f32a58a943fcce4c159e95028a3215db15cbb0147c3', 'storage/music/01 - Chale Jaise Hawaien Lyrical Video _ Main Hoon Na _ K K, Vasundhara Das _ Shah Rukh Khan,Sushmita Sen.mp3', 'storage/thumbnails/49da24f0df285632cb581f32a58a943fcce4c159e95028a3215db15cbb0147c3.jpg', 0, '2026-05-17 09:34:57'),
(311, 2, 2, 5, 'Akele Hum Akele Tum - 4K Video | Aamir Khan | Manisha Koirala | Udit Narayan | Ishtar Regional', 'akele-hum-akele-tum-4k-video-aamir-khan-manisha-koirala-udit-narayan-ishtar-regional', 284, 137152, 48000, 4888972, '52b8ec4e3783762101738be3689851ebda5197bd2df405376863d19f438d839a', 'storage/music/01 - Akele Hum Akele Tum - 4K Video _ Aamir Khan _ Manisha Koirala _ Udit Narayan _ Ishtar Regional.mp3', 'storage/thumbnails/52b8ec4e3783762101738be3689851ebda5197bd2df405376863d19f438d839a.jpg', 0, '2026-05-17 09:39:14'),
(312, 2, 2, 5, '\'One Bottle Down\' Full Song with LYRICS | Yo Yo Honey Singh | T-SERIES', 'one-bottle-down-full-song-with-lyrics-yo-yo-honey-singh-t-series', 196, 135985, 48000, 3345280, 'f13b6c6080457ead450a24f7b3fc07b83f9386e84926a39d3139f9e2204b7640', 'storage/music/01 - \'One Bottle Down\' Full Song with LYRICS _ Yo Yo Honey Singh _ T-SERIES.mp3', 'storage/thumbnails/f13b6c6080457ead450a24f7b3fc07b83f9386e84926a39d3139f9e2204b7640.jpg', 0, '2026-05-17 09:41:06'),
(313, 2, 2, 5, 'LYRICAL: Desi Kalakaar Full Song with LYRICS | Yo Yo Honey Singh | Sonakshi Sinha', 'lyrical-desi-kalakaar-full-song-with-lyrics-yo-yo-honey-singh-sonakshi-sinha', 272, 126539, 48000, 4312161, '13e6cbbb26ccc7bd23eea1ba39a59ab862fff2be3e84b36612cde90f63b1fb0e', 'storage/music/01 - LYRICAL_ Desi Kalakaar Full Song with LYRICS _ Yo Yo Honey Singh _ Sonakshi Sinha.mp3', 'storage/thumbnails/13e6cbbb26ccc7bd23eea1ba39a59ab862fff2be3e84b36612cde90f63b1fb0e.jpg', 0, '2026-05-17 09:43:36'),
(314, 2, 2, 5, 'Dheere Dheere Se Meri Zindagi Video Song (OFFICIAL) Hrithik Roshan, Sonam Kapoor | Yo Yo Honey Singh', 'dheere-dheere-se-meri-zindagi-video-song-official-hrithik-roshan-sonam-kapoor-yo-yo-honey-singh', 304, 135456, 48000, 5154772, '74afa1538980eb168fc2e8dac37a0fd30de98afec631bc622606b2700d1b4920', 'storage/music/01 - Dheere Dheere Se Meri Zindagi Video Song (OFFICIAL) Hrithik Roshan, Sonam Kapoor _ Yo Yo Honey Singh.mp3', 'storage/thumbnails/74afa1538980eb168fc2e8dac37a0fd30de98afec631bc622606b2700d1b4920.jpg', 0, '2026-05-17 09:44:39'),
(315, 2, 2, 5, 'Blue Eyes Full Video Song Yo Yo Honey Singh | Blockbuster Song Of 2013', 'blue-eyes-full-video-song-yo-yo-honey-singh-blockbuster-song-of-2013', 242, 121663, 48000, 3698932, '8ba019a79270f7a62a7712a8c11d737f4144aa7a51bd01fd9abb59f269102309', 'storage/music/01 - Blue Eyes Full Video Song Yo Yo Honey Singh _ Blockbuster Song Of 2013.mp3', 'storage/thumbnails/8ba019a79270f7a62a7712a8c11d737f4144aa7a51bd01fd9abb59f269102309.jpg', 0, '2026-05-17 09:45:18'),
(316, 2, 2, 5, 'MAKHNA Video With Lyrics  | Yo Yo Honey Singh | Neha Kakkar, Singhsta, TDO | Bhushan Kumar', 'makhna-video-with-lyrics-yo-yo-honey-singh-neha-kakkar-singhsta-tdo-bhushan-kumar', 212, 139241, 48000, 3701698, '443e8758346c7ea82798cff4da7d1dbfab346b1ba9b0b17377396d13ec1b1687', 'storage/music/01 - MAKHNA Video With Lyrics  _ Yo Yo Honey Singh _ Neha Kakkar, Singhsta, TDO _ Bhushan Kumar.mp3', 'storage/thumbnails/443e8758346c7ea82798cff4da7d1dbfab346b1ba9b0b17377396d13ec1b1687.jpg', 0, '2026-05-17 09:46:06'),
(317, 2, 2, 5, 'MILLIONAIRE SONG (Full Video): @YoYoHoneySingh  | GLORY | BHUSHAN KUMAR', 'millionaire-song-full-video-yoyohoneysingh-glory-bhushan-kumar', 209, 135504, 48000, 3550247, '3a1075c3027408e17a9ec9beb311c5c062723846a2fb4acef02643941d622d9b', 'storage/music/01 - MILLIONAIRE SONG (Full Video)_ @YoYoHoneySingh  _ GLORY _ BHUSHAN KUMAR.mp3', 'storage/thumbnails/3a1075c3027408e17a9ec9beb311c5c062723846a2fb4acef02643941d622d9b.jpg', 0, '2026-05-17 09:49:14'),
(318, 2, 2, 5, 'Party With The Bhoothnath Song (Official) | Bhoothnath Returns | Amitabh Bachchan, Yo Yo Honey Singh', 'party-with-the-bhoothnath-song-official-bhoothnath-returns-amitabh-bachchan-yo-yo-honey-singh', 276, 135888, 48000, 4708080, 'f7f6a026bb5e2e1c9954ac2779a8a81d6fa2fbff9cfa9b14e73bb018bd395e5e', 'storage/music/01 - Party With The Bhoothnath Song (Official) _ Bhoothnath Returns _ Amitabh Bachchan, Yo Yo Honey Singh.mp3', 'storage/thumbnails/f7f6a026bb5e2e1c9954ac2779a8a81d6fa2fbff9cfa9b14e73bb018bd395e5e.jpg', 0, '2026-05-17 09:52:10'),
(319, 2, 2, 5, 'MANIAC - Bonus Track ( from\" Glory ) I AM A MANIAC || HONEY SINGH NEW SONG​ #esha #HydraMusicSong', 'maniac-bonus-track-from-glory-i-am-a-maniac-honey-singh-new-song-esha-hydramusicsong', 239, 127015, 48000, 3803216, '5cf08b2fbd926f0c9ab2991c6b50ebe0ff2bdfb880735cee74d016ef38dfbaaf', 'storage/music/01 - MANIAC - Bonus Track ( from_ Glory ) I AM A MANIAC __ HONEY SINGH NEW SONG​ #esha #HydraMusicSong.mp3', 'storage/thumbnails/5cf08b2fbd926f0c9ab2991c6b50ebe0ff2bdfb880735cee74d016ef38dfbaaf.jpg', 0, '2026-05-17 09:52:36'),
(320, 2, 2, 5, 'Exclusive: LOVE DOSE Full Video Song | Yo Yo Honey Singh, Urvashi Rautela | Desi Kalakaar', 'exclusive-love-dose-full-video-song-yo-yo-honey-singh-urvashi-rautela-desi-kalakaar', 276, 128144, 48000, 4434941, '512168a1022c1c6a2e7b2a739bc8e88671aea442065d505cd3f221c9bf0d58cb', 'storage/music/01 - Exclusive_ LOVE DOSE Full Video Song _ Yo Yo Honey Singh, Urvashi Rautela _ Desi Kalakaar.mp3', 'storage/thumbnails/512168a1022c1c6a2e7b2a739bc8e88671aea442065d505cd3f221c9bf0d58cb.jpg', 0, '2026-05-17 09:53:07'),
(321, 2, 2, 5, 'Official: Desi Kalakaar Full VIDEO Song | Yo Yo Honey Singh | Honey Singh New Songs 2014', 'official-desi-kalakaar-full-video-song-yo-yo-honey-singh-honey-singh-new-songs-2014', 597, 123419, 48000, 9221098, '7aa4b93945af1f00f181e92268695e6f9bb4d63ea79909e454edecaf5160b994', 'storage/music/01 - Official_ Desi Kalakaar Full VIDEO Song _ Yo Yo Honey Singh _ Honey Singh New Songs 2014.mp3', 'storage/thumbnails/7aa4b93945af1f00f181e92268695e6f9bb4d63ea79909e454edecaf5160b994.jpg', 0, '2026-05-17 09:53:44'),
(322, 2, 2, 5, 'Piya O Re Piya Lyrical - Tere Naal Love Ho Gaya | Riteish Deshmukh, Genelia | Atif Aslam, Shreya', 'piya-o-re-piya-lyrical-tere-naal-love-ho-gaya-riteish-deshmukh-genelia-atif-aslam-shreya', 287, 133344, 48000, 4791644, '7f949f318c3d1ccae31280a697fb77f23e33a78927ab297e98cff17b1bd435b3', 'storage/music/01 - Piya O Re Piya Lyrical - Tere Naal Love Ho Gaya _ Riteish Deshmukh, Genelia _ Atif Aslam, Shreya.mp3', 'storage/thumbnails/7f949f318c3d1ccae31280a697fb77f23e33a78927ab297e98cff17b1bd435b3.jpg', 0, '2026-05-17 13:23:01'),
(323, 2, 2, 5, 'Achutam Keshavam Song | Maharaj | A Netflix Film | Sohail Sen | Sonu Nigam | Bhajan', 'achutam-keshavam-song-maharaj-a-netflix-film-sohail-sen-sonu-nigam-bhajan', 157, 135252, 48000, 2671308, 'ff5faf9d0b77391d5a2582c2a1b7028f610549b5da3bee26448fa29b2efaae83', 'storage/music/01 - Achutam Keshavam Song _ Maharaj _ A Netflix Film _ Sohail Sen _ Sonu Nigam _ Bhajan.mp3', 'storage/thumbnails/ff5faf9d0b77391d5a2582c2a1b7028f610549b5da3bee26448fa29b2efaae83.jpg', 0, '2026-05-17 13:24:37'),
(324, 2, 2, 5, 'Har Har Gange  Full Song | Batti Gul Meter Chalu | Arijit Singh | Shahid Kapoor, Shraddha Kapoor', 'har-har-gange-full-song-batti-gul-meter-chalu-arijit-singh-shahid-kapoor-shraddha-kapoor', 196, 128056, 48000, 3159028, '903f9c24d6cb2c2a0fdcd3fa7e6e49512ff935772e591cc93c033df1e819d83e', 'storage/music/01 - Har Har Gange  Full Song _ Batti Gul Meter Chalu _ Arijit Singh _ Shahid Kapoor, Shraddha Kapoor.mp3', 'storage/thumbnails/903f9c24d6cb2c2a0fdcd3fa7e6e49512ff935772e591cc93c033df1e819d83e.jpg', 0, '2026-05-17 13:25:05'),
(325, 2, 2, 5, 'Shiv Tandav Stotram (Har Har Shiv Shankar) |Sachet Tandon,Parampara Tandon | Bhushan Kumar |T-Series', 'shiv-tandav-stotram-har-har-shiv-shankar-sachet-tandon-parampara-tandon-bhushan-kumar-t-series', 352, 129507, 48000, 5707174, 'd41743eefcd5cb28c3b90533ab6b6cfd9b16691c35568b74aa85470470ddcc25', 'storage/music/01 - Shiv Tandav Stotram (Har Har Shiv Shankar) _Sachet Tandon,Parampara Tandon _ Bhushan Kumar _T-Series.mp3', 'storage/thumbnails/d41743eefcd5cb28c3b90533ab6b6cfd9b16691c35568b74aa85470470ddcc25.jpg', 0, '2026-05-17 13:26:02'),
(326, 2, 2, 5, 'Parvati Boli Shankar Se | Hansraj Raghuwanshi | Shiv Bhajan | Bhole Baba Song | Bholenath Song', 'parvati-boli-shankar-se-hansraj-raghuwanshi-shiv-bhajan-bhole-baba-song-bholenath-song', 445, 131594, 48000, 7335849, '186ad0dbc9f40c800b5392150f76d3b75f21ad75e4290d360aab437733c6dacb', 'storage/music/01 - Parvati Boli Shankar Se _ Hansraj Raghuwanshi _ Shiv Bhajan _ Bhole Baba Song _ Bholenath Song.mp3', 'storage/thumbnails/186ad0dbc9f40c800b5392150f76d3b75f21ad75e4290d360aab437733c6dacb.jpg', 0, '2026-05-17 13:26:55');
INSERT INTO `songs` (`id`, `album_id`, `language_id`, `era_id`, `title`, `slug`, `duration`, `bitrate`, `sample_rate`, `file_size`, `audio_hash`, `file_path`, `thumbnail_path`, `play_count`, `created_at`) VALUES
(327, 2, 2, 5, 'Jaikal Mahakal - Lyrical | Goodbye | Amitabh Bachchan, Rashmika| Amit Trivedi| Mahashivratri Special', 'jaikal-mahakal-lyrical-goodbye-amitabh-bachchan-rashmika-amit-trivedi-mahashivratri-special', 258, 136481, 48000, 4414023, '055e20b616145eb951567fa12add69475b0de2de06c4d599802b501ec6ce85e0', 'storage/music/01 - Jaikal Mahakal - Lyrical _ Goodbye _ Amitabh Bachchan, Rashmika_ Amit Trivedi_ Mahashivratri Special.mp3', 'storage/thumbnails/055e20b616145eb951567fa12add69475b0de2de06c4d599802b501ec6ce85e0.jpg', 0, '2026-05-17 13:27:34'),
(328, 2, 2, 5, 'Arijit Singh: Har Har Gange With Lyrics | Batti Gul Meter Chalu | Shahid Kapoor, Shraddha Kapoor', 'arijit-singh-har-har-gange-with-lyrics-batti-gul-meter-chalu-shahid-kapoor-shraddha-kapoor', 202, 133164, 48000, 3376318, '5182cf8c833b542ffe1dde187218f25afc44c77b9bcc076ccffbee2484d71a42', 'storage/music/01 - Arijit Singh_ Har Har Gange With Lyrics _ Batti Gul Meter Chalu _ Shahid Kapoor, Shraddha Kapoor.mp3', 'storage/thumbnails/5182cf8c833b542ffe1dde187218f25afc44c77b9bcc076ccffbee2484d71a42.jpg', 0, '2026-05-17 13:28:06'),
(329, 2, 2, 5, 'ओ आए तेरे भवन I O Aaye Tere Bhawan I SONU NIGAM, ANURADHA PAUDWAL I Jai Maa Vaishno Devi,New Version', 'i-o-aaye-tere-bhawan-i-sonu-nigam-anuradha-paudwal-i-jai-maa-vaishno-devi-new-version', 323, 137857, 48000, 5582263, '67ee3a0c45ca5fbe5c32a41e94e5a9e1fcf35a78ae9ef8bc3bd1091cb30245e8', 'storage/music/01 - ओ आए तेरे भवन I O Aaye Tere Bhawan I SONU NIGAM, ANURADHA PAUDWAL I Jai Maa Vaishno Devi,New Version.mp3', 'storage/thumbnails/67ee3a0c45ca5fbe5c32a41e94e5a9e1fcf35a78ae9ef8bc3bd1091cb30245e8.jpg', 0, '2026-05-17 13:28:58'),
(330, 2, 2, 5, 'Official Video: Humnava Mere Song | Jubin Nautiyal | Manoj Muntashir | Rocky - Shiv | Bhushan Kumar', 'official-video-humnava-mere-song-jubin-nautiyal-manoj-muntashir-rocky-shiv-bhushan-kumar', 407, 137100, 48000, 6986335, '4a14c2b6bae89b177b436f7ad065839a9bf7dae9745122a7e8c6547ac02c1280', 'storage/music/01 - Official Video_ Humnava Mere Song _ Jubin Nautiyal _ Manoj Muntashir _ Rocky - Shiv _ Bhushan Kumar.mp3', 'storage/thumbnails/4a14c2b6bae89b177b436f7ad065839a9bf7dae9745122a7e8c6547ac02c1280.jpg', 0, '2026-05-17 13:32:00'),
(331, 2, 2, 5, 'Lyrical: Tum Hi Aana | Marjaavaan | Riteish D, Sidharth M, Tara S |Jubin Nautiyal,Payal Dev,Kunaal V', 'lyrical-tum-hi-aana-marjaavaan-riteish-d-sidharth-m-tara-s-jubin-nautiyal-payal-dev-kunaal-v', 267, 131147, 48000, 4387628, 'b9af5af3fafcb9525f6e5aa375e5a207ed2cacff6ea7731bc9465597f8b0d2de', 'storage/music/01 - Lyrical_ Tum Hi Aana _ Marjaavaan _ Riteish D, Sidharth M, Tara S _Jubin Nautiyal,Payal Dev,Kunaal V.mp3', 'storage/thumbnails/b9af5af3fafcb9525f6e5aa375e5a207ed2cacff6ea7731bc9465597f8b0d2de.jpg', 0, '2026-05-17 13:33:04'),
(332, 2, 2, 5, 'Meri Zindagi Hai Tu Full Video | Satyameva Jayate 2 | John A, Divya K | Rochak ft Jubin, Neeti', 'meri-zindagi-hai-tu-full-video-satyameva-jayate-2-john-a-divya-k-rochak-ft-jubin-neeti', 295, 133282, 48000, 4927280, 'ed7ca34dd904051542e9503a299fe656db55d934305ce1554941154106a878e8', 'storage/music/01 - Meri Zindagi Hai Tu Full Video _ Satyameva Jayate 2 _ John A, Divya K _ Rochak ft Jubin, Neeti.mp3', 'storage/thumbnails/ed7ca34dd904051542e9503a299fe656db55d934305ce1554941154106a878e8.jpg', 0, '2026-05-17 13:34:37'),
(333, 2, 2, 5, 'Barbaad Song | Saiyaara | Ahaan Panday, Aneet Padda | The Rish | Jubin Nautiyal', 'barbaad-song-saiyaara-ahaan-panday-aneet-padda-the-rish-jubin-nautiyal', 224, 132141, 48000, 3716276, '404c2c38092fe754387307a5a893536989d562dfdd93884fe1050a69ae6c5bb3', 'storage/music/01 - Barbaad Song _ Saiyaara _ Ahaan Panday, Aneet Padda _ The Rish _ Jubin Nautiyal.mp3', 'storage/thumbnails/404c2c38092fe754387307a5a893536989d562dfdd93884fe1050a69ae6c5bb3.jpg', 0, '2026-05-17 13:36:11'),
(334, 2, 2, 5, 'Ya Ali (Official Video) Gangster | Emraan Hashmi | Kangana Ranaut | Zubeen Garg | 4K Video Song', 'ya-ali-official-video-gangster-emraan-hashmi-kangana-ranaut-zubeen-garg-4k-video-song', 248, 126407, 48000, 3934306, 'c0ca2095a40b14871b84ac65fd84c80c00727d5ea5b42b4110757c7f4bd0a733', 'storage/music/01 - Ya Ali (Official Video) Gangster _ Emraan Hashmi _ Kangana Ranaut _ Zubeen Garg _ 4K Video Song.mp3', 'storage/thumbnails/c0ca2095a40b14871b84ac65fd84c80c00727d5ea5b42b4110757c7f4bd0a733.jpg', 0, '2026-05-17 13:37:32'),
(335, 2, 2, 5, 'Jubin Nautiyal: Shri Krishna Govind Hare Murari | Raaj Aashoo, Murali A | Bhushan Kumar | T-Series', 'jubin-nautiyal-shri-krishna-govind-hare-murari-raaj-aashoo-murali-a-bhushan-kumar-t-series', 154, 129036, 48000, 2499888, 'ccc5c176975db8c626a3339f56eb278355f5f5f278bfcf73aeee5e94a9370430', 'storage/music/01 - Jubin Nautiyal_ Shri Krishna Govind Hare Murari _ Raaj Aashoo, Murali A _ Bhushan Kumar _ T-Series.mp3', 'storage/thumbnails/ccc5c176975db8c626a3339f56eb278355f5f5f278bfcf73aeee5e94a9370430.jpg', 0, '2026-05-17 13:37:53'),
(336, 2, 2, 5, 'Niyati Bhed Nahi Karti, Jo Leti Hai Woh Deti Hai | Jubin Nautiyal | Jo Boyega Woh Kaatega | New Song', 'niyati-bhed-nahi-karti-jo-leti-hai-woh-deti-hai-jubin-nautiyal-jo-boyega-woh-kaatega-new-song', 343, 136293, 48000, 5860235, 'fc175851e1ad61f7de4add086c91cb23fd8f9cc6d81e0fe98f2b5460c0c65185', 'storage/music/01 - Niyati Bhed Nahi Karti, Jo Leti Hai Woh Deti Hai _ Jubin Nautiyal _ Jo Boyega Woh Kaatega _ New Song.mp3', 'storage/thumbnails/fc175851e1ad61f7de4add086c91cb23fd8f9cc6d81e0fe98f2b5460c0c65185.jpg', 0, '2026-05-17 13:38:21'),
(337, 2, 2, 5, 'Hare Krishna Hare Rama Full Official Song| jubin Nautiyal|Janamashtmi Special|New Hindi Bhajans 2021', 'hare-krishna-hare-rama-full-official-song-jubin-nautiyal-janamashtmi-special-new-hindi-bhajans-2021', 299, 131629, 48000, 4936716, '90859f05b67311e403a864dfa7cda00b7663c8c8ffdc537e7b1af5da7013c8f9', 'storage/music/01 - Hare Krishna Hare Rama Full Official Song_ jubin Nautiyal_Janamashtmi Special_New Hindi Bhajans 2021.mp3', 'storage/thumbnails/90859f05b67311e403a864dfa7cda00b7663c8c8ffdc537e7b1af5da7013c8f9.jpg', 0, '2026-05-17 13:38:48'),
(338, 2, 2, 5, 'Mere Ghar Ram Aaye Hain (Lyrics) | Jubin Nautiyal | Payal Dev', 'mere-ghar-ram-aaye-hain-lyrics-jubin-nautiyal-payal-dev', 233, 131918, 48000, 3851757, '3ee5751aa32d640baed83d77121496238d89abf03f8bca9eb5978c8616665241', 'storage/music/01 - Mere Ghar Ram Aaye Hain (Lyrics) _ Jubin Nautiyal _ Payal Dev.mp3', 'storage/thumbnails/3ee5751aa32d640baed83d77121496238d89abf03f8bca9eb5978c8616665241.jpg', 0, '2026-05-17 13:39:19'),
(339, 2, 2, 5, 'Bewafa Tera Masoom Chehra (Lyrics Video) | Jubin Nautiyal | Rochak K , Rashmi V | New Song 2020', 'bewafa-tera-masoom-chehra-lyrics-video-jubin-nautiyal-rochak-k-rashmi-v-new-song-2020', 242, 133126, 48000, 4033935, 'a2aacbfc4304f80c7b6848eb22ffbdcf84be1214bb1d217943e9c720a61b152e', 'storage/music/01 - Bewafa Tera Masoom Chehra (Lyrics Video) _ Jubin Nautiyal _ Rochak K , Rashmi V _ New Song 2020.mp3', 'storage/thumbnails/a2aacbfc4304f80c7b6848eb22ffbdcf84be1214bb1d217943e9c720a61b152e.jpg', 0, '2026-05-17 13:39:44'),
(340, 2, 2, 5, 'Zindagi Kuch Toh Bata (Reprise) Full Song with LYRICS Pritam | Salman Khan | Bajrangi Bhaijaan', 'zindagi-kuch-toh-bata-reprise-full-song-with-lyrics-pritam-salman-khan-bajrangi-bhaijaan', 258, 125591, 48000, 4071284, '4fe94ea45341ed75bc31933deba8f121783542583d492d765d84770e32318543', 'storage/music/01 - Zindagi Kuch Toh Bata (Reprise) Full Song with LYRICS Pritam _ Salman Khan _ Bajrangi Bhaijaan.mp3', 'storage/thumbnails/4fe94ea45341ed75bc31933deba8f121783542583d492d765d84770e32318543.jpg', 0, '2026-05-17 13:40:07'),
(341, 2, 2, 5, 'Ami Mishra, Shreya Ghoshal - Hasi (Female Version) (Lyric Video)', 'ami-mishra-shreya-ghoshal-hasi-female-version-lyric-video', 199, 128173, 48000, 3198658, '8e172b25894eb6331affe3024b011ac32d77d74b51bb18f26088b4a88e01b777', 'storage/music/01 - Ami Mishra, Shreya Ghoshal - Hasi (Female Version) (Lyric Video).mp3', 'storage/thumbnails/8e172b25894eb6331affe3024b011ac32d77d74b51bb18f26088b4a88e01b777.jpg', 0, '2026-05-17 13:42:00'),
(342, 2, 2, 5, 'Guli Mata - Saad Lamjarred | Shreya Ghoshal | Jennifer Winget | Anshul Garg', 'guli-mata-saad-lamjarred-shreya-ghoshal-jennifer-winget-anshul-garg', 290, 135009, 48000, 4908729, '391ad9756d34af3933b6198992fd11e6c25a4090289c2e425a3fed1d42cdb053', 'storage/music/01 - Guli Mata - Saad Lamjarred _ Shreya Ghoshal _ Jennifer Winget _ Anshul Garg.mp3', 'storage/thumbnails/391ad9756d34af3933b6198992fd11e6c25a4090289c2e425a3fed1d42cdb053.jpg', 0, '2026-05-17 13:42:41'),
(343, 2, 2, 5, 'Hume Tumse Pyaar Kitna - Shreya Ghoshal | Best Hindi Song', 'hume-tumse-pyaar-kitna-shreya-ghoshal-best-hindi-song', 360, 125585, 48000, 5652632, 'da26b62a2e9bbd0e66a6b62132dc4df2fb8edd3a822daaf8d6df1c1aa62220dd', 'storage/music/01 - Hume Tumse Pyaar Kitna - Shreya Ghoshal _ Best Hindi Song.mp3', 'storage/thumbnails/da26b62a2e9bbd0e66a6b62132dc4df2fb8edd3a822daaf8d6df1c1aa62220dd.jpg', 0, '2026-05-17 13:43:16'),
(344, 2, 2, 5, '\"Sun Raha Hai Na Tu Female Version\" By Shreya Ghoshal Aashiqui 2 Full Video Song |', 'sun-raha-hai-na-tu-female-version-by-shreya-ghoshal-aashiqui-2-full-video-song', 229, 133932, 48000, 3845416, 'ac35da3c5588d995efce9bd1699e7c233a11e2a709080e5663bc64652074ca56', 'storage/music/01 - _Sun Raha Hai Na Tu Female Version_ By Shreya Ghoshal Aashiqui 2 Full Video Song _.mp3', 'storage/thumbnails/ac35da3c5588d995efce9bd1699e7c233a11e2a709080e5663bc64652074ca56.jpg', 0, '2026-05-17 13:43:44'),
(345, 2, 2, 5, 'Pal (Female Version) - Lyrical Video | Shreya Ghoshal | Varun | Rhea | Javed-Mohsin', 'pal-female-version-lyrical-video-shreya-ghoshal-varun-rhea-javed-mohsin', 251, 134487, 48000, 4233805, '7833033144381a079aa334165e8ac31525c29b9f34de83b7cd2c436e49463b29', 'storage/music/01 - Pal (Female Version) - Lyrical Video _ Shreya Ghoshal _ Varun _ Rhea _ Javed-Mohsin.mp3', 'storage/thumbnails/7833033144381a079aa334165e8ac31525c29b9f34de83b7cd2c436e49463b29.jpg', 0, '2026-05-17 13:44:17'),
(346, 2, 2, 5, 'Ae Kash Ke Hum Full Video - Kabhi Haan Kabhi Naa | Shah Rukh Khan, Suchitra | Kumar Sanu', 'ae-kash-ke-hum-full-video-kabhi-haan-kabhi-naa-shah-rukh-khan-suchitra-kumar-sanu', 295, 143123, 48000, 5283990, '2c85e5a0a4ceccc2506a1bd05973c793f3d7658d532cdc223a24c5df432c4834', 'storage/music/01 - Ae Kash Ke Hum Full Video - Kabhi Haan Kabhi Naa _ Shah Rukh Khan, Suchitra _ Kumar Sanu.mp3', 'storage/thumbnails/2c85e5a0a4ceccc2506a1bd05973c793f3d7658d532cdc223a24c5df432c4834.jpg', 0, '2026-05-17 13:47:31'),
(347, 2, 2, 5, 'Kitni Hasrat Hai Humein | Sainik | Akshay Kumar, Ashwini|Kumar Sanu, Sadhana Sargam|90\'s Hindi Songs', 'kitni-hasrat-hai-humein-sainik-akshay-kumar-ashwini-kumar-sanu-sadhana-sargam-90-s-hindi-songs', 281, 135301, 48000, 4762345, '227f7f347845271bae7e0364db4b90684d0c10fa4ee12298cc3c54662ff5869c', 'storage/music/01 - Kitni Hasrat Hai Humein _ Sainik _ Akshay Kumar, Ashwini_Kumar Sanu, Sadhana Sargam_90\'s Hindi Songs.mp3', 'storage/thumbnails/227f7f347845271bae7e0364db4b90684d0c10fa4ee12298cc3c54662ff5869c.jpg', 0, '2026-05-17 13:48:05'),
(348, 2, 2, 5, 'Waada Raha Sanam -4K | Akshay K & Ayesha J | Alka Y & Abhijeet | Khiladi | 90\'s Hindi Romantic Songs', 'waada-raha-sanam-4k-akshay-k-and-ayesha-j-alka-y-and-abhijeet-khiladi-90-s-hindi-romantic-songs', 364, 137819, 48000, 6296014, '11ccfe8679ed72c99931fe0ba924ffdeb02827c273f018f79d00ac2c920d851a', 'storage/music/01 - Waada Raha Sanam -4K _ Akshay K & Ayesha J _ Alka Y & Abhijeet _ Khiladi _ 90\'s Hindi Romantic Songs.mp3', 'storage/thumbnails/11ccfe8679ed72c99931fe0ba924ffdeb02827c273f018f79d00ac2c920d851a.jpg', 0, '2026-05-17 13:50:21'),
(349, 2, 2, 5, 'Saat Samundar Paar Main Tere 4K Song | Sunny Deol, Divya Bharti | Vishwatma (1992) | Popular Song', 'saat-samundar-paar-main-tere-4k-song-sunny-deol-divya-bharti-vishwatma-1992-popular-song', 385, 77622, 48000, 3752701, 'b61419730676cfa672608332d94b5473cb7d17eac5161046b86d13c363bbb3d5', 'storage/music/01 - Saat Samundar Paar Main Tere 4K Song _ Sunny Deol, Divya Bharti _ Vishwatma (1992) _ Popular Song.mp3', 'storage/thumbnails/b61419730676cfa672608332d94b5473cb7d17eac5161046b86d13c363bbb3d5.jpg', 0, '2026-05-17 13:51:05'),
(350, 2, 2, 5, 'Chaand Tare - HD VIDEO | Shah Rukh Khan & Juhi Chawla | Yes Boss | 90\'s Songs', 'chaand-tare-hd-video-shah-rukh-khan-and-juhi-chawla-yes-boss-90-s-songs', 312, 141158, 48000, 5512967, '5289bc31893e884cb28208b0f99095d9f3b38249789222b1fb4b1652b53fb048', 'storage/music/01 - Chaand Tare - HD VIDEO _ Shah Rukh Khan & Juhi Chawla _ Yes Boss _ 90\'s Songs.mp3', 'storage/thumbnails/5289bc31893e884cb28208b0f99095d9f3b38249789222b1fb4b1652b53fb048.jpg', 0, '2026-05-17 13:52:50'),
(351, 2, 2, 5, 'Judai - Lyrical Audio | Emraan Hashmi | Sonal Chauhan | Pritam | Kamran Ahmed | Jannat', 'judai-lyrical-audio-emraan-hashmi-sonal-chauhan-pritam-kamran-ahmed-jannat', 306, 136643, 48000, 5240932, '9e5957bb4729d7d1aa225d4ebaafef581502050b561f6bf8c038f4aa1ab352ad', 'storage/music/01 - Judai - Lyrical Audio _ Emraan Hashmi _ Sonal Chauhan _ Pritam _ Kamran Ahmed _ Jannat.mp3', 'storage/thumbnails/9e5957bb4729d7d1aa225d4ebaafef581502050b561f6bf8c038f4aa1ab352ad.jpg', 0, '2026-05-17 13:53:50'),
(352, 2, 2, 5, 'Tere Hawaale 8K Video Song | Aamir | Kareena | Pritam | Arijit Singh | Shilpa R | Laal Singh Chaddha', 'tere-hawaale-8k-video-song-aamir-kareena-pritam-arijit-singh-shilpa-r-laal-singh-chaddha', 330, 133508, 48000, 5522854, '0d3e3b9c8d7611cbd13981672c3f85b53b63d5b1a0d4f863abd559654858a669', 'storage/music/01 - Tere Hawaale 8K Video Song _ Aamir _ Kareena _ Pritam _ Arijit Singh _ Shilpa R _ Laal Singh Chaddha.mp3', 'storage/thumbnails/0d3e3b9c8d7611cbd13981672c3f85b53b63d5b1a0d4f863abd559654858a669.jpg', 0, '2026-05-17 13:54:46'),
(353, 2, 2, 5, 'Kya Mujhe Pyar Lyrical Video Song | Woh Lamhe | Pritam | K.K. | Shiny Ahuja, Kangna Ranaut', 'kya-mujhe-pyar-lyrical-video-song-woh-lamhe-pritam-k-k-shiny-ahuja-kangna-ranaut', 263, 136713, 48000, 4502497, '578c5eb44f160157e422d34dd9d88f8b6f5915b5ec192d231f6f67b939a37757', 'storage/music/01 - Kya Mujhe Pyar Lyrical Video Song _ Woh Lamhe _ Pritam _ K.K. _ Shiny Ahuja, Kangna Ranaut.mp3', 'storage/thumbnails/578c5eb44f160157e422d34dd9d88f8b6f5915b5ec192d231f6f67b939a37757.jpg', 0, '2026-05-17 13:55:38'),
(354, 2, 2, 5, 'Dilnashin Dilnashin Lyrical Video Song | Aashiq Banaya Aapne | K.K |Himesh|Emraan H,Tanushree,Sonu S', 'dilnashin-dilnashin-lyrical-video-song-aashiq-banaya-aapne-k-k-himesh-emraan-h-tanushree-sonu-s', 389, 145580, 48000, 7083327, 'c06ad60650e973efac6b172c7a6ad839c551a069ba8d1aeda3460fabf7d8b257', 'storage/music/01 - Dilnashin Dilnashin Lyrical Video Song _ Aashiq Banaya Aapne _ K.K _Himesh_Emraan H,Tanushree,Sonu S.mp3', 'storage/thumbnails/c06ad60650e973efac6b172c7a6ad839c551a069ba8d1aeda3460fabf7d8b257.jpg', 0, '2026-05-17 13:56:33'),
(355, 2, 2, 5, 'Bheegi Si Bhaagi Si Full Video - Raajneeti|Ranbir,Katrina|Mohit Chauhan, Antara M|Pritam', 'bheegi-si-bhaagi-si-full-video-raajneeti-ranbir-katrina-mohit-chauhan-antara-m-pritam', 257, 131811, 48000, 4250310, '8a914a7ac42a818c8d40314372de07561415c5a55cde749d462504cb820ea739', 'storage/music/01 - Bheegi Si Bhaagi Si Full Video - Raajneeti_Ranbir,Katrina_Mohit Chauhan, Antara M_Pritam.mp3', 'storage/thumbnails/8a914a7ac42a818c8d40314372de07561415c5a55cde749d462504cb820ea739.jpg', 0, '2026-05-17 13:57:02'),
(356, 2, 2, 5, 'TERA MERA RISHTA PURANA (LYRICS) - MUSTAFA ZAHID | AWARAPAN | EMRAAN HASHMI | PRITAM, SAYEED QUADRI', 'tera-mera-rishta-purana-lyrics-mustafa-zahid-awarapan-emraan-hashmi-pritam-sayeed-quadri', 313, 129577, 48000, 5075458, 'e619ea04b0b2d60f584fbb6e562a40d269f87bd20e0ef35628c507eba6172d0e', 'storage/music/01 - TERA MERA RISHTA PURANA (LYRICS) - MUSTAFA ZAHID _ AWARAPAN _ EMRAAN HASHMI _ PRITAM, SAYEED QUADRI.mp3', 'storage/thumbnails/e619ea04b0b2d60f584fbb6e562a40d269f87bd20e0ef35628c507eba6172d0e.jpg', 0, '2026-05-17 13:57:36'),
(357, 2, 2, 5, 'Mere Bina Full Video - Crook| Emraan Hashmi, Neha Sharma | Nikhil D\'Souza | Pritam | Mukesh Bhatt', 'mere-bina-full-video-crook-emraan-hashmi-neha-sharma-nikhil-d-souza-pritam-mukesh-bhatt', 289, 124110, 48000, 4490831, '63d70293cbe86d7ab1e186cc65884775c9e20ad844cc7554341c7020f571f6f0', 'storage/music/01 - Mere Bina Full Video - Crook_ Emraan Hashmi, Neha Sharma _ Nikhil D\'Souza _ Pritam _ Mukesh Bhatt.mp3', 'storage/thumbnails/63d70293cbe86d7ab1e186cc65884775c9e20ad844cc7554341c7020f571f6f0.jpg', 0, '2026-05-17 13:58:35'),
(358, 2, 2, 5, 'Aap Ki Kashish Full Song Lyrics | Aashiq Banaya Aapne | Emraan Hashmi, Tanushree | Himesh Reshammiya', 'aap-ki-kashish-full-song-lyrics-aashiq-banaya-aapne-emraan-hashmi-tanushree-himesh-reshammiya', 321, 78119, 48000, 3139220, '3637a5a0aaa2290d7193181bb41f6c526be6e547b39dc6ca0ebe74af17385840', 'storage/music/01 - Aap Ki Kashish Full Song Lyrics _ Aashiq Banaya Aapne _ Emraan Hashmi, Tanushree _ Himesh Reshammiya.mp3', 'storage/thumbnails/3637a5a0aaa2290d7193181bb41f6c526be6e547b39dc6ca0ebe74af17385840.jpg', 0, '2026-05-17 13:59:07'),
(359, 2, 2, 5, 'Maahi Full Video - Raaz 2|Kangana Ranaut,Emraan Hashmi|Toshi & Sharib Sabri|Mohit Suri', 'maahi-full-video-raaz-2-kangana-ranaut-emraan-hashmi-toshi-and-sharib-sabri-mohit-suri', 302, 124941, 48000, 4726438, 'b874ef3d1b9e00b89daf2e8f1f2da70bfdbb5adca2019cef0d8a7d1af431c3bf', 'storage/music/01 - Maahi Full Video - Raaz 2_Kangana Ranaut,Emraan Hashmi_Toshi & Sharib Sabri_Mohit Suri.mp3', 'storage/thumbnails/b874ef3d1b9e00b89daf2e8f1f2da70bfdbb5adca2019cef0d8a7d1af431c3bf.jpg', 0, '2026-05-17 13:59:40'),
(360, 2, 2, 5, 'Toh Phir Aao Video Song (4K) | Awarapan Movie Song | Emraan Hashmi | Shriya Saran | Vishesh Films', 'toh-phir-aao-video-song-4k-awarapan-movie-song-emraan-hashmi-shriya-saran-vishesh-films', 338, 77707, 48000, 3294681, '01f24414410ae002d5b983008175231a374d584cf63dd816e4a42b04a9751f4c', 'storage/music/01 - Toh Phir Aao Video Song (4K) _ Awarapan Movie Song _ Emraan Hashmi _ Shriya Saran _ Vishesh Films.mp3', 'storage/thumbnails/01f24414410ae002d5b983008175231a374d584cf63dd816e4a42b04a9751f4c.jpg', 0, '2026-05-17 14:00:17'),
(361, 2, 2, 5, 'Tu Hi Meri Shab Hai - K.K | Gangster | Emraan Hashmi, Kangna Ranaut | Full 4K Video Song', 'tu-hi-meri-shab-hai-k-k-gangster-emraan-hashmi-kangna-ranaut-full-4k-video-song', 401, 126389, 48000, 6355881, '819236975ef1174a786de84ac5c5a1c9d3bbffb35dee47866861b0947c508172', 'storage/music/01 - Tu Hi Meri Shab Hai - K.K _ Gangster _ Emraan Hashmi, Kangna Ranaut _ Full 4K Video Song.mp3', 'storage/thumbnails/819236975ef1174a786de84ac5c5a1c9d3bbffb35dee47866861b0947c508172.jpg', 0, '2026-05-17 14:01:12'),
(362, 2, 2, 5, 'Emraan Hashmi - Woh Lamhe Woh Baatein (Lyric Video) Zeher | Atif Aslam', 'emraan-hashmi-woh-lamhe-woh-baatein-lyric-video-zeher-atif-aslam', 317, 137317, 48000, 5459300, '93be2a834e5e041562ea778ccca788ce4f52a8356b7577600185242c862a1999', 'storage/music/01 - Emraan Hashmi - Woh Lamhe Woh Baatein (Lyric Video) Zeher _ Atif Aslam.mp3', 'storage/thumbnails/93be2a834e5e041562ea778ccca788ce4f52a8356b7577600185242c862a1999.jpg', 0, '2026-05-17 14:01:53'),
(363, 2, 2, 5, 'Hale Dil Tujhko Sunata Murder 2 Full Video Song | Emraan Hashmi', 'hale-dil-tujhko-sunata-murder-2-full-video-song-emraan-hashmi', 363, 77813, 48000, 3536103, 'd7e810f889b8631d7869339f72d90b0e64c5d91772b8fc1e8a86309e3b76c0e8', 'storage/music/01 - Hale Dil Tujhko Sunata Murder 2 Full Video Song _ Emraan Hashmi.mp3', 'storage/thumbnails/d7e810f889b8631d7869339f72d90b0e64c5d91772b8fc1e8a86309e3b76c0e8.jpg', 0, '2026-05-17 14:02:40'),
(364, 2, 2, 5, 'I Am In Love Lyrical Video | Once Upon A Time In Mumbai | Pritam | Emraan Hashmi, Prachi Desai', 'i-am-in-love-lyrical-video-once-upon-a-time-in-mumbai-pritam-emraan-hashmi-prachi-desai', 305, 138558, 48000, 5290796, '94e33a4ce44a26e35bbc4c45f40674081f46e649b432e17fe0ca5bf555932c4e', 'storage/music/01 - I Am In Love Lyrical Video _ Once Upon A Time In Mumbai _ Pritam _ Emraan Hashmi, Prachi Desai.mp3', 'storage/thumbnails/94e33a4ce44a26e35bbc4c45f40674081f46e649b432e17fe0ca5bf555932c4e.jpg', 0, '2026-05-17 14:03:26'),
(365, 2, 2, 5, 'Haan Tu Hain - Full Video | Jannat | Emraan Hashmi, Sonal Chauhan | KK | Pritam | Sayeed Quadri', 'haan-tu-hain-full-video-jannat-emraan-hashmi-sonal-chauhan-kk-pritam-sayeed-quadri', 286, 105487, 48000, 3789161, '2389a31781f786094410db005d3903d03ac10df311491c63fe5a8e91af81226a', 'storage/music/01 - Haan Tu Hain - Full Video _ Jannat _ Emraan Hashmi, Sonal Chauhan _ KK _ Pritam _ Sayeed Quadri.mp3', 'storage/thumbnails/2389a31781f786094410db005d3903d03ac10df311491c63fe5a8e91af81226a.jpg', 0, '2026-05-17 14:04:04'),
(366, 2, 2, 5, 'Teri Yaadon Mein Lyrical Video | The Killer | K K, Shreya Ghosal | Emraan Hashmi, Nisha Kothari', 'teri-yaadon-mein-lyrical-video-the-killer-k-k-shreya-ghosal-emraan-hashmi-nisha-kothari', 283, 139171, 48000, 4926296, 'e233531618794af80b169999ad84e2492f11b5cb261111e6e3327a877713379e', 'storage/music/01 - Teri Yaadon Mein Lyrical Video _ The Killer _ K K, Shreya Ghosal _ Emraan Hashmi, Nisha Kothari.mp3', 'storage/thumbnails/e233531618794af80b169999ad84e2492f11b5cb261111e6e3327a877713379e.jpg', 0, '2026-05-17 14:05:23'),
(367, 2, 2, 5, 'Saiyyan - Kailash Kher| Paresh Kamath| Naresh Kamath | Jhoomo Re', 'saiyyan-kailash-kher-paresh-kamath-naresh-kamath-jhoomo-re', 309, 96987, 48000, 3753446, '29646d5df8b0e8469eeb608ae2164722aa77a4727ace6aa94864217bafce21c2', 'storage/music/01 - Saiyyan - Kailash Kher_ Paresh Kamath_ Naresh Kamath _ Jhoomo Re.mp3', 'storage/thumbnails/29646d5df8b0e8469eeb608ae2164722aa77a4727ace6aa94864217bafce21c2.jpg', 0, '2026-05-17 14:05:51'),
(368, 2, 2, 5, '\"Subhanallah\"  Full Video Song | Yeh Jawaani Hai Deewani | Pritam | Ranbir Kapoor, Deepika Padukone', 'subhanallah-full-video-song-yeh-jawaani-hai-deewani-pritam-ranbir-kapoor-deepika-padukone', 205, 135563, 48000, 3486755, '89f814e3c6bfc6bd203cb8754d5ea26cbddcca6b92039e41f608f0b376d31cb2', 'storage/music/01 - _Subhanallah_  Full Video Song _ Yeh Jawaani Hai Deewani _ Pritam _ Ranbir Kapoor, Deepika Padukone.mp3', 'storage/thumbnails/89f814e3c6bfc6bd203cb8754d5ea26cbddcca6b92039e41f608f0b376d31cb2.jpg', 0, '2026-05-17 14:06:27'),
(369, 2, 2, 5, 'Ek Dilruba Hai | Bewafaa | Akshay Kumar, Kareena Kapoor | Udit Narayan |Mera Dil Jis Dil Pe Fida Hai', 'ek-dilruba-hai-bewafaa-akshay-kumar-kareena-kapoor-udit-narayan-mera-dil-jis-dil-pe-fida-hai', 389, 139645, 48000, 6801321, 'b3112f2f156819e2b399e8e646fb6d4127c966e89df1c0f1fb59a1508c116255', 'storage/music/01 - Ek Dilruba Hai _ Bewafaa _ Akshay Kumar, Kareena Kapoor _ Udit Narayan _Mera Dil Jis Dil Pe Fida Hai.mp3', 'storage/thumbnails/b3112f2f156819e2b399e8e646fb6d4127c966e89df1c0f1fb59a1508c116255.jpg', 0, '2026-05-17 14:07:13'),
(370, 2, 2, 5, 'Andaaz e Karam (Official Video) Madhur Sharma, Moin, ER, Roheb', 'andaaz-e-karam-official-video-madhur-sharma-moin-er-roheb', 438, 137006, 48000, 7511910, '62b46c13ac7b5f7e3e99e85a7577be71466654b16f844f34d01f3cbeadcda952', 'storage/music/01 - Andaaz e Karam (Official Video) Madhur Sharma, Moin, ER, Roheb.mp3', 'storage/thumbnails/62b46c13ac7b5f7e3e99e85a7577be71466654b16f844f34d01f3cbeadcda952.jpg', 0, '2026-05-17 14:08:04'),
(371, 27, 2, 5, 'Beete Lamhein', 'beete-lamhein', 298, 128769, 48000, 4802696, '28feeeda95bf41c96c5af902b04bdef34f12fab20ad5e715398b14b9cccdf75f', 'storage/music/01 - Beete Lamhein.mp3', 'storage/thumbnails/28feeeda95bf41c96c5af902b04bdef34f12fab20ad5e715398b14b9cccdf75f.jpg', 0, '2026-05-17 14:08:40'),
(372, 2, 2, 5, 'KK | Dil Ibaadat Kar Raha Hai (Lyrical Video) | Emraan Hashmi | Soha Ali Khan | Pritam | Tum Mile', 'kk-dil-ibaadat-kar-raha-hai-lyrical-video-emraan-hashmi-soha-ali-khan-pritam-tum-mile', 333, 139775, 48000, 5829279, 'b35a3e6360c253214ee7c4970a4b0bb385906a8dab2b73fcd7743bfe8df1c045', 'storage/music/01 - KK _ Dil Ibaadat Kar Raha Hai (Lyrical Video) _ Emraan Hashmi _ Soha Ali Khan _ Pritam _ Tum Mile.mp3', 'storage/thumbnails/b35a3e6360c253214ee7c4970a4b0bb385906a8dab2b73fcd7743bfe8df1c045.jpg', 0, '2026-05-17 14:09:24'),
(373, 2, 2, 5, 'Chand Sifarish | Full Song | Fanaa | Aamir Khan, Kajol | Shaan, Kailash Kher | Jatin-Lalit | Prasoon', 'chand-sifarish-full-song-fanaa-aamir-khan-kajol-shaan-kailash-kher-jatin-lalit-prasoon', 276, 146666, 48000, 5070305, 'f870271d27966d0000e24160f6fa45e012381be36508d9b14a05822b320695f1', 'storage/music/01 - Chand Sifarish _ Full Song _ Fanaa _ Aamir Khan, Kajol _ Shaan, Kailash Kher _ Jatin-Lalit _ Prasoon.mp3', 'storage/thumbnails/f870271d27966d0000e24160f6fa45e012381be36508d9b14a05822b320695f1.jpg', 0, '2026-05-17 14:10:04'),
(374, 2, 2, 5, 'Full Video:Aao Milo Chalen|Jab We Met|Shahid Kapoor, Kareena Kapoor|Pritam, Shaan, Ustad Sultan Khan', 'full-video-aao-milo-chalen-jab-we-met-shahid-kapoor-kareena-kapoor-pritam-shaan-ustad-sultan-khan', 234, 123472, 48000, 3614332, 'd45c4cb24b44a4a06e13655346d1bde488617608e10728ef8da3d8164a1fbaf4', 'storage/music/01 - Full Video_Aao Milo Chalen_Jab We Met_Shahid Kapoor, Kareena Kapoor_Pritam, Shaan, Ustad Sultan Khan.mp3', 'storage/thumbnails/d45c4cb24b44a4a06e13655346d1bde488617608e10728ef8da3d8164a1fbaf4.jpg', 0, '2026-05-17 14:10:39'),
(375, 2, 2, 5, 'Abhi Kuch Dino Se Lyrical Video | Dil Toh Baccha Hai Ji |  Emraan hashmi, Ajay Devgn', 'abhi-kuch-dino-se-lyrical-video-dil-toh-baccha-hai-ji-emraan-hashmi-ajay-devgn', 304, 143365, 48000, 5456768, '7cdf03ea21ef5cf376480a84d09bdae07520666f9f28b5d54db165026dba81c6', 'storage/music/01 - Abhi Kuch Dino Se Lyrical Video _ Dil Toh Baccha Hai Ji _  Emraan hashmi, Ajay Devgn.mp3', 'storage/thumbnails/7cdf03ea21ef5cf376480a84d09bdae07520666f9f28b5d54db165026dba81c6.jpg', 0, '2026-05-17 14:11:26'),
(376, 2, 2, 5, 'Kiya Kiya | Full Audio | Welcome Movie Song | Akshay Kumar, Katrina Kaif, Nana Patekar, Anil Kapoor', 'kiya-kiya-full-audio-welcome-movie-song-akshay-kumar-katrina-kaif-nana-patekar-anil-kapoor', 297, 140907, 48000, 5257402, '17b1fb6bca2b6a62b12b0b2fb30fa6e4fba960e45b88476bfd6331db6389e0d2', 'storage/music/01 - Kiya Kiya _ Full Audio _ Welcome Movie Song _ Akshay Kumar, Katrina Kaif, Nana Patekar, Anil Kapoor.mp3', 'storage/thumbnails/17b1fb6bca2b6a62b12b0b2fb30fa6e4fba960e45b88476bfd6331db6389e0d2.jpg', 0, '2026-05-17 14:11:58'),
(377, 2, 2, 5, 'Full Video: Raanjhan | Do Patti | Kriti Sanon, Shaheer Sheikh | Parampara Tandon | Sachet-Parampara', 'full-video-raanjhan-do-patti-kriti-sanon-shaheer-sheikh-parampara-tandon-sachet-parampara', 252, 122193, 48000, 3864149, 'cf9e8ade2250e69056a2e107b559dd61fd281525a077b15474e899cc6b382cc9', 'storage/music/01 - Full Video_ Raanjhan _ Do Patti _ Kriti Sanon, Shaheer Sheikh _ Parampara Tandon _ Sachet-Parampara.mp3', 'storage/thumbnails/cf9e8ade2250e69056a2e107b559dd61fd281525a077b15474e899cc6b382cc9.jpg', 0, '2026-05-17 14:12:32'),
(378, 2, 2, 5, 'Lyrical | Tum Ho Toh Song | Saiyaara | Ahaan, Aneet | Vishal Mishra, Hansika Pareek | Raj Shekhar', 'lyrical-tum-ho-toh-song-saiyaara-ahaan-aneet-vishal-mishra-hansika-pareek-raj-shekhar', 316, 126110, 48000, 4994368, 'a579516b00d9d0bd1bceb5c08239829a5c305ae4efa1a12a350f2816c74d831e', 'storage/music/01 - Lyrical _ Tum Ho Toh Song _ Saiyaara _ Ahaan, Aneet _ Vishal Mishra, Hansika Pareek _ Raj Shekhar.mp3', 'storage/thumbnails/a579516b00d9d0bd1bceb5c08239829a5c305ae4efa1a12a350f2816c74d831e.jpg', 0, '2026-05-17 14:13:09'),
(379, 2, 2, 5, '\'\'Tujhe Bhula Diya\" (Full Song) Anjaana Anjaani | Ranbir Kapoor, Priyanka Chopra', 'tujhe-bhula-diya-full-song-anjaana-anjaani-ranbir-kapoor-priyanka-chopra', 258, 80460, 48000, 2601486, '72d14f95801446f88ca6993cf2d5e1afd15b2cb5e60e9b76d7acfc5452c08047', 'storage/music/01 - \'\'Tujhe Bhula Diya_ (Full Song) Anjaana Anjaani _ Ranbir Kapoor, Priyanka Chopra.mp3', 'storage/thumbnails/72d14f95801446f88ca6993cf2d5e1afd15b2cb5e60e9b76d7acfc5452c08047.jpg', 0, '2026-05-17 14:13:38'),
(380, 2, 2, 5, 'Banjaara Full Video Song | Ek Villain | Shraddha Kapoor, Siddharth Malhotra', 'banjaara-full-video-song-ek-villain-shraddha-kapoor-siddharth-malhotra', 333, 141399, 48000, 5900375, '26010c3d5261c4962c1ea935d96c546d4669e4c3cdfb0bd3baf58463b7e9cc0f', 'storage/music/01 - Banjaara Full Video Song _ Ek Villain _ Shraddha Kapoor, Siddharth Malhotra.mp3', 'storage/thumbnails/26010c3d5261c4962c1ea935d96c546d4669e4c3cdfb0bd3baf58463b7e9cc0f.jpg', 0, '2026-05-17 14:14:58'),
(381, 2, 2, 5, 'Tu Hi Hai - Full Video | Half Girlfriend | Arjun Kapoor & Shraddha Kapoor | Rahul Mishra', 'tu-hi-hai-full-video-half-girlfriend-arjun-kapoor-and-shraddha-kapoor-rahul-mishra', 331, 125714, 48000, 5208851, '88abd331d90204cbf99c2f4837300b35b756212d22e2237c012f331895bbc731', 'storage/music/01 - Tu Hi Hai - Full Video _ Half Girlfriend _ Arjun Kapoor & Shraddha Kapoor _ Rahul Mishra.mp3', 'storage/thumbnails/88abd331d90204cbf99c2f4837300b35b756212d22e2237c012f331895bbc731.jpg', 0, '2026-05-17 14:15:58'),
(382, 2, 2, 5, 'Janiye | Music Video | Chor Nikal Ke Bhaga | Vishal Mishra, Rashmeet Kaur| Netflix India', 'janiye-music-video-chor-nikal-ke-bhaga-vishal-mishra-rashmeet-kaur-netflix-india', 213, 130267, 48000, 3477301, 'd118c22690872414158b04b13e677328c62a8c71ee331870849ac0c42e28f405', 'storage/music/01 - Janiye _ Music Video _ Chor Nikal Ke Bhaga _ Vishal Mishra, Rashmeet Kaur_ Netflix India.mp3', 'storage/thumbnails/d118c22690872414158b04b13e677328c62a8c71ee331870849ac0c42e28f405.jpg', 0, '2026-05-17 14:18:05'),
(383, 28, 2, 5, 'GUZARISH', 'guzarish', 327, 139008, 48000, 5693984, '4368093e22017f04422898e7cd2d2203f4aa196dcbaf584e97f4ab00b39cbbe0', 'storage/music/01 - GUZARISH.mp3', 'storage/thumbnails/4368093e22017f04422898e7cd2d2203f4aa196dcbaf584e97f4ab00b39cbbe0.jpg', 0, '2026-05-17 14:19:42'),
(384, 2, 2, 5, 'For A Reason (Official Video) Karan Aujla | Tania  | Ikky | Latest Punjabi Songs 2025', 'for-a-reason-official-video-karan-aujla-tania-ikky-latest-punjabi-songs-2025', 188, 134849, 48000, 3176239, '6a9663ad20667937d6208949871d3b9f94e0a05b331ca90fa925d9511a8d6867', 'storage/music/01 - For A Reason (Official Video) Karan Aujla _ Tania  _ Ikky _ Latest Punjabi Songs 2025.mp3', 'storage/thumbnails/6a9663ad20667937d6208949871d3b9f94e0a05b331ca90fa925d9511a8d6867.jpg', 0, '2026-05-17 14:22:25'),
(385, 2, 2, 5, 'Shaky ( Official #Video ) Sanju Rathod Ft. Isha Malviya | G-Spark | New #Marathi Songs 2025', 'shaky-official-video-sanju-rathod-ft-isha-malviya-g-spark-new-marathi-songs-2025', 214, 127299, 48000, 3422644, '9d51bd179b876867945d52ee1f18dcd4df665365e029494bbf092ed8cf01778a', 'storage/music/01 - Shaky ( Official #Video ) Sanju Rathod Ft. Isha Malviya _ G-Spark _ New #Marathi Songs 2025.mp3', 'storage/thumbnails/9d51bd179b876867945d52ee1f18dcd4df665365e029494bbf092ed8cf01778a.jpg', 0, '2026-05-17 14:23:08'),
(386, 2, 2, 5, 'Akhiyaan Gulaab (Lyrics): Shahid Kapoor, Kriti Sanon | Mitraz | Teri Baaton Mein Aisa Uljha Jiya', 'akhiyaan-gulaab-lyrics-shahid-kapoor-kriti-sanon-mitraz-teri-baaton-mein-aisa-uljha-jiya', 191, 124918, 48000, 2995612, 'b1b147814d058793de134d911755002895f7c3e646102dcc535a5a626d8448b9', 'storage/music/01 - Akhiyaan Gulaab (Lyrics)_ Shahid Kapoor, Kriti Sanon _ Mitraz _ Teri Baaton Mein Aisa Uljha Jiya.mp3', 'storage/thumbnails/b1b147814d058793de134d911755002895f7c3e646102dcc535a5a626d8448b9.jpg', 0, '2026-05-17 14:23:41'),
(387, 2, 2, 5, 'Guru Randhawa - SIRRA ( Official Video )', 'guru-randhawa-sirra-official-video', 153, 135489, 48000, 2606933, '79c90fb6fce51d2cb284eb128ff3edc18e8d421b6b94190e60ee1e3956503afc', 'storage/music/01 - Guru Randhawa - SIRRA ( Official Video ).mp3', 'storage/thumbnails/79c90fb6fce51d2cb284eb128ff3edc18e8d421b6b94190e60ee1e3956503afc.jpg', 0, '2026-05-17 14:24:23'),
(388, 2, 2, 5, 'Lyrical:  Soniye | Heartless | KK | Adhyayan Suman, Ariana Ayam | T-Series', 'lyrical-soniye-heartless-kk-adhyayan-suman-ariana-ayam-t-series', 315, 137044, 48000, 5404144, '94404a7e79630052ebae156fa9ef25474576cf1108f11ca50a8dd5c8895a746e', 'storage/music/01 - Lyrical_  Soniye _ Heartless _ KK _ Adhyayan Suman, Ariana Ayam _ T-Series.mp3', 'storage/thumbnails/94404a7e79630052ebae156fa9ef25474576cf1108f11ca50a8dd5c8895a746e.jpg', 0, '2026-05-17 14:26:33'),
(389, 29, 2, 5, 'Sajde (From \"Lost;Found\")', 'sajde-from-lost-found', 460, 129457, 48000, 7459395, '8ce6ef0bc4f4b6d1b452289bb972b841274f3f126cf941b3c1d2180d92f7b6b6', 'storage/music/01 - Sajde (From _Lost;Found_).mp3', 'storage/thumbnails/8ce6ef0bc4f4b6d1b452289bb972b841274f3f126cf941b3c1d2180d92f7b6b6.jpg', 0, '2026-05-17 14:27:17'),
(390, 2, 2, 5, 'Lal Lal Colour Chi Bangadi (Official Video) Sanju Rathod | Bangles Song |  Marathi Song bangadi', 'lal-lal-colour-chi-bangadi-official-video-sanju-rathod-bangles-song-marathi-song-bangadi', 509, 131941, 48000, 8400728, 'da567432d2d51218e8e5b13d5baf688baf223946f107b52501431d7e88d00dd0', 'storage/music/01 - Lal Lal Colour Chi Bangadi (Official Video) Sanju Rathod _ Bangles Song _  Marathi Song bangadi.mp3', 'storage/thumbnails/da567432d2d51218e8e5b13d5baf688baf223946f107b52501431d7e88d00dd0.jpg', 0, '2026-05-17 14:29:48'),
(391, 2, 2, 5, '#GulabiSadi ( गुलाबी साडी ) | Official #video | Sanju Rathod | G-Spark | Prajakta | #marathi Song', 'gulabisadi-official-video-sanju-rathod-g-spark-prajakta-marathi-song', 225, 141167, 48000, 3983698, 'f087185a72f4951c21ddc718f61bd9a2cdb5664e16cdc16bc5bac0e06ba3f4e2', 'storage/music/01 - #GulabiSadi ( गुलाबी साडी ) _ Official #video _ Sanju Rathod _ G-Spark _ Prajakta _ #marathi Song.mp3', 'storage/thumbnails/f087185a72f4951c21ddc718f61bd9a2cdb5664e16cdc16bc5bac0e06ba3f4e2.jpg', 0, '2026-05-17 14:30:30'),
(392, 2, 2, 5, 'Raja Shivaji Anthem ‘Chhatrapati’ | Hindi | Riteish D | Ajay – Atul | Manoj M |  In Cinemas 1 May', 'raja-shivaji-anthem-chhatrapati-hindi-riteish-d-ajay-atul-manoj-m-in-cinemas-1-may', 212, 129606, 48000, 3450384, '3289fc8c78521954ee588f8502d4f476ea6ca6a9051864a7f189f4c9480a5609', 'storage/music/01 - Raja Shivaji Anthem ‘Chhatrapati’ _ Hindi _ Riteish D _ Ajay – Atul _ Manoj M _  In Cinemas 1 May.mp3', 'storage/thumbnails/3289fc8c78521954ee588f8502d4f476ea6ca6a9051864a7f189f4c9480a5609.jpg', 0, '2026-05-17 14:31:20'),
(393, 2, 2, 5, 'Jai Shivrai | Raja Shivaji | Marathi | Riteish D | Ajay – Atul | In Cinemas 1 May', 'jai-shivrai-raja-shivaji-marathi-riteish-d-ajay-atul-in-cinemas-1-may', 135, 79332, 48000, 1355804, '7b0664ca137a74926fa09ee4a9c4916a47bb43317a29c1e37629ce23828a60a9', 'storage/music/01 - Jai Shivrai _ Raja Shivaji _ Marathi _ Riteish D _ Ajay – Atul _ In Cinemas 1 May.mp3', 'storage/thumbnails/7b0664ca137a74926fa09ee4a9c4916a47bb43317a29c1e37629ce23828a60a9.jpg', 0, '2026-05-17 14:31:42'),
(394, 2, 2, 5, 'Bhau Sambha | Marathi | Riteish D | Ajay – Atul | Raja Shivaji In Cinemas Now', 'bhau-sambha-marathi-riteish-d-ajay-atul-raja-shivaji-in-cinemas-now', 173, 122240, 48000, 2649222, 'c6f83b257b2ed815275d7fc56e852162175c69d6b5aab581e428541d8e30acb9', 'storage/music/01 - Bhau Sambha _ Marathi _ Riteish D _ Ajay – Atul _ Raja Shivaji In Cinemas Now.mp3', 'storage/thumbnails/c6f83b257b2ed815275d7fc56e852162175c69d6b5aab581e428541d8e30acb9.jpg', 0, '2026-05-17 14:32:07'),
(395, 2, 2, 5, 'Raja Aala Official Song - Pawankhind | Marathi Song 2022 | Chinmay Mandlekar | Digpal Lanjekar', 'raja-aala-official-song-pawankhind-marathi-song-2022-chinmay-mandlekar-digpal-lanjekar', 233, 135892, 48000, 3967271, '38d681fa08d3a9614a5fea4d4cae9a1dadc9bb15bec209108f374d8b32f4e640', 'storage/music/01 - Raja Aala Official Song - Pawankhind _ Marathi Song 2022 _ Chinmay Mandlekar _ Digpal Lanjekar.mp3', 'storage/thumbnails/38d681fa08d3a9614a5fea4d4cae9a1dadc9bb15bec209108f374d8b32f4e640.jpg', 0, '2026-05-17 14:32:35'),
(396, 2, 2, 5, 'Crazy Frog - Hands Up Explode (Director\'s Cut) Official Video', 'crazy-frog-hands-up-explode-director-s-cut-official-video', 108, 138431, 48000, 1882713, '7dbac3201940d39cbcd488e2932b8296aff90c0b13c7294e0c48029d68daccec', 'storage/music/01 - Crazy Frog - Hands Up Explode (Director\'s Cut) Official Video.mp3', 'storage/thumbnails/7dbac3201940d39cbcd488e2932b8296aff90c0b13c7294e0c48029d68daccec.jpg', 0, '2026-05-21 02:20:44'),
(397, 2, 2, 5, 'Crazy Frog - Popcorn (Official Video)', 'crazy-frog-popcorn-official-video', 168, 129224, 48000, 2725151, 'f6385ff60a4834d70fd29119738f4ec8b288f4f650e5bdaa83d629445e8914f0', 'storage/music/01 - Crazy Frog - Popcorn (Official Video).mp3', 'storage/thumbnails/f6385ff60a4834d70fd29119738f4ec8b288f4f650e5bdaa83d629445e8914f0.jpg', 0, '2026-05-21 02:21:15'),
(398, 2, 2, 5, 'Naruto Soundtrack - The Raising Fighting Spirit', 'naruto-soundtrack-the-raising-fighting-spirit', 99, 76736, 48000, 950910, '4c7d8f4c21175a1af21cba3c27a63272be68eb281535c21e05d1c4cf7fcd6ea5', 'storage/music/01 - Naruto Soundtrack - The Raising Fighting Spirit.mp3', 'storage/thumbnails/4c7d8f4c21175a1af21cba3c27a63272be68eb281535c21e05d1c4cf7fcd6ea5.jpg', 0, '2026-05-21 02:23:27'),
(399, 2, 2, 5, 'Naruto Music: Loneliness', 'naruto-music-loneliness', 126, 115439, 48000, 1826637, '7c2869a88cbe7990875fc1169b01071c0698ec6fc36c9b65ad8b68e359aae63d', 'storage/music/01 - Naruto Music_ Loneliness.mp3', 'storage/thumbnails/7c2869a88cbe7990875fc1169b01071c0698ec6fc36c9b65ad8b68e359aae63d.jpg', 0, '2026-05-21 02:24:33'),
(400, 2, 2, 5, 'Sarutobi - Naruto OST 3', 'sarutobi-naruto-ost-3', 163, 128303, 48000, 2627207, '3c2bd60bf6a856dae9e340aff8792ea7f0fb5c0f4badc636bd3a1f46a388f9b0', 'storage/music/01 - Sarutobi - Naruto OST 3.mp3', 'storage/thumbnails/3c2bd60bf6a856dae9e340aff8792ea7f0fb5c0f4badc636bd3a1f46a388f9b0.jpg', 0, '2026-05-21 02:25:20'),
(401, 2, 2, 5, 'Track 23 - Naruto Shippuuden OST 2 - Senya (Itachi Theme)', 'track-23-naruto-shippuuden-ost-2-senya-itachi-theme', 129, 120151, 48000, 1947767, '073e93f6a50f5d353908399dd7612d65da422da169179e7ac9d9444c72a9dc10', 'storage/music/01 - Track 23 - Naruto Shippuuden OST 2 - Senya (Itachi Theme).mp3', 'storage/thumbnails/073e93f6a50f5d353908399dd7612d65da422da169179e7ac9d9444c72a9dc10.jpg', 0, '2026-05-21 02:31:03'),
(402, 2, 2, 5, 'Naruto Shippuden Soundtrack: Nightfall', 'naruto-shippuden-soundtrack-nightfall', 96, 112082, 48000, 1351200, '46d3bed9ddf76b9b3bb722a9f47a1fb0aec4198f7ab4a236dd7e7632fc52b2e8', 'storage/music/01 - Naruto Shippuden Soundtrack_ Nightfall.mp3', 'storage/thumbnails/46d3bed9ddf76b9b3bb722a9f47a1fb0aec4198f7ab4a236dd7e7632fc52b2e8.jpg', 0, '2026-05-21 02:32:31'),
(403, 30, 2, 5, 'Naruto Main Theme', 'naruto-main-theme', 266, 130314, 48000, 4349806, '066cb956f77345e546b18efe3de85b482add267cc3a30fd0c087abf01447dfd1', 'storage/music/01 - Naruto Main Theme.mp3', 'storage/thumbnails/066cb956f77345e546b18efe3de85b482add267cc3a30fd0c087abf01447dfd1.jpg', 0, '2026-05-21 02:34:39'),
(404, 2, 2, 5, 'Hiroyuki Sawano  “Attack on Titan” Vogel im käfig live YOUSEEBIGGIRL/T:T', 'hiroyuki-sawano-attack-on-titan-vogel-im-k-fig-live-youseebiggirl-t-t', 192, 131535, 48000, 3163611, '66559f1284cec32d62ab0866fd183313cac9283861b46d6ac087ced118bda4af', 'storage/music/01 - Hiroyuki Sawano  “Attack on Titan” Vogel im käfig live YOUSEEBIGGIRL_T_T.mp3', 'storage/thumbnails/66559f1284cec32d62ab0866fd183313cac9283861b46d6ac087ced118bda4af.jpg', 0, '2026-05-21 02:41:25'),
(405, 2, 2, 5, 'Attack on Titan: Original Soundtrack I - attack ON titan | High Quality | Hiroyuki Sawano', 'attack-on-titan-original-soundtrack-i-attack-on-titan-high-quality-hiroyuki-sawano', 260, 131176, 48000, 4265394, 'b264410c4745505ce113b0882441039a1aab797bf43b89bd6379dfb1e5b96a88', 'storage/music/01 - Attack on Titan_ Original Soundtrack I - attack ON titan _ High Quality _ Hiroyuki Sawano.mp3', 'storage/thumbnails/b264410c4745505ce113b0882441039a1aab797bf43b89bd6379dfb1e5b96a88.jpg', 0, '2026-05-21 02:41:58'),
(406, 31, 2, 5, 'ətˈæk 0N tάɪtn', 't-k-0n-t-tn', 256, 133922, 48000, 4302827, '6b648ead2caf97f292a28c9012ab605354cd641b2d25408a20fd0f33c8170080', 'storage/music/01 - ətˈæk 0N tάɪtn.mp3', 'storage/thumbnails/6b648ead2caf97f292a28c9012ab605354cd641b2d25408a20fd0f33c8170080.jpg', 0, '2026-05-21 02:42:27'),
(407, 2, 2, 5, 'Sia - Cheap Thrills (Performance Edit)', 'sia-cheap-thrills-performance-edit', 217, 127045, 48000, 3461873, '179358fe59a8bc85d4931d473924d5eeabc49246c2f3af6a1234f9f581ec8dd7', 'storage/music/01 - Sia - Cheap Thrills (Performance Edit).mp3', 'storage/thumbnails/179358fe59a8bc85d4931d473924d5eeabc49246c2f3af6a1234f9f581ec8dd7.jpg', 0, '2026-05-21 02:44:48'),
(408, 2, 2, 5, 'Aavan Jaavan Song | WAR 2 | Hrithik Roshan, Kiara Advani | Pritam, Arijit Singh, Nikhita | Amitabh B', 'aavan-jaavan-song-war-2-hrithik-roshan-kiara-advani-pritam-arijit-singh-nikhita-amitabh-b', 239, 136547, 48000, 4098003, 'b8b6c420ed1714d2a446d00b4df441be746cbadc3941a1e671dc428541c885a6', 'storage/music/01 - Aavan Jaavan Song _ WAR 2 _ Hrithik Roshan, Kiara Advani _ Pritam, Arijit Singh, Nikhita _ Amitabh B.mp3', 'storage/thumbnails/b8b6c420ed1714d2a446d00b4df441be746cbadc3941a1e671dc428541c885a6.jpg', 0, '2026-05-21 02:47:52'),
(409, 2, 2, 5, 'Alan Walker Mashup | Naresh Parmar | On My Way | Faded | Best of Alan Walker Songs', 'alan-walker-mashup-naresh-parmar-on-my-way-faded-best-of-alan-walker-songs', 274, 132750, 48000, 4567461, '0adea15e10bf386cd72ba53bf204926c7402a60dd5c4914b4cd3fdde5201df1b', 'storage/music/01 - Alan Walker Mashup _ Naresh Parmar _ On My Way _ Faded _ Best of Alan Walker Songs.mp3', 'storage/thumbnails/0adea15e10bf386cd72ba53bf204926c7402a60dd5c4914b4cd3fdde5201df1b.jpg', 0, '2026-05-21 02:56:29'),
(410, 2, 2, 5, 'Alan Walker Mashup 2.0 | Naresh Parmar | Faded | Alone | Darkside | Top Alan Walker Songs', 'alan-walker-mashup-2-0-naresh-parmar-faded-alone-darkside-top-alan-walker-songs', 304, 129767, 48000, 4940304, 'd8f1035da3fc629fdb091e84bde09947c20a29522b5c2d7387a5ef7dd8ba89c1', 'storage/music/01 - Alan Walker Mashup 2.0 _ Naresh Parmar _ Faded _ Alone _ Darkside _ Top Alan Walker Songs.mp3', 'storage/thumbnails/d8f1035da3fc629fdb091e84bde09947c20a29522b5c2d7387a5ef7dd8ba89c1.jpg', 0, '2026-05-21 02:57:41'),
(411, 2, 2, 5, 'Alan Walker - Unity (Lyrics) ft. Walkers', 'alan-walker-unity-lyrics-ft-walkers', 203, 126870, 48000, 3241474, 'bab2c9c476633923c028facd61844db0f3fc5a08a2cf17de4aac1cffa6fab033', 'storage/music/01 - Alan Walker - Unity (Lyrics) ft. Walkers.mp3', 'storage/thumbnails/bab2c9c476633923c028facd61844db0f3fc5a08a2cf17de4aac1cffa6fab033.jpg', 0, '2026-05-21 02:58:30'),
(412, 2, 2, 5, 'Alan Walker,  K-391, Boy in Space - Paradise (Official Music Video)', 'alan-walker-k-391-boy-in-space-paradise-official-music-video', 203, 131780, 48000, 3353376, '1f6ca96ba4f9172a5867e60a94c9e13a02dd351519f8279729f6e802e59e25e8', 'storage/music/01 - Alan Walker,  K-391, Boy in Space - Paradise (Official Music Video).mp3', 'storage/thumbnails/1f6ca96ba4f9172a5867e60a94c9e13a02dd351519f8279729f6e802e59e25e8.jpg', 0, '2026-05-21 02:59:06'),
(413, 2, 2, 5, 'Sau Dard - Video Song | Jaan-E-Mann | Sonu Nigam | Gulzar | Salman Khan, Priety Zinta', 'sau-dard-video-song-jaan-e-mann-sonu-nigam-gulzar-salman-khan-priety-zinta', 325, 134013, 48000, 5454400, '71f7cc151a1b1445f586e9a0e8fec512a906f1104f6919a8d5e2506463ecf8a9', 'storage/music/01 - Sau Dard - Video Song _ Jaan-E-Mann _ Sonu Nigam _ Gulzar _ Salman Khan, Priety Zinta.mp3', 'storage/thumbnails/71f7cc151a1b1445f586e9a0e8fec512a906f1104f6919a8d5e2506463ecf8a9.jpg', 0, '2026-06-18 15:59:54'),
(414, 2, 2, 5, 'Kaun Hoon Main Kis Ki Mujhe Talaash - Prince | Bollywood Songs | Vivek Oberoi | Atif Aslam | Sachin', 'kaun-hoon-main-kis-ki-mujhe-talaash-prince-bollywood-songs-vivek-oberoi-atif-aslam-sachin', 107, 140701, 48000, 1887641, 'ffec804d4258c88c4f21c5af68bc4e42939e924eac9dfdb74b7f7477e97e6de8', 'storage/music/01 - Kaun Hoon Main Kis Ki Mujhe Talaash - Prince _ Bollywood Songs _ Vivek Oberoi _ Atif Aslam _ Sachin.mp3', 'storage/thumbnails/ffec804d4258c88c4f21c5af68bc4e42939e924eac9dfdb74b7f7477e97e6de8.jpg', 0, '2026-06-18 16:01:03'),
(415, 2, 2, 5, 'Tujhe Aksa Beach Ghuma Doon -Video Song | God Tussi Great Ho|Salman Khan,Priyanka Chopra,Sohail Khan', 'tujhe-aksa-beach-ghuma-doon-video-song-god-tussi-great-ho-salman-khan-priyanka-chopra-sohail-khan', 217, 144770, 48000, 3930521, 'fdc8a58210594a7cb3815bad6e79d26f88ed4f300f772823e5fdb7dc62bc82c0', 'storage/music/01 - Tujhe Aksa Beach Ghuma Doon -Video Song _ God Tussi Great Ho_Salman Khan,Priyanka Chopra,Sohail Khan.mp3', 'storage/thumbnails/fdc8a58210594a7cb3815bad6e79d26f88ed4f300f772823e5fdb7dc62bc82c0.jpg', 0, '2026-06-18 16:01:37'),
(416, 2, 2, 5, 'Kaho Na Kaho (Lyric Video) Emraan Hashmi | Mallika Sherawat | Murder Movie Songs', 'kaho-na-kaho-lyric-video-emraan-hashmi-mallika-sherawat-murder-movie-songs', 265, 129888, 48000, 4318020, 'ee46d1536274139475cb45fe6ff7994dca116791f1f6ec5bcb849d035894164d', 'storage/music/01 - Kaho Na Kaho (Lyric Video) Emraan Hashmi _ Mallika Sherawat _ Murder Movie Songs.mp3', 'storage/thumbnails/ee46d1536274139475cb45fe6ff7994dca116791f1f6ec5bcb849d035894164d.jpg', 0, '2026-06-18 16:02:22'),
(417, 2, 2, 5, 'Mahiya Mahiya (HD) Video Song | Awarapan Movie | Mrinalini Sharma, Emraan Hashmi | Hindi Songs', 'mahiya-mahiya-hd-video-song-awarapan-movie-mrinalini-sharma-emraan-hashmi-hindi-songs', 257, 80704, 48000, 2601299, '34b6971dd4606ff87da9dfaa1f5bfe429e48ddc5f330b3288eea5b3b7f9d4be7', 'storage/music/01 - Mahiya Mahiya (HD) Video Song _ Awarapan Movie _ Mrinalini Sharma, Emraan Hashmi _ Hindi Songs.mp3', 'storage/thumbnails/34b6971dd4606ff87da9dfaa1f5bfe429e48ddc5f330b3288eea5b3b7f9d4be7.jpg', 0, '2026-06-18 16:03:15'),
(418, 2, 2, 5, 'Mere Naseeb Mein (Remix) - Baby H | Prem & Hardeep | Megha Chatterji', 'mere-naseeb-mein-remix-baby-h-prem-and-hardeep-megha-chatterji', 259, 108085, 48000, 3503126, '33eed1cab17edf00eae80c282b4a6eb5430637e01ffb3828953a1bcfc7769d90', 'storage/music/01 - Mere Naseeb Mein (Remix) - Baby H _ Prem & Hardeep _ Megha Chatterji.mp3', 'storage/thumbnails/33eed1cab17edf00eae80c282b4a6eb5430637e01ffb3828953a1bcfc7769d90.jpg', 0, '2026-06-18 16:03:58'),
(419, 2, 2, 5, 'Jab Se Tere Naina Full Video - Saawariya|Ranbir Kapoor,Sonam Kapoor|Shaan|Sameer Anjaan', 'jab-se-tere-naina-full-video-saawariya-ranbir-kapoor-sonam-kapoor-shaan-sameer-anjaan', 139, 132206, 48000, 2301707, 'a0212f867bf4e33781213f50ecf4b92af26301922eb07949ed448d905ca03615', 'storage/music/01 - Jab Se Tere Naina Full Video - Saawariya_Ranbir Kapoor,Sonam Kapoor_Shaan_Sameer Anjaan.mp3', 'storage/thumbnails/a0212f867bf4e33781213f50ecf4b92af26301922eb07949ed448d905ca03615.jpg', 0, '2026-06-18 16:04:54'),
(420, 2, 2, 5, 'Naam Hai Tera Tera Feat. Deepika Padukone Full Video Song Aap Kaa Surroor | Himesh Reshammiya', 'naam-hai-tera-tera-feat-deepika-padukone-full-video-song-aap-kaa-surroor-himesh-reshammiya', 272, 94555, 48000, 3221617, '99183b8e4db9a21e0f8d9914c5dcd0927c312d8b15693d6e58769c7571b205e0', 'storage/music/01 - Naam Hai Tera Tera Feat. Deepika Padukone Full Video Song Aap Kaa Surroor _ Himesh Reshammiya.mp3', 'storage/thumbnails/99183b8e4db9a21e0f8d9914c5dcd0927c312d8b15693d6e58769c7571b205e0.jpg', 0, '2026-06-18 16:05:31'),
(421, 2, 2, 5, 'Dil Na Diya - Lyrical Video Song | Krrish | Kunal Ganjawala | Hrithik Roshan, Priyanka Chopra', 'dil-na-diya-lyrical-video-song-krrish-kunal-ganjawala-hrithik-roshan-priyanka-chopra', 352, 145598, 48000, 6414078, '9122060e0d3e44e3d084914542b686ec03a4132a8d7a45c083bfb42a2a8695c2', 'storage/music/01 - Dil Na Diya - Lyrical Video Song _ Krrish _ Kunal Ganjawala _ Hrithik Roshan, Priyanka Chopra.mp3', 'storage/thumbnails/9122060e0d3e44e3d084914542b686ec03a4132a8d7a45c083bfb42a2a8695c2.jpg', 0, '2026-06-18 16:06:24'),
(422, 2, 2, 5, 'Aakrosh \"Saude Bazi\" Full Song | Ajay Devgn, Bipasha Basu', 'aakrosh-saude-bazi-full-song-ajay-devgn-bipasha-basu', 163, 136763, 48000, 2801603, '702a4d6098be3f68364fbc5d5fc65eaa63badf20a74a810f0e9a497668878274', 'storage/music/01 - Aakrosh _Saude Bazi_ Full Song _ Ajay Devgn, Bipasha Basu.mp3', 'storage/thumbnails/702a4d6098be3f68364fbc5d5fc65eaa63badf20a74a810f0e9a497668878274.jpg', 0, '2026-06-18 16:07:35'),
(423, 2, 2, 5, 'Mukhtasar Mulaqaat Hai Official Song - Teri Meri Kahaani', 'mukhtasar-mulaqaat-hai-official-song-teri-meri-kahaani', 167, 79656, 48000, 1665926, '169a89002b79939417ae9d93ea406b54135ac75fd901dc8b824dd4f90d8b3675', 'storage/music/01 - Mukhtasar Mulaqaat Hai Official Song - Teri Meri Kahaani.mp3', 'storage/thumbnails/169a89002b79939417ae9d93ea406b54135ac75fd901dc8b824dd4f90d8b3675.jpg', 0, '2026-06-18 16:08:31'),
(424, 2, 2, 5, 'Tennu Le [Full Song] - Jai Veeru', 'tennu-le-full-song-jai-veeru', 258, 82655, 48000, 2668986, '869c4161fc669ecb109b151a2957be3ba961b9c72ad35a84919ba9c23208f7cf', 'storage/music/01 - Tennu Le [Full Song] - Jai Veeru.mp3', 'storage/thumbnails/869c4161fc669ecb109b151a2957be3ba961b9c72ad35a84919ba9c23208f7cf.jpg', 0, '2026-06-18 16:09:29'),
(425, 2, 2, 5, 'Dil Keh Raha Hai (Full Song) Film - Kyon Ki ...It\'S Fate', 'dil-keh-raha-hai-full-song-film-kyon-ki-it-s-fate', 228, 141806, 48000, 4055380, '0157d5993d0f88b1953c83b6550a325ef3e644575ee0ffa8b8ff85d7c880e5bc', 'storage/music/01 - Dil Keh Raha Hai (Full Song) Film - Kyon Ki ...It\'S Fate.mp3', 'storage/thumbnails/0157d5993d0f88b1953c83b6550a325ef3e644575ee0ffa8b8ff85d7c880e5bc.jpg', 0, '2026-06-18 16:10:18'),
(426, 2, 2, 5, 'Bin Tere Lyric Video - I Hate Luv Storys|Sonam Kapoor, Imran Khan|Sunidhi Chauhan', 'bin-tere-lyric-video-i-hate-luv-storys-sonam-kapoor-imran-khan-sunidhi-chauhan', 189, 133313, 48000, 3152639, '07deaf003ac506f5596b39b465fb91ecf6d8a2fbca567638f8044412ba78ddfa', 'storage/music/01 - Bin Tere Lyric Video - I Hate Luv Storys_Sonam Kapoor, Imran Khan_Sunidhi Chauhan.mp3', 'storage/thumbnails/07deaf003ac506f5596b39b465fb91ecf6d8a2fbca567638f8044412ba78ddfa.jpg', 0, '2026-06-18 16:10:51'),
(427, 2, 2, 5, 'Aap Ki Khatir - Romantic Bollywood Hit | Priyanka Chopra & Akshaye Khanna | 4K', 'aap-ki-khatir-romantic-bollywood-hit-priyanka-chopra-and-akshaye-khanna-4k', 245, 135333, 48000, 4171242, '0eb08fe931f061a56566df47cf430fb87915a97e31342e2df6113d323c63de8a', 'storage/music/01 - Aap Ki Khatir - Romantic Bollywood Hit _ Priyanka Chopra & Akshaye Khanna _ 4K.mp3', 'storage/thumbnails/0eb08fe931f061a56566df47cf430fb87915a97e31342e2df6113d323c63de8a.jpg', 0, '2026-06-18 16:11:35');
INSERT INTO `songs` (`id`, `album_id`, `language_id`, `era_id`, `title`, `slug`, `duration`, `bitrate`, `sample_rate`, `file_size`, `audio_hash`, `file_path`, `thumbnail_path`, `play_count`, `created_at`) VALUES
(428, 2, 2, 5, 'Dil Leke (Full Song) | Wanted | Salmaan Khan | Ayesha Takia | Shaan, Shreya Ghosal | Sajid-Wajid', 'dil-leke-full-song-wanted-salmaan-khan-ayesha-takia-shaan-shreya-ghosal-sajid-wajid', 218, 138863, 48000, 3786446, '501102ce7f7e09d4cc05404902b095972eb4c6000c91dfb5998863d1908f188f', 'storage/music/01 - Dil Leke (Full Song) _ Wanted _ Salmaan Khan _ Ayesha Takia _ Shaan, Shreya Ghosal _ Sajid-Wajid.mp3', 'storage/thumbnails/501102ce7f7e09d4cc05404902b095972eb4c6000c91dfb5998863d1908f188f.jpg', 0, '2026-06-18 16:12:13'),
(429, 2, 2, 5, 'Raju Singh, Sonu Nigam, Shreya Ghoshal - Soniyo (From \"Raaz - The Mystery Continues\")', 'raju-singh-sonu-nigam-shreya-ghoshal-soniyo-from-raaz-the-mystery-continues', 328, 121805, 48000, 5002167, '5b6726f1b9e562919980b583e2e9fe910458f5872614b37454d5e8246aec8d5c', 'storage/music/01 - Raju Singh, Sonu Nigam, Shreya Ghoshal - Soniyo (From _Raaz - The Mystery Continues_).mp3', 'storage/thumbnails/5b6726f1b9e562919980b583e2e9fe910458f5872614b37454d5e8246aec8d5c.jpg', 0, '2026-06-18 16:12:58'),
(430, 2, 2, 5, 'Tum Mile Best Lyric Video - Emraan Hashmi,Soha Ali Khan|Pritam|Neeraj Shridhar|Kumaar', 'tum-mile-best-lyric-video-emraan-hashmi-soha-ali-khan-pritam-neeraj-shridhar-kumaar', 358, 130071, 48000, 5825019, 'dff340b6be7927757e8a6e94683d80b773b935a446ca6c5846888634111bd5ce', 'storage/music/01 - Tum Mile Best Lyric Video - Emraan Hashmi,Soha Ali Khan_Pritam_Neeraj Shridhar_Kumaar.mp3', 'storage/thumbnails/dff340b6be7927757e8a6e94683d80b773b935a446ca6c5846888634111bd5ce.jpg', 0, '2026-06-18 16:13:38'),
(431, 2, 2, 5, '\"Sadi Gali Full Song\" Nautanki Saala ★ Ayushmann Khurrana, Pooja Salvi', 'sadi-gali-full-song-nautanki-saala-ayushmann-khurrana-pooja-salvi', 232, 142313, 48000, 4140114, '2a949cde9b139acd2c8fdbeb57dbd7d396f7d383578179a085ebadb7e5b04538', 'storage/music/01 - _Sadi Gali Full Song_ Nautanki Saala ★ Ayushmann Khurrana, Pooja Salvi.mp3', 'storage/thumbnails/2a949cde9b139acd2c8fdbeb57dbd7d396f7d383578179a085ebadb7e5b04538.jpg', 0, '2026-06-18 16:14:21'),
(432, 2, 2, 5, 'Pani Da Rang - Full Video Song | Vicky Donor | Ayushmann Khurrana & Yami Gautam | Rochak Kohli', 'pani-da-rang-full-video-song-vicky-donor-ayushmann-khurrana-and-yami-gautam-rochak-kohli', 141, 82155, 48000, 1452304, '5e16ed969823aa67c6cca69948e7c88c0d246982996c1a623c26a9b4460c107b', 'storage/music/01 - Pani Da Rang - Full Video Song _ Vicky Donor _ Ayushmann Khurrana & Yami Gautam _ Rochak Kohli.mp3', 'storage/thumbnails/5e16ed969823aa67c6cca69948e7c88c0d246982996c1a623c26a9b4460c107b.jpg', 0, '2026-06-18 16:15:04'),
(433, 2, 2, 5, 'ANIMAL:Pehle Bhi Main(Full Video) | Ranbir Kapoor,Tripti Dimri |Sandeep V |Vishal M,Raj S |Bhushan K', 'animal-pehle-bhi-main-full-video-ranbir-kapoor-tripti-dimri-sandeep-v-vishal-m-raj-s-bhushan-k', 248, 122881, 48000, 3822120, '29c759b59827e61c264c0dd4d3266c50aaf789cb12fb58de98e83a2d546bf823', 'storage/music/01 - ANIMAL_Pehle Bhi Main(Full Video) _ Ranbir Kapoor,Tripti Dimri _Sandeep V _Vishal M,Raj S _Bhushan K.mp3', 'storage/thumbnails/29c759b59827e61c264c0dd4d3266c50aaf789cb12fb58de98e83a2d546bf823.jpg', 0, '2026-06-18 16:15:47'),
(434, 2, 2, 5, '\'Tu Hai Ki Nahi\' FULL VIDEO Song | Roy | Ankit Tiwari | Ranbir Kapoor, Jacqueline Fernandez, Tseries', 'tu-hai-ki-nahi-full-video-song-roy-ankit-tiwari-ranbir-kapoor-jacqueline-fernandez-tseries', 258, 123531, 48000, 3994192, '578c0314de7fe318d3ed425d15b3d37fb9a2e1a20b86113470bf58ec98eded55', 'storage/music/01 - \'Tu Hai Ki Nahi\' FULL VIDEO Song _ Roy _ Ankit Tiwari _ Ranbir Kapoor, Jacqueline Fernandez, Tseries.mp3', 'storage/thumbnails/578c0314de7fe318d3ed425d15b3d37fb9a2e1a20b86113470bf58ec98eded55.jpg', 0, '2026-06-18 16:16:14'),
(435, 2, 2, 5, '\"Har Kisi Ko Nahi Milta Yahan Pyaar Zindagi Mein\" Boss Video Song | Akshay Kumar, Sonakshi Sinha', 'har-kisi-ko-nahi-milta-yahan-pyaar-zindagi-mein-boss-video-song-akshay-kumar-sonakshi-sinha', 174, 130342, 48000, 2850038, 'd694101e8bcb1140da4311f9df203139bce6dcafacb84fbd02147a1e184d9786', 'storage/music/01 - _Har Kisi Ko Nahi Milta Yahan Pyaar Zindagi Mein_ Boss Video Song _ Akshay Kumar, Sonakshi Sinha.mp3', 'storage/thumbnails/d694101e8bcb1140da4311f9df203139bce6dcafacb84fbd02147a1e184d9786.jpg', 0, '2026-06-18 16:16:45'),
(436, 2, 2, 5, 'Khwab Dekhe (Sexy Lady) – 8K Remastered | Race | Bollywood Superhit Song 🎧🔥', 'khwab-dekhe-sexy-lady-8k-remastered-race-bollywood-superhit-song', 167, 131182, 48000, 2749198, 'fa2cd221c8de1a798498eab4b969110aff6cb56920be549c0bd98f8da7b20dc6', 'storage/music/01 - Khwab Dekhe (Sexy Lady) – 8K Remastered _ Race _ Bollywood Superhit Song 🎧🔥.mp3', 'storage/thumbnails/fa2cd221c8de1a798498eab4b969110aff6cb56920be549c0bd98f8da7b20dc6.jpg', 0, '2026-06-18 16:17:04'),
(437, 2, 2, 5, 'Dus Bahane Karke Le Gaye Dil | Dus | Zayed K, Abhishek B | K K, Shaan | Vishal Dadlani, Shekhar', 'dus-bahane-karke-le-gaye-dil-dus-zayed-k-abhishek-b-k-k-shaan-vishal-dadlani-shekhar', 207, 133461, 48000, 3460997, 'ab1d5e125bd593a6da78cb970ab83f7831ed6ed69b4e857f76f44326aff19f36', 'storage/music/01 - Dus Bahane Karke Le Gaye Dil _ Dus _ Zayed K, Abhishek B _ K K, Shaan _ Vishal Dadlani, Shekhar.mp3', 'storage/thumbnails/ab1d5e125bd593a6da78cb970ab83f7831ed6ed69b4e857f76f44326aff19f36.jpg', 0, '2026-06-18 16:17:27'),
(438, 2, 2, 5, 'Gale Lag Ja - 4K Video | De Dana Dan | Akshay Kumar, Katrina Kaif | Ishtar Music', 'gale-lag-ja-4k-video-de-dana-dan-akshay-kumar-katrina-kaif-ishtar-music', 223, 84894, 48000, 2383330, 'ee2e01d69b34875724e34267d272275ff293ba7b4738c0fe8846e6212916c4c2', 'storage/music/01 - Gale Lag Ja - 4K Video _ De Dana Dan _ Akshay Kumar, Katrina Kaif _ Ishtar Music.mp3', 'storage/thumbnails/ee2e01d69b34875724e34267d272275ff293ba7b4738c0fe8846e6212916c4c2.jpg', 0, '2026-06-18 16:18:04'),
(441, 2, 2, 5, 'FA9LA (Official Film Version) | Rehman Dakait | Ranveer Singh', 'fa9la-official-film-version-rehman-dakait-ranveer-singh', 158, 127194, 48000, 2516170, '1239c6e33880aced1b731e8a08701855ac23c9f9946e35dc9616154f574adf39', 'storage/music/03 - FA9LA (Official Film Version) _ Rehman Dakait _ Ranveer Singh.mp3', 'storage/thumbnails/1239c6e33880aced1b731e8a08701855ac23c9f9946e35dc9616154f574adf39.jpg', 0, '2026-06-19 12:41:14'),
(445, 2, 2, 5, 'Shararat (Official Video) | Dhurandhar | Ranveer, Shashwat, Jasmine | Viral Romantic Song 2025', 'shararat-official-video-dhurandhar-ranveer-shashwat-jasmine-viral-romantic-song-2025', 241, 125389, 48000, 3780790, '4002b9d0c649932a8e5c1fb27a5412ad1c4cd5bad12d52ca55c3263bf0471a2d', 'storage/music/07 - Shararat (Official Video) _ Dhurandhar _ Ranveer, Shashwat, Jasmine _ Viral Romantic Song 2025.mp3', 'storage/thumbnails/4002b9d0c649932a8e5c1fb27a5412ad1c4cd5bad12d52ca55c3263bf0471a2d.jpg', 0, '2026-06-19 12:41:16'),
(461, 2, 2, 5, 'Taras | Munjya | Sharvari & Abhay Verma | Sachin-Jigar | Jasmine Sandlas | Amitabh B | Lyrical', 'taras-munjya-sharvari-and-abhay-verma-sachin-jigar-jasmine-sandlas-amitabh-b-lyrical', 196, 137753, 48000, 3382403, '32b559b211528f901280859cde2375bc2c0fe23f936818d8e4c9d20d0e998e2b', 'storage/music/23 - Taras _ Munjya _ Sharvari & Abhay Verma _ Sachin-Jigar _ Jasmine Sandlas _ Amitabh B _ Lyrical.mp3', 'storage/thumbnails/32b559b211528f901280859cde2375bc2c0fe23f936818d8e4c9d20d0e998e2b.jpg', 0, '2026-06-19 12:41:19'),
(463, 32, 2, 5, 'Ashes on The Fire (進撃の巨人 The Final Season Original Soundtrack)', 'ashes-on-the-fire-the-final-season-original-soundtrack', 274, 131118, 48000, 4495319, 'c338144a4dd6c1f5afa4a4fc5579c4773b7318d718e06f4e0b034a9c127caf1f', 'storage/music/01 - Ashes on The Fire (進撃の巨人 The Final Season Original Soundtrack).mp3', 'storage/thumbnails/c338144a4dd6c1f5afa4a4fc5579c4773b7318d718e06f4e0b034a9c127caf1f.jpg', 0, '2026-06-19 12:51:45'),
(464, 2, 2, 5, 'Erwin Smith\'s Final Speech - My Soldiers', 'erwin-smith-s-final-speech-my-soldiers', 110, 112655, 48000, 1557906, '2518cb9a0c052ebdccdf415dc90fac0cc6b2a771570e653e9b770679270f7c3f', 'storage/music/01 - Erwin Smith\'s Final Speech - My Soldiers.mp3', 'storage/thumbnails/2518cb9a0c052ebdccdf415dc90fac0cc6b2a771570e653e9b770679270f7c3f.jpg', 0, '2026-06-19 12:52:11'),
(465, 2, 2, 5, 'Aankhein Khuli Song | Mohabbatein | Shah Rukh Khan, Aishwarya Rai | Lata Mangeshkar, Udit Narayan', 'aankhein-khuli-song-mohabbatein-shah-rukh-khan-aishwarya-rai-lata-mangeshkar-udit-narayan', 535, 133551, 48000, 8946893, 'a4583a81cef7cb61806d35dbe0714212d7dd2d94bf75a45a331d540741e2b163', 'storage/music/01 - Aankhein Khuli Song _ Mohabbatein _ Shah Rukh Khan, Aishwarya Rai _ Lata Mangeshkar, Udit Narayan.mp3', 'storage/thumbnails/a4583a81cef7cb61806d35dbe0714212d7dd2d94bf75a45a331d540741e2b163.jpg', 0, '2026-06-19 12:58:25'),
(466, 2, 2, 5, 'Bole Chudiyan Full Video - K3G | Amitabh, Shah Rukh, Kajol, Kareena, Hrithik | Udit Narayan', 'bole-chudiyan-full-video-k3g-amitabh-shah-rukh-kajol-kareena-hrithik-udit-narayan', 403, 139705, 48000, 7062143, 'd83e647447d18bfc36bf6ad0764a77a0811f5a774243b0f7bff6f4871439567b', 'storage/music/01 - Bole Chudiyan Full Video - K3G _ Amitabh, Shah Rukh, Kajol, Kareena, Hrithik _ Udit Narayan.mp3', 'storage/thumbnails/d83e647447d18bfc36bf6ad0764a77a0811f5a774243b0f7bff6f4871439567b.jpg', 0, '2026-06-19 12:59:23'),
(467, 33, 2, 5, 'Tune Jo Na Kaha', 'tune-jo-na-kaha', 309, 124002, 48000, 4801894, '4902280b45f173f07d8968a6d9abadc6358adcbeeff066e18ebde0c02ae181de', 'storage/music/01 - Tune Jo Na Kaha.mp3', 'storage/thumbnails/4902280b45f173f07d8968a6d9abadc6358adcbeeff066e18ebde0c02ae181de.jpg', 0, '2026-06-19 13:00:08'),
(468, 2, 2, 5, 'Aap Ke Pyaar Mein Hum Savarne Lage | Raaz | Dino Morea, Malini Sharma, Alka Yagnik | Romantic Song', 'aap-ke-pyaar-mein-hum-savarne-lage-raaz-dino-morea-malini-sharma-alka-yagnik-romantic-song', 356, 142438, 48000, 6349203, '8c25b8001ab597eb15b6253c2ba6d263a7d370a71290696279cc59371703b6bd', 'storage/music/01 - Aap Ke Pyaar Mein Hum Savarne Lage _ Raaz _ Dino Morea, Malini Sharma, Alka Yagnik _ Romantic Song.mp3', 'storage/thumbnails/8c25b8001ab597eb15b6253c2ba6d263a7d370a71290696279cc59371703b6bd.jpg', 0, '2026-06-19 13:01:37'),
(469, 2, 2, 5, 'Kal Ho Naa Ho (Title Track) - Full Video ｜ Shah Rukh Khan, Saif Ali Khan, Preity Zinta ｜ Sonu Nigam', 'kal-ho-naa-ho-title-track-full-video-shah-rukh-khan-saif-ali-khan-preity-zinta-sonu-nigam', 287, 127403, 48000, 4582149, '2b4eeefee9da62585f89f407d186cf9b969ec48b65c4b95a26df8b69b109c750', 'storage/music/02 - Kal Ho Naa Ho (Title Track) - Full Video ｜ Shah Rukh Khan, Saif Ali Khan, Preity Zinta ｜ Sonu Nigam.mp3', 'storage/thumbnails/2b4eeefee9da62585f89f407d186cf9b969ec48b65c4b95a26df8b69b109c750.jpg', 0, '2026-06-19 13:01:37'),
(470, 2, 2, 5, 'Kal Ho Naa Ho (Title Track) - Full Video | Shah Rukh Khan, Saif Ali Khan, Preity Zinta | Sonu Nigam', 'kal-ho-naa-ho-title-track-full-video-shah-rukh-khan-saif-ali-khan-preity-zinta-sonu-nigam', 287, 127403, 48000, 4586003, '93b43822f195585f143ce1a9c545064f7b57d2a6bb8ecd01fd23beca49fe0f8e', 'storage/music/03 - Kal Ho Naa Ho (Title Track) - Full Video _ Shah Rukh Khan, Saif Ali Khan, Preity Zinta _ Sonu Nigam.mp3', NULL, 0, '2026-06-19 13:01:38'),
(471, 2, 2, 5, 'Tera Hone Laga Hoon Lyrical - Ajab Prem Ki Ghazab Kahani | Atif Aslam | Ranbir, Katrina K | Pritam', 'tera-hone-laga-hoon-lyrical-ajab-prem-ki-ghazab-kahani-atif-aslam-ranbir-katrina-k-pritam', 298, 139027, 48000, 5202101, '683a684b9a78cdccbe3281cd734b2380243960496186207ee540632d118c7750', 'storage/music/01 - Tera Hone Laga Hoon Lyrical - Ajab Prem Ki Ghazab Kahani _ Atif Aslam _ Ranbir, Katrina K _ Pritam.mp3', 'storage/thumbnails/683a684b9a78cdccbe3281cd734b2380243960496186207ee540632d118c7750.jpg', 0, '2026-06-19 13:02:19'),
(472, 2, 2, 5, 'Main Yahaan Hoon | Full Song | Veer-Zaara | Shah Rukh Khan, Preity Zinta | Madan Mohan, Udit Narayan', 'main-yahaan-hoon-full-song-veer-zaara-shah-rukh-khan-preity-zinta-madan-mohan-udit-narayan', 296, 140308, 48000, 5205157, '0c3917dc1d05fe7f606f324a3544e1ba048ceb6ae03c0e8f932d59e0c2a5a927', 'storage/music/01 - Main Yahaan Hoon _ Full Song _ Veer-Zaara _ Shah Rukh Khan, Preity Zinta _ Madan Mohan, Udit Narayan.mp3', 'storage/thumbnails/0c3917dc1d05fe7f606f324a3544e1ba048ceb6ae03c0e8f932d59e0c2a5a927.jpg', 0, '2026-06-19 13:03:13'),
(473, 2, 2, 5, 'Mitwa - Full Video | Shahrukh Khan | Rani Mukherjee | Shafqat Amanat Ali | Shankar Mahadevan | KANK', 'mitwa-full-video-shahrukh-khan-rani-mukherjee-shafqat-amanat-ali-shankar-mahadevan-kank', 360, 133291, 48000, 6016557, 'afacb4e088cfb1b4670ebe630f57a684ac059898507ab4bf844aa224db7472c3', 'storage/music/01 - Mitwa - Full Video _ Shahrukh Khan _ Rani Mukherjee _ Shafqat Amanat Ali _ Shankar Mahadevan _ KANK.mp3', 'storage/thumbnails/afacb4e088cfb1b4670ebe630f57a684ac059898507ab4bf844aa224db7472c3.jpg', 0, '2026-06-19 13:04:04'),
(474, 2, 2, 5, 'LYRICAL: \"Khudaya Khair\" | Billu | Irfan Khan, Lara Dutta | Soham Chakrabarthy, Akruti Kakkar,Monali', 'lyrical-khudaya-khair-billu-irfan-khan-lara-dutta-soham-chakrabarthy-akruti-kakkar-monali', 299, 139648, 48000, 5233292, '908065ac09c5f7078f0708c81ec7f595667bebadad13e0c305045edf90c375e5', 'storage/music/01 - LYRICAL_ _Khudaya Khair_ _ Billu _ Irfan Khan, Lara Dutta _ Soham Chakrabarthy, Akruti Kakkar,Monali.mp3', 'storage/thumbnails/908065ac09c5f7078f0708c81ec7f595667bebadad13e0c305045edf90c375e5.jpg', 0, '2026-06-19 13:04:46'),
(475, 34, 2, 5, 'KABHI KABHI ADITI', 'kabhi-kabhi-aditi', 218, 138372, 48000, 3772601, '1c6918c38cf21b6ebbe0422a6ff7af8f1e66162b1c2ce0089d5bc24e61434959', 'storage/music/01 - KABHI KABHI ADITI.mp3', 'storage/thumbnails/1c6918c38cf21b6ebbe0422a6ff7af8f1e66162b1c2ce0089d5bc24e61434959.jpg', 0, '2026-06-19 13:05:49'),
(476, 2, 2, 5, 'Tumhi Dekho Naa Full Video - KANK|Shahrukh Khan, Rani Mukherjee|Sonu Nigam, Alka Yagnik', 'tumhi-dekho-naa-full-video-kank-shahrukh-khan-rani-mukherjee-sonu-nigam-alka-yagnik', 295, 133860, 48000, 4956237, '8e5d91d3256b3b78b29dcf33f87f77e089b6c37b20ea9311346337a6ad3ca2d7', 'storage/music/01 - Tumhi Dekho Naa Full Video - KANK_Shahrukh Khan, Rani Mukherjee_Sonu Nigam, Alka Yagnik.mp3', 'storage/thumbnails/8e5d91d3256b3b78b29dcf33f87f77e089b6c37b20ea9311346337a6ad3ca2d7.jpg', 0, '2026-06-19 13:06:38'),
(477, 35, 2, 5, 'Ladki Badi Anjani Hai', 'ladki-badi-anjani-hai', 381, 147397, 48000, 7035598, '2a5283062e43236263f1e54908e0d30ede25fdbc2764d2270ce54c48eae78831', 'storage/music/01 - Ladki Badi Anjani Hai.mp3', 'storage/thumbnails/2a5283062e43236263f1e54908e0d30ede25fdbc2764d2270ce54c48eae78831.jpg', 0, '2026-06-19 13:07:32'),
(478, 36, 2, 5, 'My Dil Goes Mmmm (From \"Salaam Namaste\")', 'my-dil-goes-mmmm-from-salaam-namaste', 452, 139567, 48000, 7895100, 'edc7f7b53d71eae66d6c716b2d7a01e275b17aa4aecafa52235fd6ea76f043be', 'storage/music/01 - My Dil Goes Mmmm (From _Salaam Namaste_).mp3', 'storage/thumbnails/edc7f7b53d71eae66d6c716b2d7a01e275b17aa4aecafa52235fd6ea76f043be.jpg', 0, '2026-06-19 13:08:43'),
(479, 2, 2, 5, 'Main Hoon Na Title Track Lyrical Video | Sonu Nigam, Shreya Ghosal | Shahrukh Khan, Sushmita Sen', 'main-hoon-na-title-track-lyrical-video-sonu-nigam-shreya-ghosal-shahrukh-khan-sushmita-sen', 357, 142901, 48000, 6379383, '3990503e0fb015914fb65212c4401ebfa2e6ca54d5aebdc3bf9e22dafb819b4c', 'storage/music/01 - Main Hoon Na Title Track Lyrical Video _ Sonu Nigam, Shreya Ghosal _ Shahrukh Khan, Sushmita Sen.mp3', 'storage/thumbnails/3990503e0fb015914fb65212c4401ebfa2e6ca54d5aebdc3bf9e22dafb819b4c.jpg', 0, '2026-06-19 13:10:00'),
(480, 2, 2, 5, 'Lyrical: Mausam Hai Bada Qatil | Chup Chup Ke | Sonu Nigam | Himesh Reshammiya | Shahid, Kareena', 'lyrical-mausam-hai-bada-qatil-chup-chup-ke-sonu-nigam-himesh-reshammiya-shahid-kareena', 277, 134383, 48000, 4665979, '2ad7d0a1f10009508e7117b7136cfbe702c665b301cd5318b142aed7c45cbc2f', 'storage/music/01 - Lyrical_ Mausam Hai Bada Qatil _ Chup Chup Ke _ Sonu Nigam _ Himesh Reshammiya _ Shahid, Kareena.mp3', 'storage/thumbnails/2ad7d0a1f10009508e7117b7136cfbe702c665b301cd5318b142aed7c45cbc2f.jpg', 0, '2026-06-19 13:11:17'),
(481, 2, 2, 5, 'Chand (Full Audio) | Tere Naam | Salman Khan | Bhumika Chawla | Udit Narayan,Himesh Reshammiya', 'chand-full-audio-tere-naam-salman-khan-bhumika-chawla-udit-narayan-himesh-reshammiya', 335, 139011, 48000, 5833880, '76542646ed2cd402d475fa69caaa202288f338a53471a2ef8d14113bd2a4638b', 'storage/music/01 - Chand (Full Audio) _ Tere Naam _ Salman Khan _ Bhumika Chawla _ Udit Narayan,Himesh Reshammiya.mp3', 'storage/thumbnails/76542646ed2cd402d475fa69caaa202288f338a53471a2ef8d14113bd2a4638b.jpg', 0, '2026-06-19 13:12:09'),
(482, 2, 2, 5, 'Kabhi Yaadon Mein Aaun Full (Audio) Song Tere Bina Album Abhijeet Bhattacharya Hits', 'kabhi-yaadon-mein-aaun-full-audio-song-tere-bina-album-abhijeet-bhattacharya-hits', 367, 130672, 48000, 6004655, 'cc025b755136b4dcde3b8dd4a130929ba329832d453f28cfb00d6ba04b75f5b1', 'storage/music/01 - Kabhi Yaadon Mein Aaun Full (Audio) Song Tere Bina Album Abhijeet Bhattacharya Hits.mp3', 'storage/thumbnails/cc025b755136b4dcde3b8dd4a130929ba329832d453f28cfb00d6ba04b75f5b1.jpg', 0, '2026-06-19 13:13:05'),
(483, 2, 2, 5, 'Chalne Lagi Hai Hawayein Video Song \"Tere Bina\" Abhijeet Super Hit Hindi Video Song', 'chalne-lagi-hai-hawayein-video-song-tere-bina-abhijeet-super-hit-hindi-video-song', 254, 119405, 48000, 3805921, '35b1f394e56da7bb1d6a4a1e4324a36d99d33bf208f3cad655927cedf3c79f20', 'storage/music/01 - Chalne Lagi Hai Hawayein Video Song _Tere Bina_ Abhijeet Super Hit Hindi Video Song.mp3', 'storage/thumbnails/35b1f394e56da7bb1d6a4a1e4324a36d99d33bf208f3cad655927cedf3c79f20.jpg', 0, '2026-06-19 13:14:04'),
(484, 2, 2, 5, 'Meri Tarah Tum Bhi | Alka Yagnik | Babul Supriyo | Kya Yehi Pyaar Hai (2002)', 'meri-tarah-tum-bhi-alka-yagnik-babul-supriyo-kya-yehi-pyaar-hai-2002', 294, 137155, 48000, 5048921, '78b69fb54c31a73874e4fb4b44054ce4729e10e706e97c7fec8936432b1f3ea9', 'storage/music/01 - Meri Tarah Tum Bhi _ Alka Yagnik _ Babul Supriyo _ Kya Yehi Pyaar Hai (2002).mp3', 'storage/thumbnails/78b69fb54c31a73874e4fb4b44054ce4729e10e706e97c7fec8936432b1f3ea9.jpg', 0, '2026-06-19 13:15:12'),
(485, 2, 2, 5, 'Jhanjharia Uski Chhanak Gayi | Suniel Shetty, Karisma Kapoor | Krishna', 'jhanjharia-uski-chhanak-gayi-suniel-shetty-karisma-kapoor-krishna', 262, 144362, 48000, 4745194, '8865b4c93add7c2d48c4ea3f6620e346c6d899b0ca6954cf8e0b4190420b864f', 'storage/music/01 - Jhanjharia Uski Chhanak Gayi _ Suniel Shetty, Karisma Kapoor _ Krishna.mp3', 'storage/thumbnails/8865b4c93add7c2d48c4ea3f6620e346c6d899b0ca6954cf8e0b4190420b864f.jpg', 0, '2026-06-19 13:16:05'),
(486, 2, 2, 5, 'Ghar Se Nikalte Hi [Full Song] Papa Kehte Hain | Jugal Hansraj, Mayuri Kango', 'ghar-se-nikalte-hi-full-song-papa-kehte-hain-jugal-hansraj-mayuri-kango', 423, 140921, 48000, 7466120, '6d079569224d0cec710ce88cb7805d1ca001b994e8e6cfe210fbefa7ee45914c', 'storage/music/01 - Ghar Se Nikalte Hi [Full Song] Papa Kehte Hain _ Jugal Hansraj, Mayuri Kango.mp3', 'storage/thumbnails/6d079569224d0cec710ce88cb7805d1ca001b994e8e6cfe210fbefa7ee45914c.jpg', 0, '2026-06-19 13:17:23'),
(487, 2, 2, 5, 'Yeh Vaada Raha (Lyrical Video) | R. D. Burman | Kishore Kumar | Asha Bhosle | Rishi Kapoor', 'yeh-vaada-raha-lyrical-video-r-d-burman-kishore-kumar-asha-bhosle-rishi-kapoor', 360, 112000, 48000, 5054641, '14269deaae0eff7a2a65af1717a5a7ad193c12b9279518f9c12d7ad0e9a2a562', 'storage/music/01 - Yeh Vaada Raha (Lyrical Video) _ R. D. Burman _ Kishore Kumar _ Asha Bhosle _ Rishi Kapoor.mp3', 'storage/thumbnails/14269deaae0eff7a2a65af1717a5a7ad193c12b9279518f9c12d7ad0e9a2a562.jpg', 0, '2026-06-19 13:18:19'),
(488, 2, 2, 5, 'Luis Fonsi - Despacito ft. Daddy Yankee', 'luis-fonsi-despacito-ft-daddy-yankee', 281, 132860, 48000, 4678307, '0ce3e0a81765148f8792cc808e79299707be4f58f8c921394327c9261e0ac227', 'storage/music/01 - Luis Fonsi - Despacito ft. Daddy Yankee.mp3', 'storage/thumbnails/0ce3e0a81765148f8792cc808e79299707be4f58f8c921394327c9261e0ac227.jpg', 0, '2026-06-19 13:19:14'),
(489, 2, 2, 5, 'Don Omar - Danza Kuduro ft. Lucenzo', 'don-omar-danza-kuduro-ft-lucenzo', 235, 134962, 48000, 3966499, '0451a156180affdcbed42feac34b7241ce249a2fe08453031fe5b874aa623ec1', 'storage/music/01 - Don Omar - Danza Kuduro ft. Lucenzo.mp3', 'storage/thumbnails/0451a156180affdcbed42feac34b7241ce249a2fe08453031fe5b874aa623ec1.jpg', 0, '2026-06-19 13:20:26'),
(490, 2, 2, 5, 'Shakira - Hips Don\'t Lie (featuring Wyclef Jean) (Official 4K Video) ft. Wyclef Jean', 'shakira-hips-don-t-lie-featuring-wyclef-jean-official-4k-video-ft-wyclef-jean', 218, 119916, 48000, 3276263, '3211ddf71315199e4bce48f451fb4df13a304bc6c784b07655ae57737ceefb47', 'storage/music/01 - Shakira - Hips Don\'t Lie (featuring Wyclef Jean) (Official 4K Video) ft. Wyclef Jean.mp3', 'storage/thumbnails/3211ddf71315199e4bce48f451fb4df13a304bc6c784b07655ae57737ceefb47.jpg', 0, '2026-06-19 13:21:06'),
(491, 2, 2, 5, 'Shakira - Waka Waka (This Time for Africa) (The Official 2010 FIFA World Cup™ Song)', 'shakira-waka-waka-this-time-for-africa-the-official-2010-fifa-world-cup-song', 210, 124324, 48000, 3278044, '295280d102cf76a2b5d3c934027105ee2e8a57c2564d8d0605a1812593226449', 'storage/music/01 - Shakira - Waka Waka (This Time for Africa) (The Official 2010 FIFA World Cup™ Song).mp3', 'storage/thumbnails/295280d102cf76a2b5d3c934027105ee2e8a57c2564d8d0605a1812593226449.jpg', 0, '2026-06-19 13:21:52'),
(492, 2, 2, 5, 'Spice, Sean Paul, Shaggy - Go Down Deh | Official Music Video', 'spice-sean-paul-shaggy-go-down-deh-official-music-video', 185, 138430, 48000, 3215045, 'b31dddb3a1bd4638ee55b32ddb68fd4e6b3b0c82a1ebe7d7385c10c30b989f26', 'storage/music/01 - Spice, Sean Paul, Shaggy - Go Down Deh _ Official Music Video.mp3', 'storage/thumbnails/b31dddb3a1bd4638ee55b32ddb68fd4e6b3b0c82a1ebe7d7385c10c30b989f26.jpg', 0, '2026-06-19 13:22:43'),
(493, 2, 2, 5, 'DJ Snake - Taki Taki ft. Selena Gomez, Ozuna, Cardi B (Official Music Video)', 'dj-snake-taki-taki-ft-selena-gomez-ozuna-cardi-b-official-music-video', 231, 128966, 48000, 3734634, 'f53569e8bc8fa18bf3e9c83cea587652f87092b9043fa0427a9105316a9d22d6', 'storage/music/01 - DJ Snake - Taki Taki ft. Selena Gomez, Ozuna, Cardi B (Official Music Video).mp3', 'storage/thumbnails/f53569e8bc8fa18bf3e9c83cea587652f87092b9043fa0427a9105316a9d22d6.jpg', 0, '2026-06-19 13:24:04'),
(494, 2, 2, 5, 'Otilia - Bilionera', 'otilia-bilionera', 181, 132985, 48000, 3015283, '9165ba267575e93dd8c675604ecbf0a0c0ee19fab3c68d68b76e73df3d24f12b', 'storage/music/01 - Otilia - Bilionera.mp3', 'storage/thumbnails/9165ba267575e93dd8c675604ecbf0a0c0ee19fab3c68d68b76e73df3d24f12b.jpg', 0, '2026-06-19 13:24:38'),
(495, 2, 2, 5, 'Serena - Safari (Official Video)', 'serena-safari-official-video', 189, 132292, 48000, 3135712, 'fface9a8af8947d67551a24f6dd607faec4e8e1c16e94ed9cdd5e9b2dd526aa0', 'storage/music/01 - Serena - Safari (Official Video).mp3', 'storage/thumbnails/fface9a8af8947d67551a24f6dd607faec4e8e1c16e94ed9cdd5e9b2dd526aa0.jpg', 0, '2026-06-19 13:25:41'),
(496, 2, 2, 5, 'Clean Bandit - Rockabye (feat. Sean Paul & Anne-Marie) [Official Video]', 'clean-bandit-rockabye-feat-sean-paul-and-anne-marie-official-video', 253, 132348, 48000, 4202561, 'c95b7ff58c321c13f0e40f110c6ad1f37fa232d6df99cd51f322f9e908288d90', 'storage/music/01 - Clean Bandit - Rockabye (feat. Sean Paul & Anne-Marie) [Official Video].mp3', 'storage/thumbnails/c95b7ff58c321c13f0e40f110c6ad1f37fa232d6df99cd51f322f9e908288d90.jpg', 0, '2026-06-19 13:26:47'),
(497, 2, 2, 5, 'J Balvin, Willy William - Mi Gente (Official Video)', 'j-balvin-willy-william-mi-gente-official-video', 185, 135598, 48000, 3156339, '534df21f4ee8554260e494ebe1a2a83cc483f81e9578eb228e55fdfa664dd831', 'storage/music/01 - J Balvin, Willy William - Mi Gente (Official Video).mp3', 'storage/thumbnails/534df21f4ee8554260e494ebe1a2a83cc483f81e9578eb228e55fdfa664dd831.jpg', 0, '2026-06-19 13:27:32'),
(498, 2, 2, 5, 'Boney M. - Rasputin (Sopot Festival 1979)', 'boney-m-rasputin-sopot-festival-1979', 269, 122699, 48000, 4138211, '59c8f7141fb0f21169d7f72efb2a6f24baf8ea727b215c3c876a17194e185002', 'storage/music/01 - Boney M. - Rasputin (Sopot Festival 1979).mp3', 'storage/thumbnails/59c8f7141fb0f21169d7f72efb2a6f24baf8ea727b215c3c876a17194e185002.jpg', 0, '2026-06-19 13:28:28'),
(499, 2, 2, 5, 'Arash feat. Helena - Broken Angel (Official Video)', 'arash-feat-helena-broken-angel-official-video', 205, 134406, 48000, 3446987, '0fcde518a35d98ab0827bd567f61a41832ca469fbec9b34e7a30f57c6773a4ea', 'storage/music/01 - Arash feat. Helena - Broken Angel (Official Video).mp3', 'storage/thumbnails/0fcde518a35d98ab0827bd567f61a41832ca469fbec9b34e7a30f57c6773a4ea.jpg', 0, '2026-06-19 13:29:27'),
(500, 2, 2, 5, 'TONES AND I - DANCE MONKEY (OFFICIAL VIDEO)', 'tones-and-i-dance-monkey-official-video', 236, 77095, 48000, 2284352, '6324e566118155170a5c5f621ec8d2c4a7f607c9334731b83d16103fc3c76459', 'storage/music/01 - TONES AND I - DANCE MONKEY (OFFICIAL VIDEO).mp3', 'storage/thumbnails/6324e566118155170a5c5f621ec8d2c4a7f607c9334731b83d16103fc3c76459.jpg', 0, '2026-06-19 13:30:18'),
(501, 2, 2, 5, 'Indila - Love Story (Official Music Video)', 'indila-love-story-official-music-video', 284, 124176, 48000, 4420706, 'c46e9f98774666394fe360afcb94937feae493bf3c49d507f0ba5ba3d0300c40', 'storage/music/01 - Indila - Love Story (Official Music Video).mp3', 'storage/thumbnails/c46e9f98774666394fe360afcb94937feae493bf3c49d507f0ba5ba3d0300c40.jpg', 0, '2026-06-19 13:31:33'),
(502, 2, 2, 5, 'Rauf & Faik — детство (Official video)', 'rauf-and-faik-official-video', 124, 124929, 48000, 1940810, '58d5298cb0e367da287b21450b8523c856bd329602e157967a329c76f1f12def', 'storage/music/01 - Rauf & Faik — детство (Official video).mp3', 'storage/thumbnails/58d5298cb0e367da287b21450b8523c856bd329602e157967a329c76f1f12def.jpg', 0, '2026-06-19 14:00:53'),
(503, 2, 2, 5, 'Shakira, Ed Sheeran, Beéle - Hips Don\'t Lie (Anniversary Version)', 'shakira-ed-sheeran-be-le-hips-don-t-lie-anniversary-version', 216, 137709, 48000, 3724054, 'bbeb6beb5583c9cf531f92969f19e3e567a8754fd12f3c620b76ffedb16b3787', 'storage/music/01 - Shakira, Ed Sheeran, Beéle - Hips Don\'t Lie (Anniversary Version).mp3', 'storage/thumbnails/bbeb6beb5583c9cf531f92969f19e3e567a8754fd12f3c620b76ffedb16b3787.jpg', 0, '2026-06-19 14:01:18'),
(504, 2, 2, 5, 'ON AND ON - Ft. DANIEL LEVI | JUSTIN BIEBER | BEST SONGS 2018 | Must Watch Songs | CANDYMATE', 'on-and-on-ft-daniel-levi-justin-bieber-best-songs-2018-must-watch-songs-candymate', 203, 134885, 48000, 3439823, '09cf85d9786b9977f95f994ae31cad8f9dc38fa41a494f78c7c23307dfb8c715', 'storage/music/01 - ON AND ON - Ft. DANIEL LEVI _ JUSTIN BIEBER _ BEST SONGS 2018 _ Must Watch Songs _ CANDYMATE.mp3', 'storage/thumbnails/09cf85d9786b9977f95f994ae31cad8f9dc38fa41a494f78c7c23307dfb8c715.jpg', 0, '2026-06-19 14:01:47'),
(505, 2, 2, 5, 'DHARIA - Sugar & Brownies (by Monoir) [Official Video]', 'dharia-sugar-and-brownies-by-monoir-official-video', 211, 130099, 48000, 3439149, 'ef89bcb4e3212a785b26469d0b1c86c914314403ee3813b115494e206b659bf5', 'storage/music/01 - DHARIA - Sugar & Brownies (by Monoir) [Official Video].mp3', 'storage/thumbnails/ef89bcb4e3212a785b26469d0b1c86c914314403ee3813b115494e206b659bf5.jpg', 0, '2026-06-19 14:02:45'),
(506, 2, 2, 5, 'DHARIA - Sugar & Brownies (by Monoir) [Official Video]', 'dharia-sugar-and-brownies-by-monoir-official-video', 211, 130099, 48000, 3443062, '2b57f2305282a39749919220d4acfabe0c307ccf0b6c4d16831346fd93cc16ba', 'storage/music/02 - DHARIA - Sugar & Brownies (by Monoir) [Official Video].mp3', NULL, 0, '2026-06-19 14:02:45'),
(507, 2, 2, 5, 'Titanic • My Heart Will Go On • Celine Dion', 'titanic-my-heart-will-go-on-celine-dion', 283, 117069, 48000, 4145033, 'fcd1acc33ddf53f9abdcd96659824fa0e2835efc4b0537c7fa90087124502f65', 'storage/music/03 - Titanic • My Heart Will Go On • Celine Dion.mp3', 'storage/thumbnails/fcd1acc33ddf53f9abdcd96659824fa0e2835efc4b0537c7fa90087124502f65.jpg', 0, '2026-06-19 14:02:45'),
(508, 2, 2, 5, 'Sia - Unstoppable (Official Video - Live from the Nostalgic For The Present Tour)', 'sia-unstoppable-official-video-live-from-the-nostalgic-for-the-present-tour', 226, 127399, 48000, 3615748, 'a108fce02fa020081de96c628c85e3c150310517f45e2fc67ae65b1615eee81c', 'storage/music/01 - Sia - Unstoppable (Official Video - Live from the Nostalgic For The Present Tour).mp3', 'storage/thumbnails/a108fce02fa020081de96c628c85e3c150310517f45e2fc67ae65b1615eee81c.jpg', 0, '2026-06-19 14:03:14'),
(509, 2, 2, 5, 'Arash feat. Helena - One Night In Dubai (Official Video)', 'arash-feat-helena-one-night-in-dubai-official-video', 160, 135159, 48000, 2714175, '6c5607721d18626c09865f3ffd9414c758e91bc8d3f539ac9c5ccddf156fb832', 'storage/music/01 - Arash feat. Helena - One Night In Dubai (Official Video).mp3', 'storage/thumbnails/6c5607721d18626c09865f3ffd9414c758e91bc8d3f539ac9c5ccddf156fb832.jpg', 0, '2026-06-19 14:03:42'),
(510, 2, 2, 5, 'Justin Bieber - Baby ft. Ludacris', 'justin-bieber-baby-ft-ludacris', 219, 128403, 48000, 3517916, '5ac2fce8b032d70b5b842d80293af1ebcc8eb5e449fde320e181f029a211009f', 'storage/music/01 - Justin Bieber - Baby ft. Ludacris.mp3', 'storage/thumbnails/5ac2fce8b032d70b5b842d80293af1ebcc8eb5e449fde320e181f029a211009f.jpg', 0, '2026-06-19 14:04:24'),
(511, 2, 2, 5, 'Akon - Right Now (Na Na Na) (Official Video)', 'akon-right-now-na-na-na-official-video', 300, 130247, 48000, 4898004, 'ed68414e99a455238ec9028781cc0055efe2e7e2e2c6e36e650e4769e96fdd28', 'storage/music/01 - Akon - Right Now (Na Na Na) (Official Video).mp3', 'storage/thumbnails/ed68414e99a455238ec9028781cc0055efe2e7e2e2c6e36e650e4769e96fdd28.jpg', 0, '2026-06-19 14:04:53'),
(512, 2, 2, 5, 'Daddy Yankee & Snow - Con Calma (Video Oficial)', 'daddy-yankee-and-snow-con-calma-video-oficial', 210, 135089, 48000, 3565795, 'b908c7deca2140021906ed0bbbad76dbd0c08e406ec3366f3d43cfdda0182c5b', 'storage/music/01 - Daddy Yankee & Snow - Con Calma (Video Oficial).mp3', 'storage/thumbnails/b908c7deca2140021906ed0bbbad76dbd0c08e406ec3366f3d43cfdda0182c5b.jpg', 0, '2026-06-19 14:05:15'),
(513, 2, 2, 5, 'Luis Fonsi, Demi Lovato - Échame La Culpa', 'luis-fonsi-demi-lovato-chame-la-culpa', 210, 131346, 48000, 3456784, 'e8553840e84c85ad0869a1c66cfd8dd3066df798711d1ddfe73ab18f4879f8a9', 'storage/music/01 - Luis Fonsi, Demi Lovato - Échame La Culpa.mp3', 'storage/thumbnails/e8553840e84c85ad0869a1c66cfd8dd3066df798711d1ddfe73ab18f4879f8a9.jpg', 0, '2026-06-19 14:05:39'),
(514, 2, 2, 5, 'Wiz Khalifa - See You Again ft. Charlie Puth [Official Video] Furious 7 Soundtrack', 'wiz-khalifa-see-you-again-ft-charlie-puth-official-video-furious-7-soundtrack', 237, 119922, 48000, 3561931, '7c1d0b2cf8db8676f5a31c1a913b46ce5222140667613711aed4e70e15af85a4', 'storage/music/01 - Wiz Khalifa - See You Again ft. Charlie Puth [Official Video] Furious 7 Soundtrack.mp3', 'storage/thumbnails/7c1d0b2cf8db8676f5a31c1a913b46ce5222140667613711aed4e70e15af85a4.jpg', 0, '2026-06-19 14:06:01'),
(515, 2, 2, 5, 'Gym Class Heroes： Stereo Hearts ft. Adam Levine [OFFICIAL VIDEO]', 'gym-class-heroes-stereo-hearts-ft-adam-levine-official-video', 216, 128214, 48000, 3474333, '55249005b1c7ff180960852a40a9d2176b5bc9800aedf7d5b662e6a20777ca1e', 'storage/music/01 - Gym Class Heroes： Stereo Hearts ft. Adam Levine [OFFICIAL VIDEO].mp3', 'storage/thumbnails/55249005b1c7ff180960852a40a9d2176b5bc9800aedf7d5b662e6a20777ca1e.jpg', 0, '2026-06-19 14:07:39'),
(516, 2, 2, 5, 'Gym Class Heroes: Stereo Hearts ft. Adam Levine [OFFICIAL VIDEO]', 'gym-class-heroes-stereo-hearts-ft-adam-levine-official-video', 216, 128214, 48000, 3480687, 'b1a765db1472ce24940f2f6a1c3fc5c4c8262363eac6a506471876cd0d7429ee', 'storage/music/02 - Gym Class Heroes_ Stereo Hearts ft. Adam Levine [OFFICIAL VIDEO].mp3', NULL, 0, '2026-06-19 14:07:39'),
(517, 2, 2, 5, 'Imagine Dragons - Believer (Official Music Video)', 'imagine-dragons-believer-official-music-video', 216, 135585, 48000, 3673317, '57cad1b20d3f787611d734e16146bb79dbbcb3631ce28915e7bce0b46e54df10', 'storage/music/03 - Imagine Dragons - Believer (Official Music Video).mp3', 'storage/thumbnails/57cad1b20d3f787611d734e16146bb79dbbcb3631ce28915e7bce0b46e54df10.jpg', 0, '2026-06-19 14:07:39'),
(518, 2, 2, 5, 'Marshmello & Anne-Marie - FRIENDS (Music Video) *OFFICIAL FRIENDZONE ANTHEM*', 'marshmello-and-anne-marie-friends-music-video-official-friendzone-anthem', 231, 128047, 48000, 3706848, 'a2e9d0bf67199bc9c4d5e4452c43232ddbbf81d93da6877b51e659b824cd9b3b', 'storage/music/01 - Marshmello & Anne-Marie - FRIENDS (Music Video) _OFFICIAL FRIENDZONE ANTHEM_.mp3', 'storage/thumbnails/a2e9d0bf67199bc9c4d5e4452c43232ddbbf81d93da6877b51e659b824cd9b3b.jpg', 0, '2026-06-19 14:08:27'),
(519, 2, 2, 5, 'ROSÉ & Bruno Mars - APT. (Official Music Video)', 'rose-and-bruno-mars-apt-official-music-video', 173, 130762, 48000, 2840996, 'd9ad5570485883f2351bf83b378afb4c6969aac32a9b4b38423a6cfc0ba22f26', 'storage/music/01 - ROSÉ & Bruno Mars - APT. (Official Music Video).mp3', 'storage/thumbnails/d9ad5570485883f2351bf83b378afb4c6969aac32a9b4b38423a6cfc0ba22f26.jpg', 0, '2026-06-19 14:09:10'),
(520, 2, 2, 5, 'David Guetta - Hey Mama (Official Video) ft Nicki Minaj, Bebe Rexha & Afrojack', 'david-guetta-hey-mama-official-video-ft-nicki-minaj-bebe-rexha-and-afrojack', 199, 132182, 48000, 3311706, '4061247f834e844879c4be9fcaff6b81f99d2ed6b7293ebb4e6534e4bcc5c9d6', 'storage/music/01 - David Guetta - Hey Mama (Official Video) ft Nicki Minaj, Bebe Rexha & Afrojack.mp3', 'storage/thumbnails/4061247f834e844879c4be9fcaff6b81f99d2ed6b7293ebb4e6534e4bcc5c9d6.jpg', 0, '2026-06-19 14:10:03'),
(521, 2, 2, 5, 'Major Lazer & DJ Snake - Lean On (feat. MØ) [Official 4K Music Video]', 'major-lazer-and-dj-snake-lean-on-feat-m-official-4k-music-video', 178, 141323, 48000, 3167788, '14f52f4334d4d369cbbad2557f0711913b8bcaeee5baf89ac4e2dda1947656f7', 'storage/music/01 - Major Lazer & DJ Snake - Lean On (feat. MØ) [Official 4K Music Video].mp3', 'storage/thumbnails/14f52f4334d4d369cbbad2557f0711913b8bcaeee5baf89ac4e2dda1947656f7.jpg', 0, '2026-06-19 14:10:49'),
(522, 2, 2, 5, 'Rema, Selena Gomez - Calm Down (Official Music Video)', 'rema-selena-gomez-calm-down-official-music-video', 239, 127032, 48000, 3804197, 'b2c0bdaca22d171a0b8ae93e05de13de80e2bea609f0be5ed902e2fe104ece6b', 'storage/music/01 - Rema, Selena Gomez - Calm Down (Official Music Video).mp3', 'storage/thumbnails/b2c0bdaca22d171a0b8ae93e05de13de80e2bea609f0be5ed902e2fe104ece6b.jpg', 0, '2026-06-19 14:11:40'),
(523, 2, 2, 5, 'Daddy Yankee - Gasolina (Video Oficial)', 'daddy-yankee-gasolina-video-oficial', 253, 76761, 48000, 2442737, 'af059cc5503bcd0ac758a89bdffa94ef70e8350f0c06c85407796c070f9366ff', 'storage/music/01 - Daddy Yankee - Gasolina (Video Oficial).mp3', 'storage/thumbnails/af059cc5503bcd0ac758a89bdffa94ef70e8350f0c06c85407796c070f9366ff.jpg', 0, '2026-06-19 14:12:23'),
(524, 2, 2, 5, 'Sean Paul - No Lie ft. Dua Lipa', 'sean-paul-no-lie-ft-dua-lipa', 228, 123933, 48000, 3542694, 'ec8b5b1246adad9abca8ef484133987895d6c8679fdb71374e3408005f7f29e3', 'storage/music/01 - Sean Paul - No Lie ft. Dua Lipa.mp3', 'storage/thumbnails/ec8b5b1246adad9abca8ef484133987895d6c8679fdb71374e3408005f7f29e3.jpg', 0, '2026-06-19 14:13:06'),
(525, 2, 2, 5, 'Enrique Iglesias - Bailando ft. Sean Paul, Descemer Bueno, Gente De Zona', 'enrique-iglesias-bailando-ft-sean-paul-descemer-bueno-gente-de-zona', 271, 133402, 48000, 4534538, 'bea552a595321475155462a8acf8f79022d8f92183d5b4081935f5c1221200e2', 'storage/music/01 - Enrique Iglesias - Bailando ft. Sean Paul, Descemer Bueno, Gente De Zona.mp3', 'storage/thumbnails/bea552a595321475155462a8acf8f79022d8f92183d5b4081935f5c1221200e2.jpg', 0, '2026-06-19 14:14:01'),
(526, 2, 2, 5, 'Shakira - Whenever, Wherever (Official HD Video)', 'shakira-whenever-wherever-official-hd-video', 196, 135741, 48000, 3334781, 'cef3615e1f5d48f2feb0e1a0dcdd1231ba21b78989c4c2320da4c852806b4fa1', 'storage/music/01 - Shakira - Whenever, Wherever (Official HD Video).mp3', 'storage/thumbnails/cef3615e1f5d48f2feb0e1a0dcdd1231ba21b78989c4c2320da4c852806b4fa1.jpg', 0, '2026-06-19 14:14:48'),
(527, 2, 2, 5, 'Tungevaag, Raaban  - Bad Boy (Official Video)', 'tungevaag-raaban-bad-boy-official-video', 197, 130624, 48000, 3231795, 'eb9b8d9947b8fc210ceeea92f3c0e41c1952494efce4ddae6e8fda5439a90b1e', 'storage/music/01 - Tungevaag, Raaban  - Bad Boy (Official Video).mp3', 'storage/thumbnails/eb9b8d9947b8fc210ceeea92f3c0e41c1952494efce4ddae6e8fda5439a90b1e.jpg', 0, '2026-06-19 14:15:30'),
(528, 2, 2, 5, 'Jennifer Lopez, Pitbull - On The Floor (Official Music Video)', 'jennifer-lopez-pitbull-on-the-floor-official-music-video', 266, 128644, 48000, 4285603, '73ba2ec3795eff49f10e12d3123fc4bfd6fc672633a33b3e0784537e29dfedfe', 'storage/music/01 - Jennifer Lopez, Pitbull - On The Floor (Official Music Video).mp3', 'storage/thumbnails/73ba2ec3795eff49f10e12d3123fc4bfd6fc672633a33b3e0784537e29dfedfe.jpg', 0, '2026-06-19 14:16:25'),
(529, 2, 2, 5, 'Andekhi Anjaani | Full Song | Mujhse Dosti Karoge | Hrithik Roshan, Kareena Kapoor, Rani Mukerji', 'andekhi-anjaani-full-song-mujhse-dosti-karoge-hrithik-roshan-kareena-kapoor-rani-mukerji', 372, 131244, 48000, 6120377, '9759eef02b3763a08a62841151dce2e3524b3806a24ca4e6200e9b5fa601089c', 'storage/music/01 - Andekhi Anjaani _ Full Song _ Mujhse Dosti Karoge _ Hrithik Roshan, Kareena Kapoor, Rani Mukerji.mp3', 'storage/thumbnails/9759eef02b3763a08a62841151dce2e3524b3806a24ca4e6200e9b5fa601089c.jpg', 0, '2026-06-19 14:17:11'),
(530, 2, 2, 5, 'Maroon 5 - Girls Like You ft. Cardi B (Official Music Video)', 'maroon-5-girls-like-you-ft-cardi-b-official-music-video', 270, 122374, 48000, 4144124, '6d756fae05d75d719f5f308a3b46418e8bd57d33e1f8839c264da1294aa3949a', 'storage/music/01 - Maroon 5 - Girls Like You ft. Cardi B (Official Music Video).mp3', 'storage/thumbnails/6d756fae05d75d719f5f308a3b46418e8bd57d33e1f8839c264da1294aa3949a.jpg', 0, '2026-06-19 14:18:37'),
(531, 2, 2, 5, 'Pitbull - Rain Over Me ft. Marc Anthony', 'pitbull-rain-over-me-ft-marc-anthony', 233, 133893, 48000, 3915616, '8bd3b50ef94599cae0b2f7906207d8aefa5a72932838f543f5435826fc3bf480', 'storage/music/01 - Pitbull - Rain Over Me ft. Marc Anthony.mp3', 'storage/thumbnails/8bd3b50ef94599cae0b2f7906207d8aefa5a72932838f543f5435826fc3bf480.jpg', 0, '2026-06-19 14:19:31'),
(532, 2, 2, 5, 'EDWARD MAYA & VIKA JIGULINA - Stereo Love (Molella remix) [Official video HD]', 'edward-maya-and-vika-jigulina-stereo-love-molella-remix-official-video-hd', 199, 135100, 48000, 3373181, '5ac784d3fe70949b3107fc20d5c9e6ad6381aa72d1a0209c950f9ff9cc8f7d18', 'storage/music/01 - EDWARD MAYA & VIKA JIGULINA - Stereo Love (Molella remix) [Official video HD].mp3', 'storage/thumbnails/5ac784d3fe70949b3107fc20d5c9e6ad6381aa72d1a0209c950f9ff9cc8f7d18.jpg', 0, '2026-06-19 14:20:15'),
(533, 2, 2, 5, 'Coke Studio | Season 14 | Pasoori | Ali Sethi x Shae Gill', 'coke-studio-season-14-pasoori-ali-sethi-x-shae-gill', 276, 134941, 48000, 4672381, '03052b7e58738f18925cd7b4c155a30ebcf1d2d5a71fa1b22ea0ff2a9ec45bf0', 'storage/music/01 - Coke Studio _ Season 14 _ Pasoori _ Ali Sethi x Shae Gill.mp3', 'storage/thumbnails/03052b7e58738f18925cd7b4c155a30ebcf1d2d5a71fa1b22ea0ff2a9ec45bf0.jpg', 0, '2026-06-19 14:21:02'),
(534, 2, 2, 5, 'The Chainsmokers - Don\'t Let Me Down (Official Video) ft. Daya', 'the-chainsmokers-don-t-let-me-down-official-video-ft-daya', 217, 131106, 48000, 3573748, 'c907ce0f58fe4423ea3bf31b0d7f8d46ffdc4b59b44e3d44be5488b3f25989ec', 'storage/music/01 - The Chainsmokers - Don\'t Let Me Down (Official Video) ft. Daya.mp3', 'storage/thumbnails/c907ce0f58fe4423ea3bf31b0d7f8d46ffdc4b59b44e3d44be5488b3f25989ec.jpg', 0, '2026-06-19 14:21:44'),
(535, 2, 2, 5, 'Imagine Dragons - Thunder', 'imagine-dragons-thunder', 204, 136802, 48000, 3491633, '1c70f67ccae9e562efdcb75b86a59a1b2c1544deaff99bf7f7dc9e15a5898882', 'storage/music/01 - Imagine Dragons - Thunder.mp3', 'storage/thumbnails/1c70f67ccae9e562efdcb75b86a59a1b2c1544deaff99bf7f7dc9e15a5898882.jpg', 0, '2026-06-19 14:22:21'),
(536, 2, 2, 5, 'Sean Kingston, Justin Bieber - Eenie Meenie (Official Video)', 'sean-kingston-justin-bieber-eenie-meenie-official-video', 204, 77489, 48000, 1980242, 'be51b14ec62ab2e61c91a122156272070c1c3ba9804597b1cf84f2b232925316', 'storage/music/01 - Sean Kingston, Justin Bieber - Eenie Meenie (Official Video).mp3', 'storage/thumbnails/be51b14ec62ab2e61c91a122156272070c1c3ba9804597b1cf84f2b232925316.jpg', 0, '2026-06-19 14:23:02'),
(537, 2, 2, 5, 'Imran Khan - Satisfya (Official Music Video)', 'imran-khan-satisfya-official-music-video', 185, 80284, 48000, 1859136, 'd5cfef88f07cd6039c4474bf1a5b3bc9ba5d6fa6c81b03054a15b6bb4de5131f', 'storage/music/01 - Imran Khan - Satisfya (Official Music Video).mp3', 'storage/thumbnails/d5cfef88f07cd6039c4474bf1a5b3bc9ba5d6fa6c81b03054a15b6bb4de5131f.jpg', 0, '2026-06-19 14:23:39'),
(538, 2, 2, 5, 'Daddy Yankee - Dura (Video Oficial)', 'daddy-yankee-dura-video-oficial', 217, 137665, 48000, 3752801, 'c9c0e281b051ed5c010fe80576593c57658ac563a2d0fbb0248de31b6a46b025', 'storage/music/01 - Daddy Yankee - Dura (Video Oficial).mp3', 'storage/thumbnails/c9c0e281b051ed5c010fe80576593c57658ac563a2d0fbb0248de31b6a46b025.jpg', 0, '2026-06-19 14:24:27'),
(539, 2, 2, 5, 'Arash & Halena - Broken Angel | MXEEN Remix _ Car Video', 'arash-and-halena-broken-angel-mxeen-remix-car-video', 172, 135737, 48000, 2928880, '34057fa111f17949acba26e95c258c294fc439d8515fd038eb16caf79cb73dda', 'storage/music/01 - Arash & Halena - Broken Angel _ MXEEN Remix _ Car Video.mp3', 'storage/thumbnails/34057fa111f17949acba26e95c258c294fc439d8515fd038eb16caf79cb73dda.jpg', 0, '2026-06-19 14:25:10'),
(540, 2, 2, 5, 'The Chainsmokers - Closer (Lyric) ft. Halsey', 'the-chainsmokers-closer-lyric-ft-halsey', 261, 138310, 48000, 4529604, '35cf03a4397c8b6fa736534cb37a65cd26264c203ffcfdb87343187dea10bdb4', 'storage/music/01 - The Chainsmokers - Closer (Lyric) ft. Halsey.mp3', 'storage/thumbnails/35cf03a4397c8b6fa736534cb37a65cd26264c203ffcfdb87343187dea10bdb4.jpg', 0, '2026-06-19 14:25:55'),
(541, 2, 2, 5, 'Maggie Lindemann - Pretty Girl (Cheat Codes x CADE Remix) [Official Video]', 'maggie-lindemann-pretty-girl-cheat-codes-x-cade-remix-official-video', 199, 133805, 48000, 3347820, '6f04a962d3f116e624328ad946457aa094fd6fcfd5889a5b5facd8b6ff307a58', 'storage/music/01 - Maggie Lindemann - Pretty Girl (Cheat Codes x CADE Remix) [Official Video].mp3', 'storage/thumbnails/6f04a962d3f116e624328ad946457aa094fd6fcfd5889a5b5facd8b6ff307a58.jpg', 0, '2026-06-19 14:26:41'),
(542, 2, 2, 5, 'Dan Balan - Numa Numa 2 (feat. Marley Waters) / 恋のマイアヒ2018', 'dan-balan-numa-numa-2-feat-marley-waters-2018', 220, 131799, 48000, 3630591, '3b535134f12ba07f96514ad6070c922fdbfaae3b3fd1c7cbeebacf10cab1df9a', 'storage/music/01 - Dan Balan - Numa Numa 2 (feat. Marley Waters) _ 恋のマイアヒ2018.mp3', 'storage/thumbnails/3b535134f12ba07f96514ad6070c922fdbfaae3b3fd1c7cbeebacf10cab1df9a.jpg', 0, '2026-06-19 14:27:18'),
(543, 2, 2, 5, 'LaRoxx Project - Don\'t Cry My Love (SandRocks Holiday Mix)', 'laroxx-project-don-t-cry-my-love-sandrocks-holiday-mix', 195, 140700, 48000, 3432763, 'd6b769224db08335b0f1b5e026e0d4e0b880cc3019349aa211a7bab574aa2f1c', 'storage/music/01 - LaRoxx Project - Don\'t Cry My Love (SandRocks Holiday Mix).mp3', 'storage/thumbnails/d6b769224db08335b0f1b5e026e0d4e0b880cc3019349aa211a7bab574aa2f1c.jpg', 0, '2026-06-19 14:28:07'),
(544, 2, 2, 5, 'Maroon 5 - Animals (Lyric Video)', 'maroon-5-animals-lyric-video', 229, 133206, 48000, 3823936, '26fd8dacef9e7600a09a8e8af6ba279d93c2fd438d54b6390b666e7349574465', 'storage/music/01 - Maroon 5 - Animals (Lyric Video).mp3', 'storage/thumbnails/26fd8dacef9e7600a09a8e8af6ba279d93c2fd438d54b6390b666e7349574465.jpg', 0, '2026-06-19 14:28:51'),
(545, 2, 2, 5, 'Fifth Harmony - Worth It (Official Video) ft. Kid Ink', 'fifth-harmony-worth-it-official-video-ft-kid-ink', 224, 131368, 48000, 3692404, '8da46e7903bbaf4b9d2debaa86bbbd92192a809e8aa50f69ac224117f3da774c', 'storage/music/01 - Fifth Harmony - Worth It (Official Video) ft. Kid Ink.mp3', 'storage/thumbnails/8da46e7903bbaf4b9d2debaa86bbbd92192a809e8aa50f69ac224117f3da774c.jpg', 0, '2026-06-19 14:29:23'),
(546, 2, 2, 5, 'PUBG MOBILE | Crystal Power | Power4 is BACK!', 'pubg-mobile-crystal-power-power4-is-back', 69, 131075, 48000, 1139963, '3cec561522e1415086e3fd853c309c4a85baff30329d341ef7dc5799deb7dfb4', 'storage/music/01 - PUBG MOBILE _ Crystal Power _ Power4 is BACK!.mp3', 'storage/thumbnails/3cec561522e1415086e3fd853c309c4a85baff30329d341ef7dc5799deb7dfb4.jpg', 0, '2026-06-19 14:29:45'),
(547, 2, 2, 5, 'Татьяна Куртукова - Матушка', 'song', 188, 129968, 48000, 3057571, '60b10771755d7839d3d83bfdf5a01c0a8e9e3755a8ec9dea5f2272e7fe8d2d39', 'storage/music/01 - Татьяна Куртукова - Матушка.mp3', 'storage/thumbnails/60b10771755d7839d3d83bfdf5a01c0a8e9e3755a8ec9dea5f2272e7fe8d2d39.jpg', 0, '2026-06-19 14:30:07'),
(548, 2, 2, 5, 'Rauf & Faik - Can\'t Buy Me Loving / La La La (это ли счастье ?) (OFFICIAL VIDEO)', 'rauf-and-faik-can-t-buy-me-loving-la-la-la-official-video', 205, 125300, 48000, 3231111, 'ed4e4f71c36d7289877f3a3866a77a83db8d505f64596bdf244e8bb698490b05', 'storage/music/01 - Rauf & Faik - Can\'t Buy Me Loving _ La La La (это ли счастье _) (OFFICIAL VIDEO).mp3', 'storage/thumbnails/ed4e4f71c36d7289877f3a3866a77a83db8d505f64596bdf244e8bb698490b05.jpg', 0, '2026-06-19 14:30:33'),
(549, 2, 2, 5, 'The Kid LAROI, Justin Bieber - STAY (Official Video)', 'the-kid-laroi-justin-bieber-stay-official-video', 157, 122665, 48000, 2421464, '1d12f4d4225dbc6eae07c95d666c40f1d345d21985c74739d16e57cc90da7716', 'storage/music/01 - The Kid LAROI, Justin Bieber - STAY (Official Video).mp3', 'storage/thumbnails/1d12f4d4225dbc6eae07c95d666c40f1d345d21985c74739d16e57cc90da7716.jpg', 0, '2026-06-19 14:31:11'),
(550, 2, 2, 5, 'Aqua - Barbie Girl (Official Music Video)', 'aqua-barbie-girl-official-music-video', 201, 142201, 48000, 3581337, '562f54c5f220c782c1f7882dbb87d55c13fdae04a60295e3bbda8ccf4d0e14f6', 'storage/music/01 - Aqua - Barbie Girl (Official Music Video).mp3', 'storage/thumbnails/562f54c5f220c782c1f7882dbb87d55c13fdae04a60295e3bbda8ccf4d0e14f6.jpg', 0, '2026-06-19 14:31:52'),
(551, 2, 2, 5, 'AronChupa, Little Sis Nora - I\'m an Albatraoz | OFFICIAL VIDEO', 'aronchupa-little-sis-nora-i-m-an-albatraoz-official-video', 148, 121710, 48000, 2263073, 'b0f9e78fff787a3379de9febdf228e0ffb0211ffdb8179a60f8756686f9ceb26', 'storage/music/01 - AronChupa, Little Sis Nora - I\'m an Albatraoz _ OFFICIAL VIDEO.mp3', 'storage/thumbnails/b0f9e78fff787a3379de9febdf228e0ffb0211ffdb8179a60f8756686f9ceb26.jpg', 0, '2026-06-19 14:32:25'),
(552, 2, 2, 5, 'Alec Benjamin - Let Me Down Slowly [Official Music Video]', 'alec-benjamin-let-me-down-slowly-official-music-video', 177, 118166, 48000, 2621904, 'a376f2a2912d84db5d4fe21f6de6720b64cc86f797951fbc586f4e708f5a1206', 'storage/music/01 - Alec Benjamin - Let Me Down Slowly [Official Music Video].mp3', 'storage/thumbnails/a376f2a2912d84db5d4fe21f6de6720b64cc86f797951fbc586f4e708f5a1206.jpg', 0, '2026-06-19 14:33:03'),
(553, 2, 2, 5, 'Ellie Goulding - Love Me Like You Do Lyrics (Best Lyric Video)', 'ellie-goulding-love-me-like-you-do-lyrics-best-lyric-video', 272, 115737, 48000, 3951648, '47f4fb4769a2706ed7c5453a40d14ecea3b0577409830e4487b920f7a4c74ad4', 'storage/music/01 - Ellie Goulding - Love Me Like You Do Lyrics (Best Lyric Video).mp3', 'storage/thumbnails/47f4fb4769a2706ed7c5453a40d14ecea3b0577409830e4487b920f7a4c74ad4.jpg', 0, '2026-06-19 14:33:48'),
(554, 2, 2, 5, 'Justin Bieber - Sorry (PURPOSE : The Movement)', 'justin-bieber-sorry-purpose-the-movement', 205, 128353, 48000, 3297461, '26d191193ad7974d9b99d342c84e56ee83b1fa8f62165f7b63eef7d3cf7f6010', 'storage/music/01 - Justin Bieber - Sorry (PURPOSE _ The Movement).mp3', 'storage/thumbnails/26d191193ad7974d9b99d342c84e56ee83b1fa8f62165f7b63eef7d3cf7f6010.jpg', 0, '2026-06-19 14:34:27'),
(555, 2, 2, 5, 'Aya Nakamura - Copines (Clip officiel)', 'aya-nakamura-copines-clip-officiel', 177, 131573, 48000, 2926328, 'f3a720237845cfa1fcb0a943fbcfd83a1185f71e3a4c48ae0e2b509ab9132695', 'storage/music/01 - Aya Nakamura - Copines (Clip officiel).mp3', 'storage/thumbnails/f3a720237845cfa1fcb0a943fbcfd83a1185f71e3a4c48ae0e2b509ab9132695.jpg', 0, '2026-06-19 14:35:03'),
(556, 2, 2, 5, 'CNCO - Pretend (Official Video)', 'cnco-pretend-official-video', 212, 139702, 48000, 3718713, 'bb136e457f18df0eb0290eca2d4ad62a272125323eedf5c0febc05da8ba1587f', 'storage/music/01 - CNCO - Pretend (Official Video).mp3', 'storage/thumbnails/bb136e457f18df0eb0290eca2d4ad62a272125323eedf5c0febc05da8ba1587f.jpg', 0, '2026-06-19 14:35:33'),
(557, 2, 2, 5, 'Indila - Dernière danse | Joker BGM Song (4K)', 'indila-derni-re-danse-joker-bgm-song-4k', 221, 124773, 48000, 3458209, '4505f03620885dfc510895c125cb15dfddbcbf1dbd6e1a9973cc85108adce1cf', 'storage/music/01 - Indila - Dernière danse _ Joker BGM Song (4K).mp3', 'storage/thumbnails/4505f03620885dfc510895c125cb15dfddbcbf1dbd6e1a9973cc85108adce1cf.jpg', 0, '2026-06-19 14:36:13'),
(558, 2, 2, 5, 'CKay - Love Nwantiti [Acoustic Version]', 'ckay-love-nwantiti-acoustic-version', 188, 110664, 48000, 2606221, '595980428d32871b8faf18cdb599fa4623e68e37791c306beecd4f6b7e890684', 'storage/music/01 - CKay - Love Nwantiti [Acoustic Version].mp3', 'storage/thumbnails/595980428d32871b8faf18cdb599fa4623e68e37791c306beecd4f6b7e890684.jpg', 0, '2026-06-19 14:36:46'),
(559, 2, 2, 5, 'J.Geco - Chicken Song', 'j-geco-chicken-song', 150, 115573, 48000, 2174634, 'c9db906cc5ce16b86f9984637143cdce4f4274e3c798ce7c660712784f42c6a9', 'storage/music/01 - J.Geco - Chicken Song.mp3', 'storage/thumbnails/c9db906cc5ce16b86f9984637143cdce4f4274e3c798ce7c660712784f42c6a9.jpg', 0, '2026-06-19 14:37:40'),
(560, 2, 2, 5, 'Fallin For You - Shrey Singhal | Official Video', 'fallin-for-you-shrey-singhal-official-video', 183, 134681, 48000, 3089750, '6629adf0ee28250faec072f280dd7a474de859aa56b3e1068db1691476ad21a1', 'storage/music/01 - Fallin For You - Shrey Singhal _ Official Video.mp3', 'storage/thumbnails/6629adf0ee28250faec072f280dd7a474de859aa56b3e1068db1691476ad21a1.jpg', 0, '2026-06-19 14:38:11');
INSERT INTO `songs` (`id`, `album_id`, `language_id`, `era_id`, `title`, `slug`, `duration`, `bitrate`, `sample_rate`, `file_size`, `audio_hash`, `file_path`, `thumbnail_path`, `play_count`, `created_at`) VALUES
(561, 2, 2, 5, 'Katy Perry - Harleys In Hawaii (Official)', 'katy-perry-harleys-in-hawaii-official', 194, 135063, 48000, 3283557, '53f50a73263362f5614e75f79558f86773ce6682268250f16d6463637ec30b61', 'storage/music/01 - Katy Perry - Harleys In Hawaii (Official).mp3', 'storage/thumbnails/53f50a73263362f5614e75f79558f86773ce6682268250f16d6463637ec30b61.jpg', 0, '2026-06-19 14:38:32'),
(562, 2, 2, 5, 'satirin - MATUSHKA ULTRAFUNK (SLOWED VERSION)', 'satirin-matushka-ultrafunk-slowed-version', 171, 156756, 48000, 3353584, '3626342e860b103cb26e14ada9a2dc1791ca2c9438c3324b17f690e11bea45fd', 'storage/music/01 - satirin - MATUSHKA ULTRAFUNK (SLOWED VERSION).mp3', 'storage/thumbnails/3626342e860b103cb26e14ada9a2dc1791ca2c9438c3324b17f690e11bea45fd.jpg', 0, '2026-06-19 14:38:56'),
(563, 2, 2, 5, 'DHARIA - August Diaries (by Monoir) [Official Video]', 'dharia-august-diaries-by-monoir-official-video', 239, 126410, 48000, 3787398, '83cf4403fff58d4ddbd8ab1ce5470dec3d47a0e4e38737a3237fa84fd36249fa', 'storage/music/01 - DHARIA - August Diaries (by Monoir) [Official Video].mp3', 'storage/thumbnails/83cf4403fff58d4ddbd8ab1ce5470dec3d47a0e4e38737a3237fa84fd36249fa.jpg', 0, '2026-06-19 14:39:29'),
(564, 2, 2, 5, 'Attack on Titan: YOUSEEBIGGIRL/T:T (Apple Seed x Vogel Im Kafig) | EPIC COVER', 'attack-on-titan-youseebiggirl-t-t-apple-seed-x-vogel-im-kafig-epic-cover', 367, 131732, 48000, 6060315, 'e267c470b3ede8fab2f2ac4bea18f1ddf29092d008853ad13564ce9345893067', 'storage/music/01 - Attack on Titan_ YOUSEEBIGGIRL_T_T (Apple Seed x Vogel Im Kafig) _ EPIC COVER.mp3', 'storage/thumbnails/e267c470b3ede8fab2f2ac4bea18f1ddf29092d008853ad13564ce9345893067.jpg', 0, '2026-06-19 14:40:09'),
(565, 2, 2, 5, 'Attack on Titan: Before Lights Out (Erwin Charge Theme) | EPIC VERSION', 'attack-on-titan-before-lights-out-erwin-charge-theme-epic-version', 243, 133529, 48000, 4070474, 'a0dc220f602904f25ba383936cc8c42d3d7afac2ad0d1606dd543e8c4dd58a56', 'storage/music/01 - Attack on Titan_ Before Lights Out (Erwin Charge Theme) _ EPIC VERSION.mp3', 'storage/thumbnails/a0dc220f602904f25ba383936cc8c42d3d7afac2ad0d1606dd543e8c4dd58a56.jpg', 0, '2026-06-19 14:40:31'),
(566, 2, 2, 5, 'Attack on Titan S4: YOUSEEBIGGIRL/T:T (Apple Seed x Vogel im Kafig) | EPIC COVER V2', 'attack-on-titan-s4-youseebiggirl-t-t-apple-seed-x-vogel-im-kafig-epic-cover-v2', 338, 131779, 48000, 5584507, '13f5e578852f74f400e81e245c4008a2724b44b9a60d999c1221353ead5448e5', 'storage/music/01 - Attack on Titan S4_ YOUSEEBIGGIRL_T_T (Apple Seed x Vogel im Kafig) _ EPIC COVER V2.mp3', 'storage/thumbnails/13f5e578852f74f400e81e245c4008a2724b44b9a60d999c1221353ead5448e5.jpg', 0, '2026-06-19 14:40:57');

-- --------------------------------------------------------

--
-- Table structure for table `song_artists`
--

CREATE TABLE `song_artists` (
  `song_id` int(11) NOT NULL,
  `artist_id` int(11) NOT NULL,
  `role` varchar(50) DEFAULT 'primary'
) ENGINE=InnoDB DEFAULT CHARSET=utf8mb4 COLLATE=utf8mb4_unicode_ci;

--
-- Dumping data for table `song_artists`
--

INSERT INTO `song_artists` (`song_id`, `artist_id`, `role`) VALUES
(2, 2, 'primary'),
(3, 3, 'primary'),
(4, 4, 'primary'),
(5, 5, 'primary'),
(6, 6, 'primary'),
(7, 7, 'primary'),
(8, 6, 'primary'),
(9, 8, 'primary'),
(10, 9, 'primary'),
(11, 10, 'primary'),
(12, 10, 'primary'),
(13, 10, 'primary'),
(14, 8, 'primary'),
(15, 11, 'primary'),
(16, 12, 'primary'),
(17, 13, 'primary'),
(18, 8, 'primary'),
(19, 12, 'primary'),
(20, 14, 'primary'),
(21, 15, 'primary'),
(22, 16, 'primary'),
(23, 12, 'primary'),
(24, 17, 'primary'),
(25, 12, 'primary'),
(26, 18, 'primary'),
(27, 19, 'primary'),
(28, 20, 'primary'),
(29, 21, 'primary'),
(30, 13, 'primary'),
(31, 10, 'primary'),
(32, 10, 'primary'),
(33, 22, 'primary'),
(34, 23, 'primary'),
(35, 24, 'primary'),
(36, 25, 'primary'),
(37, 26, 'primary'),
(38, 27, 'primary'),
(39, 28, 'primary'),
(39, 29, 'featured'),
(40, 30, 'primary'),
(41, 30, 'primary'),
(42, 31, 'primary'),
(43, 32, 'primary'),
(44, 33, 'primary'),
(45, 34, 'primary'),
(46, 35, 'primary'),
(47, 35, 'primary'),
(48, 35, 'primary'),
(49, 35, 'primary'),
(50, 35, 'primary'),
(51, 35, 'primary'),
(52, 35, 'primary'),
(53, 35, 'primary'),
(54, 35, 'primary'),
(55, 35, 'primary'),
(56, 35, 'primary'),
(57, 35, 'primary'),
(58, 35, 'primary'),
(59, 35, 'primary'),
(60, 35, 'primary'),
(61, 35, 'primary'),
(62, 30, 'primary'),
(63, 30, 'primary'),
(64, 30, 'primary'),
(65, 30, 'primary'),
(66, 30, 'primary'),
(67, 30, 'primary'),
(68, 30, 'primary'),
(69, 30, 'primary'),
(69, 36, 'featured'),
(70, 30, 'primary'),
(71, 30, 'primary'),
(72, 31, 'primary'),
(73, 31, 'primary'),
(74, 31, 'primary'),
(75, 31, 'primary'),
(76, 31, 'primary'),
(77, 31, 'primary'),
(78, 31, 'primary'),
(79, 31, 'primary'),
(80, 31, 'primary'),
(81, 31, 'primary'),
(82, 31, 'primary'),
(83, 31, 'primary'),
(84, 31, 'primary'),
(85, 31, 'primary'),
(86, 33, 'primary'),
(87, 33, 'primary'),
(88, 33, 'primary'),
(89, 33, 'primary'),
(90, 33, 'primary'),
(91, 33, 'primary'),
(92, 33, 'primary'),
(93, 37, 'primary'),
(94, 37, 'primary'),
(95, 37, 'primary'),
(96, 37, 'primary'),
(97, 37, 'primary'),
(98, 37, 'primary'),
(99, 38, 'primary'),
(100, 39, 'primary'),
(101, 39, 'primary'),
(102, 39, 'primary'),
(103, 39, 'primary'),
(104, 39, 'primary'),
(105, 39, 'primary'),
(106, 40, 'primary'),
(107, 40, 'primary'),
(108, 40, 'primary'),
(109, 40, 'primary'),
(110, 40, 'primary'),
(111, 40, 'primary'),
(112, 40, 'primary'),
(113, 40, 'primary'),
(114, 40, 'primary'),
(115, 40, 'primary'),
(116, 41, 'primary'),
(117, 41, 'primary'),
(118, 41, 'primary'),
(119, 41, 'primary'),
(120, 41, 'primary'),
(121, 41, 'primary'),
(122, 3, 'featured'),
(122, 41, 'primary'),
(123, 41, 'primary'),
(124, 42, 'primary'),
(125, 42, 'primary'),
(126, 42, 'primary'),
(127, 42, 'primary'),
(128, 42, 'primary'),
(129, 42, 'primary'),
(130, 42, 'primary'),
(131, 42, 'primary'),
(132, 42, 'primary'),
(133, 43, 'primary'),
(134, 43, 'primary'),
(135, 43, 'primary'),
(136, 43, 'primary'),
(137, 43, 'primary'),
(138, 43, 'primary'),
(139, 43, 'primary'),
(140, 43, 'primary'),
(141, 6, 'primary'),
(142, 7, 'primary'),
(143, 6, 'primary'),
(144, 44, 'primary'),
(145, 6, 'primary'),
(146, 45, 'primary'),
(147, 3, 'primary'),
(148, 6, 'primary'),
(149, 44, 'primary'),
(150, 6, 'primary'),
(151, 46, 'primary'),
(152, 46, 'primary'),
(153, 46, 'primary'),
(154, 46, 'primary'),
(155, 46, 'primary'),
(156, 46, 'primary'),
(157, 46, 'primary'),
(158, 47, 'primary'),
(159, 47, 'primary'),
(160, 47, 'primary'),
(161, 47, 'primary'),
(162, 48, 'primary'),
(163, 49, 'primary'),
(164, 50, 'primary'),
(165, 51, 'primary'),
(166, 52, 'primary'),
(167, 53, 'primary'),
(168, 54, 'primary'),
(168, 55, 'featured'),
(168, 56, 'featured'),
(168, 57, 'featured'),
(168, 58, 'featured'),
(169, 59, 'primary'),
(169, 60, 'featured'),
(170, 61, 'primary'),
(171, 62, 'primary'),
(172, 63, 'primary'),
(173, 64, 'primary'),
(174, 6, 'primary'),
(175, 65, 'primary'),
(175, 66, 'featured'),
(176, 67, 'primary'),
(176, 68, 'featured'),
(176, 69, 'featured'),
(177, 54, 'primary'),
(177, 70, 'featured'),
(177, 71, 'featured'),
(178, 56, 'featured'),
(178, 66, 'featured'),
(178, 72, 'primary'),
(178, 73, 'featured'),
(178, 74, 'featured'),
(179, 74, 'featured'),
(179, 75, 'primary'),
(179, 76, 'featured'),
(180, 7, 'primary'),
(181, 75, 'primary'),
(181, 77, 'featured'),
(181, 78, 'featured'),
(182, 79, 'primary'),
(183, 80, 'primary'),
(183, 81, 'featured'),
(183, 82, 'featured'),
(184, 6, 'primary'),
(185, 83, 'primary'),
(186, 56, 'featured'),
(186, 57, 'featured'),
(186, 78, 'featured'),
(186, 84, 'primary'),
(187, 6, 'primary'),
(188, 6, 'primary'),
(189, 6, 'primary'),
(190, 85, 'primary'),
(191, 54, 'featured'),
(191, 86, 'primary'),
(192, 87, 'primary'),
(193, 44, 'primary'),
(194, 88, 'primary'),
(194, 89, 'featured'),
(194, 90, 'featured'),
(195, 91, 'primary'),
(196, 92, 'primary'),
(196, 93, 'featured'),
(197, 7, 'primary'),
(198, 94, 'primary'),
(199, 95, 'primary'),
(200, 6, 'primary'),
(201, 6, 'primary'),
(202, 96, 'primary'),
(203, 97, 'primary'),
(204, 98, 'primary'),
(205, 7, 'primary'),
(206, 99, 'primary'),
(207, 100, 'primary'),
(208, 101, 'primary'),
(208, 102, 'featured'),
(209, 103, 'primary'),
(210, 6, 'primary'),
(211, 104, 'primary'),
(212, 105, 'primary'),
(213, 49, 'primary'),
(214, 106, 'primary'),
(215, 107, 'primary'),
(216, 108, 'primary'),
(217, 6, 'primary'),
(218, 109, 'primary'),
(219, 110, 'primary'),
(219, 111, 'featured'),
(220, 112, 'primary'),
(220, 113, 'featured'),
(220, 114, 'featured'),
(221, 115, 'primary'),
(221, 116, 'featured'),
(221, 117, 'featured'),
(221, 118, 'featured'),
(222, 56, 'featured'),
(222, 66, 'featured'),
(222, 84, 'primary'),
(223, 56, 'featured'),
(223, 57, 'featured'),
(223, 119, 'primary'),
(224, 120, 'primary'),
(225, 121, 'primary'),
(226, 122, 'primary'),
(227, 123, 'primary'),
(228, 6, 'primary'),
(229, 124, 'primary'),
(230, 125, 'primary'),
(231, 126, 'primary'),
(232, 127, 'primary'),
(233, 128, 'primary'),
(234, 129, 'primary'),
(235, 130, 'primary'),
(236, 131, 'primary'),
(237, 54, 'featured'),
(237, 75, 'primary'),
(238, 132, 'primary'),
(239, 133, 'primary'),
(240, 134, 'primary'),
(241, 89, 'featured'),
(241, 90, 'featured'),
(241, 116, 'primary'),
(242, 88, 'primary'),
(242, 89, 'featured'),
(242, 90, 'featured'),
(242, 135, 'featured'),
(243, 6, 'primary'),
(244, 6, 'primary'),
(245, 6, 'primary'),
(246, 123, 'primary'),
(247, 136, 'primary'),
(248, 137, 'primary'),
(249, 138, 'primary'),
(250, 44, 'primary'),
(251, 139, 'primary'),
(252, 6, 'primary'),
(253, 6, 'primary'),
(254, 44, 'primary'),
(255, 140, 'primary'),
(256, 44, 'primary'),
(257, 49, 'primary'),
(258, 141, 'primary'),
(259, 6, 'primary'),
(260, 70, 'featured'),
(260, 71, 'featured'),
(260, 142, 'primary'),
(261, 6, 'primary'),
(262, 6, 'primary'),
(263, 6, 'primary'),
(264, 6, 'primary'),
(265, 6, 'primary'),
(266, 6, 'primary'),
(267, 6, 'primary'),
(268, 143, 'primary'),
(269, 6, 'primary'),
(270, 6, 'primary'),
(271, 6, 'primary'),
(272, 49, 'primary'),
(273, 6, 'primary'),
(274, 144, 'primary'),
(275, 145, 'primary'),
(276, 146, 'primary'),
(276, 147, 'featured'),
(277, 49, 'primary'),
(278, 54, 'primary'),
(279, 148, 'primary'),
(280, 49, 'primary'),
(281, 44, 'primary'),
(282, 6, 'primary'),
(283, 148, 'primary'),
(284, 149, 'primary'),
(285, 150, 'primary'),
(286, 54, 'primary'),
(286, 56, 'featured'),
(286, 151, 'featured'),
(286, 152, 'featured'),
(287, 153, 'primary'),
(288, 6, 'primary'),
(288, 154, 'featured'),
(288, 155, 'featured'),
(289, 6, 'primary'),
(290, 156, 'primary'),
(291, 157, 'primary'),
(292, 140, 'primary'),
(293, 158, 'primary'),
(294, 125, 'primary'),
(295, 6, 'primary'),
(296, 159, 'primary'),
(297, 160, 'primary'),
(298, 161, 'primary'),
(299, 136, 'primary'),
(300, 127, 'primary'),
(301, 127, 'primary'),
(302, 127, 'primary'),
(303, 6, 'primary'),
(304, 6, 'primary'),
(305, 6, 'primary'),
(306, 6, 'primary'),
(307, 6, 'primary'),
(308, 6, 'primary'),
(309, 141, 'primary'),
(310, 141, 'primary'),
(311, 160, 'primary'),
(312, 6, 'primary'),
(313, 6, 'primary'),
(314, 6, 'primary'),
(315, 6, 'primary'),
(316, 6, 'primary'),
(317, 6, 'primary'),
(318, 6, 'primary'),
(319, 162, 'primary'),
(320, 6, 'primary'),
(321, 6, 'primary'),
(322, 163, 'primary'),
(323, 164, 'primary'),
(324, 6, 'primary'),
(325, 6, 'primary'),
(326, 165, 'primary'),
(327, 7, 'primary'),
(328, 6, 'primary'),
(329, 2, 'primary'),
(330, 6, 'primary'),
(331, 6, 'primary'),
(332, 6, 'primary'),
(333, 164, 'primary'),
(334, 125, 'primary'),
(335, 6, 'primary'),
(336, 166, 'primary'),
(337, 167, 'primary'),
(338, 168, 'primary'),
(339, 169, 'primary'),
(340, 6, 'primary'),
(341, 44, 'primary'),
(342, 149, 'primary'),
(343, 170, 'primary'),
(344, 6, 'primary'),
(345, 44, 'primary'),
(346, 44, 'primary'),
(347, 158, 'primary'),
(348, 160, 'primary'),
(349, 171, 'primary'),
(350, 160, 'primary'),
(351, 49, 'primary'),
(352, 6, 'primary'),
(353, 141, 'primary'),
(354, 141, 'primary'),
(355, 49, 'primary'),
(356, 172, 'primary'),
(357, 44, 'primary'),
(358, 6, 'primary'),
(359, 49, 'primary'),
(360, 125, 'primary'),
(361, 125, 'primary'),
(362, 125, 'primary'),
(363, 6, 'primary'),
(364, 6, 'primary'),
(365, 49, 'primary'),
(366, 141, 'primary'),
(367, 49, 'primary'),
(368, 6, 'primary'),
(369, 158, 'primary'),
(370, 3, 'featured'),
(370, 173, 'primary'),
(371, 66, 'featured'),
(371, 84, 'primary'),
(371, 174, 'featured'),
(372, 49, 'primary'),
(373, 164, 'primary'),
(374, 6, 'primary'),
(375, 6, 'primary'),
(376, 140, 'primary'),
(377, 6, 'primary'),
(378, 164, 'primary'),
(379, 6, 'primary'),
(380, 6, 'primary'),
(381, 7, 'primary'),
(382, 175, 'primary'),
(383, 111, 'primary'),
(383, 176, 'featured'),
(383, 177, 'featured'),
(384, 178, 'primary'),
(385, 16, 'primary'),
(386, 6, 'primary'),
(387, 94, 'primary'),
(388, 6, 'primary'),
(389, 67, 'primary'),
(389, 179, 'featured'),
(390, 180, 'primary'),
(391, 16, 'primary'),
(392, 17, 'primary'),
(392, 28, 'featured'),
(392, 154, 'featured'),
(393, 17, 'primary'),
(393, 28, 'featured'),
(393, 154, 'featured'),
(394, 17, 'primary'),
(394, 28, 'featured'),
(394, 154, 'featured'),
(395, 18, 'primary'),
(396, 127, 'primary'),
(397, 127, 'primary'),
(398, 181, 'primary'),
(399, 182, 'primary'),
(400, 183, 'primary'),
(401, 184, 'primary'),
(402, 185, 'primary'),
(403, 186, 'primary'),
(404, 187, 'primary'),
(405, 188, 'primary'),
(406, 189, 'primary'),
(407, 190, 'primary'),
(408, 164, 'primary'),
(409, 191, 'primary'),
(410, 191, 'primary'),
(411, 192, 'primary'),
(412, 30, 'primary'),
(413, 141, 'primary'),
(414, 193, 'primary'),
(415, 141, 'primary'),
(416, 125, 'primary'),
(417, 125, 'primary'),
(418, 44, 'primary'),
(419, 44, 'primary'),
(420, 194, 'primary'),
(421, 141, 'primary'),
(422, 6, 'primary'),
(423, 6, 'primary'),
(424, 6, 'primary'),
(425, 6, 'primary'),
(426, 44, 'primary'),
(427, 160, 'primary'),
(428, 6, 'primary'),
(429, 44, 'primary'),
(430, 44, 'primary'),
(431, 6, 'primary'),
(432, 49, 'primary'),
(433, 6, 'primary'),
(434, 6, 'primary'),
(435, 6, 'primary'),
(436, 195, 'primary'),
(437, 6, 'primary'),
(438, 160, 'primary'),
(441, 198, 'primary'),
(445, 202, 'primary'),
(461, 7, 'primary'),
(463, 218, 'primary'),
(464, 219, 'primary'),
(465, 164, 'primary'),
(466, 49, 'primary'),
(467, 119, 'primary'),
(468, 158, 'primary'),
(469, 217, 'primary'),
(470, 49, 'primary'),
(471, 158, 'primary'),
(472, 164, 'primary'),
(473, 49, 'primary'),
(474, 6, 'primary'),
(475, 176, 'featured'),
(475, 220, 'primary'),
(475, 221, 'featured'),
(476, 44, 'primary'),
(477, 222, 'primary'),
(477, 223, 'featured'),
(477, 224, 'featured'),
(478, 75, 'primary'),
(478, 77, 'featured'),
(478, 225, 'featured'),
(479, 141, 'primary'),
(480, 141, 'primary'),
(481, 6, 'primary'),
(482, 194, 'primary'),
(483, 194, 'primary'),
(484, 45, 'primary'),
(485, 226, 'primary'),
(486, 6, 'primary'),
(487, 3, 'primary'),
(488, 227, 'primary'),
(489, 228, 'primary'),
(490, 229, 'primary'),
(491, 229, 'primary'),
(492, 230, 'primary'),
(493, 32, 'primary'),
(494, 231, 'primary'),
(495, 232, 'primary'),
(496, 233, 'primary'),
(497, 234, 'primary'),
(498, 235, 'primary'),
(499, 236, 'primary'),
(500, 237, 'primary'),
(501, 238, 'primary'),
(502, 239, 'primary'),
(502, 240, 'featured'),
(503, 229, 'primary'),
(503, 241, 'featured'),
(503, 242, 'featured'),
(504, 243, 'primary'),
(505, 217, 'primary'),
(506, 244, 'primary'),
(507, 245, 'primary'),
(508, 190, 'primary'),
(509, 236, 'primary'),
(510, 246, 'primary'),
(511, 247, 'primary'),
(512, 248, 'primary'),
(513, 227, 'primary'),
(514, 249, 'primary'),
(515, 217, 'primary'),
(516, 250, 'primary'),
(517, 251, 'primary'),
(518, 252, 'primary'),
(519, 253, 'primary'),
(519, 254, 'featured'),
(520, 255, 'primary'),
(521, 256, 'primary'),
(522, 257, 'primary'),
(523, 248, 'primary'),
(524, 258, 'primary'),
(525, 259, 'primary'),
(526, 229, 'primary'),
(527, 260, 'primary'),
(528, 261, 'primary'),
(529, 164, 'primary'),
(530, 262, 'primary'),
(531, 263, 'primary'),
(532, 264, 'primary'),
(533, 265, 'primary'),
(534, 266, 'primary'),
(535, 251, 'primary'),
(536, 267, 'primary'),
(537, 268, 'primary'),
(538, 248, 'primary'),
(539, 269, 'primary'),
(540, 266, 'primary'),
(541, 270, 'primary'),
(542, 271, 'primary'),
(543, 272, 'primary'),
(544, 262, 'primary'),
(545, 273, 'primary'),
(546, 274, 'primary'),
(547, 275, 'primary'),
(548, 239, 'primary'),
(548, 240, 'featured'),
(549, 276, 'primary'),
(550, 277, 'primary'),
(551, 278, 'primary'),
(551, 279, 'featured'),
(552, 280, 'primary'),
(553, 281, 'primary'),
(554, 246, 'primary'),
(555, 282, 'primary'),
(556, 283, 'primary'),
(557, 284, 'primary'),
(558, 285, 'primary'),
(559, 286, 'primary'),
(560, 287, 'primary'),
(561, 288, 'primary'),
(562, 289, 'primary'),
(563, 244, 'primary'),
(564, 290, 'primary'),
(565, 290, 'primary'),
(566, 290, 'primary');

-- --------------------------------------------------------

--
-- Table structure for table `song_genres`
--

CREATE TABLE `song_genres` (
  `song_id` int(11) NOT NULL,
  `genre_id` int(11) NOT NULL
) ENGINE=InnoDB DEFAULT CHARSET=utf8mb4 COLLATE=utf8mb4_unicode_ci;

--
-- Dumping data for table `song_genres`
--

INSERT INTO `song_genres` (`song_id`, `genre_id`) VALUES
(2, 2),
(3, 2),
(4, 2),
(5, 2),
(6, 2),
(7, 2),
(8, 2),
(9, 2),
(10, 2),
(11, 2),
(12, 2),
(13, 2),
(14, 2),
(15, 2),
(16, 2),
(17, 2),
(18, 2),
(19, 2),
(20, 2),
(21, 2),
(22, 2),
(23, 2),
(24, 2),
(25, 2),
(26, 2),
(27, 2),
(28, 2),
(29, 2),
(30, 2),
(31, 2),
(32, 2),
(33, 2),
(34, 2),
(35, 2),
(36, 2),
(37, 2),
(38, 2),
(39, 2),
(40, 2),
(41, 2),
(42, 2),
(43, 2),
(44, 2),
(45, 2),
(46, 2),
(47, 2),
(48, 2),
(49, 2),
(50, 2),
(51, 2),
(52, 2),
(53, 2),
(54, 2),
(55, 2),
(56, 2),
(57, 2),
(58, 2),
(59, 2),
(60, 2),
(61, 2),
(62, 2),
(63, 2),
(64, 2),
(65, 2),
(66, 2),
(67, 2),
(68, 2),
(69, 2),
(70, 2),
(71, 2),
(72, 2),
(73, 2),
(74, 2),
(75, 2),
(76, 2),
(77, 2),
(78, 2),
(79, 2),
(80, 2),
(81, 2),
(82, 2),
(83, 2),
(84, 2),
(85, 2),
(86, 2),
(87, 2),
(88, 2),
(89, 2),
(90, 2),
(91, 2),
(92, 2),
(93, 2),
(94, 2),
(95, 2),
(96, 2),
(97, 2),
(98, 2),
(99, 2),
(100, 2),
(101, 2),
(102, 2),
(103, 2),
(104, 2),
(105, 2),
(106, 2),
(107, 2),
(108, 2),
(109, 2),
(110, 2),
(111, 2),
(112, 2),
(113, 2),
(114, 2),
(115, 2),
(116, 2),
(117, 2),
(118, 2),
(119, 2),
(120, 2),
(121, 2),
(122, 2),
(123, 2),
(124, 2),
(125, 2),
(126, 2),
(127, 2),
(128, 2),
(129, 2),
(130, 2),
(131, 2),
(132, 2),
(133, 2),
(134, 2),
(135, 2),
(136, 2),
(137, 2),
(138, 2),
(139, 2),
(140, 2),
(141, 2),
(142, 2),
(143, 2),
(144, 2),
(145, 2),
(146, 2),
(147, 2),
(148, 2),
(149, 2),
(150, 2),
(151, 2),
(152, 2),
(153, 2),
(154, 2),
(155, 2),
(156, 2),
(157, 2),
(158, 2),
(159, 2),
(160, 2),
(161, 2),
(162, 2),
(163, 2),
(164, 2),
(165, 2),
(166, 2),
(167, 2),
(168, 2),
(169, 2),
(170, 2),
(171, 2),
(172, 2),
(173, 2),
(174, 2),
(175, 2),
(176, 2),
(177, 2),
(178, 2),
(179, 2),
(180, 2),
(181, 2),
(182, 2),
(183, 2),
(184, 2),
(185, 2),
(186, 2),
(187, 2),
(188, 2),
(189, 2),
(190, 2),
(191, 2),
(192, 2),
(193, 2),
(194, 2),
(195, 2),
(196, 2),
(197, 2),
(198, 2),
(199, 2),
(200, 2),
(201, 2),
(202, 2),
(203, 2),
(204, 2),
(205, 2),
(206, 2),
(207, 2),
(208, 2),
(209, 2),
(210, 2),
(211, 2),
(212, 2),
(213, 2),
(214, 2),
(215, 2),
(216, 2),
(217, 2),
(218, 2),
(219, 2),
(220, 2),
(221, 2),
(222, 2),
(223, 2),
(224, 2),
(225, 2),
(226, 2),
(227, 2),
(228, 2),
(229, 2),
(230, 2),
(231, 2),
(232, 2),
(233, 2),
(234, 2),
(235, 2),
(236, 2),
(237, 2),
(238, 2),
(239, 2),
(240, 2),
(241, 2),
(242, 2),
(243, 2),
(244, 2),
(245, 2),
(246, 2),
(247, 2),
(248, 2),
(249, 2),
(250, 2),
(251, 2),
(252, 2),
(253, 2),
(254, 2),
(255, 2),
(256, 2),
(257, 2),
(258, 2),
(259, 2),
(260, 2),
(261, 2),
(262, 2),
(263, 2),
(264, 2),
(265, 2),
(266, 2),
(267, 2),
(268, 2),
(269, 2),
(270, 2),
(271, 2),
(272, 2),
(273, 2),
(274, 2),
(275, 2),
(276, 2),
(277, 2),
(278, 2),
(279, 2),
(280, 2),
(281, 2),
(282, 2),
(283, 2),
(284, 2),
(285, 2),
(286, 2),
(287, 2),
(288, 2),
(289, 2),
(290, 2),
(291, 2),
(292, 2),
(293, 2),
(294, 2),
(295, 2),
(296, 2),
(297, 2),
(298, 2),
(299, 2),
(300, 2),
(301, 2),
(302, 2),
(303, 2),
(304, 2),
(305, 2),
(306, 2),
(307, 2),
(308, 2),
(309, 2),
(310, 2),
(311, 2),
(312, 2),
(313, 2),
(314, 2),
(315, 2),
(316, 2),
(317, 2),
(318, 2),
(319, 2),
(320, 2),
(321, 2),
(322, 2),
(323, 2),
(324, 2),
(325, 2),
(326, 2),
(327, 2),
(328, 2),
(329, 2),
(330, 2),
(331, 2),
(332, 2),
(333, 2),
(334, 2),
(335, 2),
(336, 2),
(337, 2),
(338, 2),
(339, 2),
(340, 2),
(341, 2),
(342, 2),
(343, 2),
(344, 2),
(345, 2),
(346, 2),
(347, 2),
(348, 2),
(349, 2),
(350, 2),
(351, 2),
(352, 2),
(353, 2),
(354, 2),
(355, 2),
(356, 2),
(357, 2),
(358, 2),
(359, 2),
(360, 2),
(361, 2),
(362, 2),
(363, 2),
(364, 2),
(365, 2),
(366, 2),
(367, 2),
(368, 2),
(369, 2),
(370, 2),
(371, 2),
(372, 2),
(373, 2),
(374, 2),
(375, 2),
(376, 2),
(377, 2),
(378, 2),
(379, 2),
(380, 2),
(381, 2),
(382, 2),
(383, 2),
(384, 2),
(385, 2),
(386, 2),
(387, 2),
(388, 2),
(389, 2),
(390, 2),
(391, 2),
(392, 2),
(393, 2),
(394, 2),
(395, 2),
(396, 2),
(397, 2),
(398, 2),
(399, 2),
(400, 2),
(401, 2),
(402, 2),
(403, 2),
(404, 2),
(405, 2),
(406, 2),
(407, 2),
(408, 2),
(409, 2),
(410, 2),
(411, 2),
(412, 2),
(413, 2),
(414, 2),
(415, 2),
(416, 2),
(417, 2),
(418, 2),
(419, 2),
(420, 2),
(421, 2),
(422, 2),
(423, 2),
(424, 2),
(425, 2),
(426, 2),
(427, 2),
(428, 2),
(429, 2),
(430, 2),
(431, 2),
(432, 2),
(433, 2),
(434, 2),
(435, 2),
(436, 2),
(437, 2),
(438, 2),
(441, 2),
(445, 2),
(461, 2),
(463, 2),
(464, 2),
(465, 2),
(466, 2),
(467, 2),
(468, 2),
(469, 2),
(470, 2),
(471, 2),
(472, 2),
(473, 2),
(474, 2),
(475, 2),
(476, 2),
(477, 2),
(478, 2),
(479, 2),
(480, 2),
(481, 2),
(482, 2),
(483, 2),
(484, 2),
(485, 2),
(486, 2),
(487, 2),
(488, 2),
(489, 2),
(490, 2),
(491, 2),
(492, 2),
(493, 2),
(494, 2),
(495, 2),
(496, 2),
(497, 2),
(498, 2),
(499, 2),
(500, 2),
(501, 2),
(502, 2),
(503, 2),
(504, 2),
(505, 2),
(506, 2),
(507, 2),
(508, 2),
(509, 2),
(510, 2),
(511, 2),
(512, 2),
(513, 2),
(514, 2),
(515, 2),
(516, 2),
(517, 2),
(518, 2),
(519, 2),
(520, 2),
(521, 2),
(522, 2),
(523, 2),
(524, 2),
(525, 2),
(526, 2),
(527, 2),
(528, 2),
(529, 2),
(530, 2),
(531, 2),
(532, 2),
(533, 2),
(534, 2),
(535, 2),
(536, 2),
(537, 2),
(538, 2),
(539, 2),
(540, 2),
(541, 2),
(542, 2),
(543, 2),
(544, 2),
(545, 2),
(546, 2),
(547, 2),
(548, 2),
(549, 2),
(550, 2),
(551, 2),
(552, 2),
(553, 2),
(554, 2),
(555, 2),
(556, 2),
(557, 2),
(558, 2),
(559, 2),
(560, 2),
(561, 2),
(562, 2),
(563, 2),
(564, 2),
(565, 2),
(566, 2);

--
-- Indexes for dumped tables
--

--
-- Indexes for table `albums`
--
ALTER TABLE `albums`
  ADD PRIMARY KEY (`id`),
  ADD KEY `artist_id` (`artist_id`);

--
-- Indexes for table `artists`
--
ALTER TABLE `artists`
  ADD PRIMARY KEY (`id`),
  ADD UNIQUE KEY `slug` (`slug`),
  ADD KEY `region_id` (`region_id`);

--
-- Indexes for table `eras`
--
ALTER TABLE `eras`
  ADD PRIMARY KEY (`id`);

--
-- Indexes for table `genres`
--
ALTER TABLE `genres`
  ADD PRIMARY KEY (`id`),
  ADD UNIQUE KEY `name` (`name`);

--
-- Indexes for table `languages`
--
ALTER TABLE `languages`
  ADD PRIMARY KEY (`id`),
  ADD UNIQUE KEY `name` (`name`),
  ADD UNIQUE KEY `code` (`code`);

--
-- Indexes for table `regions`
--
ALTER TABLE `regions`
  ADD PRIMARY KEY (`id`),
  ADD UNIQUE KEY `name` (`name`);

--
-- Indexes for table `songs`
--
ALTER TABLE `songs`
  ADD PRIMARY KEY (`id`),
  ADD UNIQUE KEY `audio_hash` (`audio_hash`),
  ADD KEY `album_id` (`album_id`),
  ADD KEY `language_id` (`language_id`),
  ADD KEY `era_id` (`era_id`);

--
-- Indexes for table `song_artists`
--
ALTER TABLE `song_artists`
  ADD PRIMARY KEY (`song_id`,`artist_id`),
  ADD KEY `artist_id` (`artist_id`);

--
-- Indexes for table `song_genres`
--
ALTER TABLE `song_genres`
  ADD PRIMARY KEY (`song_id`,`genre_id`),
  ADD KEY `genre_id` (`genre_id`);

--
-- AUTO_INCREMENT for dumped tables
--

--
-- AUTO_INCREMENT for table `albums`
--
ALTER TABLE `albums`
  MODIFY `id` int(11) NOT NULL AUTO_INCREMENT, AUTO_INCREMENT=37;

--
-- AUTO_INCREMENT for table `artists`
--
ALTER TABLE `artists`
  MODIFY `id` int(11) NOT NULL AUTO_INCREMENT, AUTO_INCREMENT=291;

--
-- AUTO_INCREMENT for table `eras`
--
ALTER TABLE `eras`
  MODIFY `id` int(11) NOT NULL AUTO_INCREMENT, AUTO_INCREMENT=8;

--
-- AUTO_INCREMENT for table `genres`
--
ALTER TABLE `genres`
  MODIFY `id` int(11) NOT NULL AUTO_INCREMENT, AUTO_INCREMENT=3;

--
-- AUTO_INCREMENT for table `languages`
--
ALTER TABLE `languages`
  MODIFY `id` int(11) NOT NULL AUTO_INCREMENT, AUTO_INCREMENT=3;

--
-- AUTO_INCREMENT for table `regions`
--
ALTER TABLE `regions`
  MODIFY `id` int(11) NOT NULL AUTO_INCREMENT, AUTO_INCREMENT=3;

--
-- AUTO_INCREMENT for table `songs`
--
ALTER TABLE `songs`
  MODIFY `id` int(11) NOT NULL AUTO_INCREMENT, AUTO_INCREMENT=567;

--
-- Constraints for dumped tables
--

--
-- Constraints for table `albums`
--
ALTER TABLE `albums`
  ADD CONSTRAINT `albums_ibfk_1` FOREIGN KEY (`artist_id`) REFERENCES `artists` (`id`);

--
-- Constraints for table `artists`
--
ALTER TABLE `artists`
  ADD CONSTRAINT `artists_ibfk_1` FOREIGN KEY (`region_id`) REFERENCES `regions` (`id`);

--
-- Constraints for table `songs`
--
ALTER TABLE `songs`
  ADD CONSTRAINT `songs_ibfk_1` FOREIGN KEY (`album_id`) REFERENCES `albums` (`id`),
  ADD CONSTRAINT `songs_ibfk_2` FOREIGN KEY (`language_id`) REFERENCES `languages` (`id`),
  ADD CONSTRAINT `songs_ibfk_3` FOREIGN KEY (`era_id`) REFERENCES `eras` (`id`);

--
-- Constraints for table `song_artists`
--
ALTER TABLE `song_artists`
  ADD CONSTRAINT `song_artists_ibfk_1` FOREIGN KEY (`song_id`) REFERENCES `songs` (`id`),
  ADD CONSTRAINT `song_artists_ibfk_2` FOREIGN KEY (`artist_id`) REFERENCES `artists` (`id`);

--
-- Constraints for table `song_genres`
--
ALTER TABLE `song_genres`
  ADD CONSTRAINT `song_genres_ibfk_1` FOREIGN KEY (`song_id`) REFERENCES `songs` (`id`),
  ADD CONSTRAINT `song_genres_ibfk_2` FOREIGN KEY (`genre_id`) REFERENCES `genres` (`id`);
COMMIT;

/*!40101 SET CHARACTER_SET_CLIENT=@OLD_CHARACTER_SET_CLIENT */;
/*!40101 SET CHARACTER_SET_RESULTS=@OLD_CHARACTER_SET_RESULTS */;
/*!40101 SET COLLATION_CONNECTION=@OLD_COLLATION_CONNECTION */;
